preferredName_A,preferredName_B,score,Experimental System,Experimental System Type
TRIM2,HMGCR,700.0,Proximity Label-MS,physical
PCDHGC4,HMGCR,700.0,Affinity Capture-MS,physical
KIF20A,HMGCR,700.0,Affinity Capture-MS,physical
TCEB2,HMGCR,700.0,Affinity Capture-MS,physical
CLUAP1,HMGCR,700.0,Affinity Capture-MS,physical
UNC93B1,HMGCR,700.0,Affinity Capture-MS,physical
SLC15A3,HMGCR,700.0,Affinity Capture-MS,physical
DNA2,HMGCR,700.0,Affinity Capture-MS,physical
KCNS3,HMGCR,700.0,Affinity Capture-MS,physical
CD209,HMGCR,700.0,Affinity Capture-MS,physical
PTGIR,HMGCR,700.0,Affinity Capture-MS,physical
GPR114,HMGCR,700.0,Affinity Capture-MS,physical
GABRA6,HMGCR,700.0,Affinity Capture-MS,physical
HMGCR,UBIAD1,700.0,Affinity Capture-Western,physical
UBIAD1,HMGCR,700.0,Affinity Capture-Western,physical
TCTN3,HMGCR,700.0,Proximity Label-MS,physical
RPN1,HMGCR,700.0,Proximity Label-MS,physical
AMFR,HMGCR,700.0,Affinity Capture-MS,physical
MARCH3,HMGCR,700.0,Affinity Capture-MS,physical
RPN2,HMGCR,700.0,Proximity Label-MS,physical
OCIAD1,HMGCR,700.0,Affinity Capture-MS,physical
PTCHD3,HMGCR,700.0,Affinity Capture-MS,physical
SORCS2,HMGCR,700.0,Affinity Capture-MS,physical
SEC62,HMGCR,700.0,Proximity Label-MS,physical
SEC61B,HMGCR,700.0,Proximity Label-MS,physical
MARCH4,HMGCR,700.0,Affinity Capture-MS,physical
LAMP1,HMGCR,700.0,Proximity Label-MS,physical
GJD3,HMGCR,700.0,Proximity Label-MS,physical
CKAP4,HMGCR,700.0,Proximity Label-MS,physical
ATP2A1,HMGCR,700.0,Proximity Label-MS,physical
ZNRF4,HMGCR,700.0,Affinity Capture-MS,physical
RNF148,HMGCR,700.0,Affinity Capture-MS,physical
UNK,HMGCR,700.0,Affinity Capture-RNA,physical
CHRNA9,HMGCR,700.0,Affinity Capture-MS,physical
HEPACAM2,HMGCR,700.0,Affinity Capture-MS,physical
HMGCR,AMFR,700.0,Affinity Capture-Western,physical
HMGCR,INSIG1,700.0,Affinity Capture-Western,physical
HMGCR,AUP1,700.0,Affinity Capture-Western,physical
DCUN1D1,HMGCR,700.0,Affinity Capture-MS,physical
ERLIN2,HMGCR,700.0,Affinity Capture-Western,physical
RNF139,HMGCR,700.0,Affinity Capture-Western,physical
HMGCR,VCP,700.0,Affinity Capture-Western,physical
HMGCR,ERLIN2,700.0,Affinity Capture-Western,physical
INSIG2,HMGCR,700.0,Affinity Capture-Western,physical
HMGCR,UBC,700.0,Affinity Capture-Western,physical
INSIG1,HMGCR,700.0,Affinity Capture-Western,physical
STARD13,HMGCR,700.0,Two-hybrid,physical
FAF2,HMGCR,700.0,Affinity Capture-MS,physical
KCNK16,HMGCR,700.0,Affinity Capture-MS,physical
LPAR1,HMGCR,700.0,Affinity Capture-MS,physical
FAM189A2,HMGCR,700.0,Affinity Capture-MS,physical
BTN2A1,HMGCR,700.0,Affinity Capture-MS,physical
B3GAT3,HMGCR,700.0,Affinity Capture-MS,physical
TMEM30A,HMGCR,700.0,Affinity Capture-MS,physical
ATP1B3,HMGCR,700.0,Affinity Capture-MS,physical
SRPRB,HMGCR,700.0,Affinity Capture-MS,physical
SPINT2,HMGCR,700.0,Affinity Capture-MS,physical
RIC3,HMGCR,700.0,Affinity Capture-MS,physical
SYVN1,HMGCR,700.0,Affinity Capture-MS,physical
ADCY9,HMGCR,700.0,Affinity Capture-MS,physical
AVPR2,HMGCR,700.0,Affinity Capture-MS,physical
CANX,HMGCR,700.0,Affinity Capture-MS,physical
PSMA4,HMGCR,700.0,Proximity Label-MS,physical
C9orf72,HMGCR,700.0,Affinity Capture-MS,physical
HUWE1,HMGCR,700.0,Affinity Capture-MS,physical
HMGCR,DNM2,700.0,Cross-Linking-MS (XL-MS),physical
SIAH1,HMGCR,700.0,Affinity Capture-Western,physical
TGOLN2,HMGCR,700.0,Proximity Label-MS,physical
TRIM67,HMGCR,700.0,Affinity Capture-MS,physical
TMUB1,HMGCR,700.0,Protein-peptide,physical
TMPRSS11B,HMGCR,700.0,Proximity Label-MS,physical
TMEM180,HMGCR,700.0,Affinity Capture-MS,physical
P2RY8,HMGCR,700.0,Affinity Capture-MS,physical
CCDC107,HMGCR,700.0,Affinity Capture-MS,physical
VIPR1,HMGCR,700.0,Affinity Capture-MS,physical
EVA1B,HMGCR,700.0,Affinity Capture-MS,physical
CYP2C18,HMGCR,700.0,Affinity Capture-MS,physical
CYP19A1,HMGCR,700.0,Affinity Capture-MS,physical
INSRR,HMGCR,700.0,Affinity Capture-MS,physical
VIPR2,HMGCR,700.0,Affinity Capture-MS,physical
PIGH,HMGCR,700.0,Affinity Capture-MS,physical
PSMD3,HMGCR,700.0,Proximity Label-MS,physical
MFSD5,HMGCR,700.0,Affinity Capture-MS,physical
PCDHB3,HMGCR,700.0,Affinity Capture-MS,physical
SLC35F3,HMGCR,700.0,Affinity Capture-MS,physical
TMEM173,HMGCR,700.0,Proximity Label-MS,physical
TMEM241,HMGCR,700.0,Affinity Capture-MS,physical
SLC7A8,HMGCR,700.0,Affinity Capture-MS,physical
SLC6A12,HMGCR,700.0,Affinity Capture-MS,physical
SLC4A9,HMGCR,700.0,Affinity Capture-MS,physical
SLC4A7,HMGCR,700.0,Affinity Capture-MS,physical
SLC35G1,HMGCR,700.0,Affinity Capture-MS,physical
SLC35F2,HMGCR,700.0,Affinity Capture-MS,physical
SLC35F1,HMGCR,700.0,Affinity Capture-MS,physical
SLC35A4,HMGCR,700.0,Affinity Capture-MS,physical
SLC30A7,HMGCR,700.0,Affinity Capture-MS,physical
SLC2A7,HMGCR,700.0,Affinity Capture-MS,physical
SLC22A9,HMGCR,700.0,Affinity Capture-MS,physical
SLC22A4,HMGCR,700.0,Affinity Capture-MS,physical
SLC1A6,HMGCR,700.0,Affinity Capture-MS,physical
SLC16A8,HMGCR,700.0,Affinity Capture-MS,physical
SLC16A3,HMGCR,700.0,Affinity Capture-MS,physical
P2RY2,HMGCR,700.0,Affinity Capture-MS,physical
SLC19A2,HMGCR,700.0,Affinity Capture-MS,physical
LPAR2,HMGCR,700.0,Affinity Capture-MS,physical
C9orf91,HMGCR,700.0,Affinity Capture-MS,physical
CLGN,HMGCR,700.0,Affinity Capture-MS,physical
C3orf18,HMGCR,700.0,Affinity Capture-MS,physical
SCAP,HMGCR,700.0,Affinity Capture-MS,physical
ACVR1C,HMGCR,700.0,Affinity Capture-MS,physical
CHRND,HMGCR,700.0,Affinity Capture-MS,physical
SLC24A3,HMGCR,700.0,Affinity Capture-MS,physical
OR13J1,HMGCR,700.0,Affinity Capture-MS,physical
CCR6,HMGCR,700.0,Affinity Capture-MS,physical
C3orf52,HMGCR,700.0,Affinity Capture-MS,physical
IL17RA,HMGCR,700.0,Affinity Capture-MS,physical
BTNL3,HMGCR,700.0,Affinity Capture-MS,physical
DGCR2,HMGCR,700.0,Affinity Capture-MS,physical
GPR17,HMGCR,700.0,Affinity Capture-MS,physical
HMGCR,SLC39A3,700.0,Positive Genetic,genetic
LDLR,HMGCR,700.0,Negative Genetic,genetic
ARFGAP2,HMGCR,700.0,Negative Genetic,genetic
KRAS,HMGCR,700.0,Synthetic Lethality,genetic
HMGCR,SLC39A7,700.0,Positive Genetic,genetic
DCAF7,HMGCR,700.0,Positive Genetic,genetic
EP300,HMGCR,700.0,Negative Genetic,genetic
HMGCR,RICTOR,700.0,Positive Genetic,genetic
HMGCR,NPRL3,700.0,Negative Genetic,genetic
HMGCR,TRAPPC13,700.0,Negative Genetic,genetic
HMGCR,TRAPPC12,700.0,Negative Genetic,genetic
ARL5B,HMGCR,700.0,Positive Genetic,genetic
HMGCR,PLA2G4C,700.0,Positive Genetic,genetic
HMGCR,PRKAA1,700.0,Negative Genetic,genetic
HMGCR,TST,700.0,Negative Genetic,genetic
HMGCR,PFKFB1,700.0,Negative Genetic,genetic
AKT2,HMGCR,700.0,Negative Genetic,genetic
ALAD,HMGCR,700.0,Negative Genetic,genetic
HMGCR,TCF3,700.0,Negative Genetic,genetic
CHRAC1,HMGCR,700.0,Negative Genetic,genetic
ARIH2,HMGCR,700.0,Negative Genetic,genetic
HMGCR,MOGS,700.0,Negative Genetic,genetic
CUL4A,HMGCR,700.0,Negative Genetic,genetic
HMGCR,SEC23B,700.0,Negative Genetic,genetic
HMGCR,RAB1A,700.0,Negative Genetic,genetic
HMGCR,KHSRP,700.0,Negative Genetic,genetic
HMGCR,RAB1B,700.0,Negative Genetic,genetic
HMGCR,IGF2BP1,700.0,Negative Genetic,genetic
HMGCR,IGF1R,700.0,Positive Genetic,genetic
HMGCR,RABGEF1,700.0,Negative Genetic,genetic
HMGCR,VPS51,700.0,Positive Genetic,genetic
CTBP1,HMGCR,700.0,Negative Genetic,genetic
HMGCR,TBL1XR1,700.0,Positive Genetic,genetic
HMGCR,TRAPPC5,700.0,Positive Genetic,genetic
PPARD,MTOR,0.418,functional_association,functional
PPARD,HMGCS2,0.418,functional_association,functional
PPARD,GCG,0.459,functional_association,functional
PPARD,ACSL1,0.416,functional_association,functional
PPARD,BACE1,0.415,functional_association,functional
PPARD,CASP3,0.407,functional_association,functional
PPARD,AGT,0.42,functional_association,functional
PPARD,ACACA,0.445,functional_association,functional
PPARD,ABCG1,0.42,functional_association,functional
PPARD,ACSL4,0.421,functional_association,functional
PPARD,GSK3B,0.439,functional_association,functional
PPARD,SREBF2,0.451,functional_association,functional
PPARD,RHOA,0.479,functional_association,functional
PPARD,DGAT1,0.474,functional_association,functional
PPARD,ACSL3,0.4,functional_association,functional
PPARD,ACACB,0.403,functional_association,functional
COQ2,FDPS,0.716,functional_association,functional
COQ2,PDSS1,0.998,functional_association,functional
COQ2,KMO,0.768,functional_association,functional
COQ2,NDUFAF6,0.557,functional_association,functional
COQ2,FBXO40,0.605,functional_association,functional
PPARD,ACTB,0.483,functional_association,functional
COQ2,RUSC1,0.608,functional_association,functional
COQ2,FDFT1,0.637,functional_association,functional
COQ2,LSS,0.756,functional_association,functional
COQ2,HAO2,0.833,functional_association,functional
COQ2,PDSS2,0.997,functional_association,functional
COQ2,HAO1,0.833,functional_association,functional
COQ2,NUS1,0.879,functional_association,functional
COQ2,DHDDS,0.881,functional_association,functional
COQ2,IDI1,0.897,functional_association,functional
COQ2,UBIAD1,0.936,functional_association,functional
COQ2,COQ6,0.98,functional_association,functional
PPARD,GAPDH,0.482,functional_association,functional
PPARD,CD36,0.787,functional_association,functional
PPARD,MLXIPL,0.488,functional_association,functional
PPARD,NCOA1,0.882,functional_association,functional
PPARD,ACOX3,0.715,functional_association,functional
PPARD,INS,0.715,functional_association,functional
PPARD,NCOA2,0.724,functional_association,functional
PPARD,SLC2A4,0.739,functional_association,functional
PPARD,UCP2,0.743,functional_association,functional
PPARD,XPR1,0.748,functional_association,functional
PPARD,PPARA,0.887,functional_association,functional
PPARD,ABCA1,0.678,functional_association,functional
PPARD,RXRA,0.995,functional_association,functional
CASP3,SLC2A4,0.433,functional_association,functional
CASP3,NFYC,0.433,functional_association,functional
CASP3,CYP1A1,0.446,functional_association,functional
COQ2,TRIT1,0.471,functional_association,functional
CASP3,FOXM1,0.457,functional_association,functional
PPARD,LEP,0.711,functional_association,functional
PPARD,PTGS2,0.661,functional_association,functional
PPARD,FOXO1,0.496,functional_association,functional
PPARD,HELZ2,0.562,functional_association,functional
PPARD,SCD,0.506,functional_association,functional
PPARD,HIF1A,0.51,functional_association,functional
PPARD,CPT2,0.511,functional_association,functional
PPARD,NR1H4,0.514,functional_association,functional
PPARD,NR1H3,0.533,functional_association,functional
PPARD,PNPLA2,0.557,functional_association,functional
PPARD,TNF,0.563,functional_association,functional
PPARD,JUN,0.654,functional_association,functional
PPARD,IL6,0.579,functional_association,functional
PPARD,MMP9,0.585,functional_association,functional
PPARD,LPL,0.59,functional_association,functional
PPARD,AKT1,0.603,functional_association,functional
PPARD,ADIPOQ,0.613,functional_association,functional
PPARD,SREBF1,0.637,functional_association,functional
COQ2,WDR97,0.537,functional_association,functional
OLR1,ABCG1,0.631,functional_association,functional
COQ2,COASY,0.469,functional_association,functional
TERT,GSK3B,0.435,functional_association,functional
OLR1,LPL,0.591,functional_association,functional
OLR1,ABCA1,0.668,functional_association,functional
OLR1,CD36,0.852,functional_association,functional
TERT,MMP9,0.41,functional_association,functional
TERT,MTHFR,0.417,functional_association,functional
TERT,PSEN1,0.421,functional_association,functional
TERT,TNF,0.446,functional_association,functional
OLR1,TNF,0.575,functional_association,functional
TERT,FOXM1,0.452,functional_association,functional
TERT,PXDNL,0.455,functional_association,functional
TERT,CASP3,0.468,functional_association,functional
TERT,IL6,0.479,functional_association,functional
TERT,FOXO1,0.499,functional_association,functional
TERT,INS,0.516,functional_association,functional
OLR1,IL6,0.591,functional_association,functional
OLR1,AGT,0.55,functional_association,functional
TERT,ESR1,0.553,functional_association,functional
CYB5B,CYP1A1,0.623,functional_association,functional
CASP3,ADIPOQ,0.465,functional_association,functional
CYB5B,HSD3B1,0.502,functional_association,functional
CYB5B,H6PD,0.522,functional_association,functional
CYB5B,CYP2C8,0.566,functional_association,functional
CYB5B,CYP2C19,0.587,functional_association,functional
CYB5B,CYP2D6,0.587,functional_association,functional
CYB5B,CYP3A4,0.923,functional_association,functional
OLR1,MMP9,0.515,functional_association,functional
CYB5B,CYP17A1,0.98,functional_association,functional
CYB5B,SCD,0.985,functional_association,functional
CYB5B,POR,0.997,functional_association,functional
OLR1,GAPDH,0.402,functional_association,functional
OLR1,AKT1,0.422,functional_association,functional
OLR1,PTGS2,0.424,functional_association,functional
TERT,STK11,0.517,functional_association,functional
TERT,ACTB,0.58,functional_association,functional
CYP7B1,CH25H,0.989,functional_association,functional
CYP7B1,ABCB11,0.689,functional_association,functional
CYP7B1,CYP2D6,0.58,functional_association,functional
CYP7B1,HMGCS1,0.637,functional_association,functional
CYP7B1,SCD,0.646,functional_association,functional
CYP7B1,CYP1A1,0.652,functional_association,functional
CYP7B1,DHCR7,0.659,functional_association,functional
CYP7B1,CYP19A1,0.674,functional_association,functional
CYP7B1,FDFT1,0.69,functional_association,functional
CYP7B1,LBR,0.519,functional_association,functional
CYP7B1,FAXDC2,0.704,functional_association,functional
CYP7B1,LSS,0.812,functional_association,functional
CYP7B1,ABCG5,0.817,functional_association,functional
CYP7B1,NR1H4,0.879,functional_association,functional
CYP7B1,CYP17A1,0.933,functional_association,functional
CYP7B1,HSD3B1,0.97,functional_association,functional
CYP7B1,NSDHL,0.578,functional_association,functional
CYP7B1,DHCR24,0.509,functional_association,functional
TERT,BCL2,0.586,functional_association,functional
CYP7B1,SREBF1,0.425,functional_association,functional
TERT,GAPDH,0.632,functional_association,functional
TERT,HIF1A,0.702,functional_association,functional
TERT,MTOR,0.738,functional_association,functional
TERT,AKT1,0.903,functional_association,functional
CYP7B1,IDI1,0.415,functional_association,functional
CYP7B1,ABCC2,0.417,functional_association,functional
CYP7B1,XPR1,0.447,functional_association,functional
CYP7B1,HMGCS2,0.503,functional_association,functional
CYP7B1,ABCG1,0.453,functional_association,functional
CYP7B1,CYB5A,0.456,functional_association,functional
CYP7B1,HSD11B1,0.463,functional_association,functional
CYP7B1,SREBF2,0.467,functional_association,functional
CYP7B1,FOXO1,0.477,functional_association,functional
CYP7B1,ABCA1,0.486,functional_association,functional
CASP3,STK11,0.458,functional_association,functional
LEP,SCD5,0.487,functional_association,functional
CASP3,CYP19A1,0.468,functional_association,functional
LEP,JUN,0.548,functional_association,functional
LEP,PTGS2,0.52,functional_association,functional
LEP,GPX2,0.521,functional_association,functional
LEP,NR1H4,0.537,functional_association,functional
LEP,GPX7,0.537,functional_association,functional
LEP,GPX5,0.54,functional_association,functional
LEP,GPX6,0.54,functional_association,functional
LEP,GPX3,0.55,functional_association,functional
LEP,PNLIP,0.516,functional_association,functional
LEP,G6PC2,0.557,functional_association,functional
LEP,MLXIPL,0.56,functional_association,functional
LEP,LPIN1,0.571,functional_association,functional
LEP,NCOA2,0.572,functional_association,functional
LEP,ELOVL6,0.575,functional_association,functional
LEP,GPX8,0.577,functional_association,functional
LEP,HELZ2,0.519,functional_association,functional
LEP,GPT2,0.506,functional_association,functional
LEP,ACSL1,0.582,functional_association,functional
LEP,ACLY,0.438,functional_association,functional
LEP,NR1H3,0.418,functional_association,functional
LEP,MGAM,0.419,functional_association,functional
LEP,HSPA5,0.427,functional_association,functional
LEP,CAV1,0.428,functional_association,functional
LEP,PRKAG1,0.428,functional_association,functional
LEP,PRKAA2,0.437,functional_association,functional
LEP,ACOX3,0.439,functional_association,functional
CYB5B,CYP7B1,0.435,functional_association,functional
LEP,CD209,0.44,functional_association,functional
LEP,SREBF2,0.449,functional_association,functional
LEP,XPR1,0.449,functional_association,functional
LEP,GSK3B,0.463,functional_association,functional
LEP,HSD11B1,0.465,functional_association,functional
LEP,STK11,0.474,functional_association,functional
LEP,DGAT1,0.578,functional_association,functional
LEP,NCOA1,0.606,functional_association,functional
CASP3,SREBF1,0.471,functional_association,functional
LEP,UCP2,0.885,functional_association,functional
LEP,ACACA,0.824,functional_association,functional
LEP,AKT1,0.825,functional_association,functional
LEP,LPL,0.828,functional_association,functional
LEP,SREBF1,0.836,functional_association,functional
LEP,PPARA,0.839,functional_association,functional
LEP,SLC2A4,0.839,functional_association,functional
LEP,TNF,0.892,functional_association,functional
LEP,FOXO1,0.749,functional_association,functional
LEP,IL6,0.919,functional_association,functional
LEP,GCG,0.976,functional_association,functional
LEP,INS,0.985,functional_association,functional
LEP,ADIPOQ,0.994,functional_association,functional
USP20,HIF1A,0.491,functional_association,functional
CD209,HSD11B1,0.435,functional_association,functional
LEP,ESR1,0.806,functional_association,functional
LEP,PXDNL,0.742,functional_association,functional
LEP,GAPDH,0.612,functional_association,functional
LEP,CD36,0.663,functional_association,functional
LEP,ACTB,0.614,functional_association,functional
LEP,BCL2,0.617,functional_association,functional
LEP,CYP19A1,0.621,functional_association,functional
LEP,ACACB,0.636,functional_association,functional
LEP,ABCA1,0.646,functional_association,functional
LEP,MMP9,0.649,functional_association,functional
LEP,PNPLA2,0.664,functional_association,functional
LEP,MTOR,0.731,functional_association,functional
LEP,RXRA,0.665,functional_association,functional
LEP,IGF1R,0.666,functional_association,functional
LEP,HIF1A,0.682,functional_association,functional
LEP,GPT,0.713,functional_association,functional
LEP,AGT,0.719,functional_association,functional
LEP,SCD,0.723,functional_association,functional
NFYC,NFYA,0.999,functional_association,functional
NFYC,SREBF2,0.696,functional_association,functional
NFYC,HSPA5,0.666,functional_association,functional
CASP3,MTOR,0.723,functional_association,functional
CASP3,FOXO1,0.642,functional_association,functional
CASP3,BACE1,0.67,functional_association,functional
CASP3,CDK5,0.691,functional_association,functional
CASP3,ESR1,0.692,functional_association,functional
CASP3,GPT,0.699,functional_association,functional
CASP3,PSEN1,0.718,functional_association,functional
CASP3,GPX3,0.741,functional_association,functional
CASP3,RHOA,0.633,functional_association,functional
CASP3,GSK3B,0.747,functional_association,functional
CASP3,INS,0.761,functional_association,functional
CASP3,HIF1A,0.766,functional_association,functional
CASP3,GPX5,0.766,functional_association,functional
CASP3,GPX6,0.766,functional_association,functional
CASP3,GPX2,0.769,functional_association,functional
CASP3,LEP,0.639,functional_association,functional
CASP3,IGF1R,0.631,functional_association,functional
NFYC,FDPS,0.586,functional_association,functional
CASP3,GCG,0.512,functional_association,functional
CASP3,CD36,0.475,functional_association,functional
CASP3,LDHA,0.478,functional_association,functional
CASP3,UCP2,0.484,functional_association,functional
CASP3,CAV1,0.486,functional_association,functional
CASP3,GPT2,0.491,functional_association,functional
CASP3,ABCG2,0.511,functional_association,functional
CASP3,SREBF2,0.514,functional_association,functional
CASP3,AGT,0.606,functional_association,functional
CASP3,GPX4,0.539,functional_association,functional
CASP3,TOP2A,0.555,functional_association,functional
CASP3,ICMT,0.56,functional_association,functional
CASP3,CYP3A4,0.565,functional_association,functional
CASP3,PPARA,0.572,functional_association,functional
CASP3,ABCB1,0.578,functional_association,functional
CASP3,GPX8,0.773,functional_association,functional
CASP3,GPX7,0.773,functional_association,functional
CASP3,HSPA5,0.793,functional_association,functional
NFYC,JUN,0.502,functional_association,functional
TRIB1,ACACA,0.471,functional_association,functional
TRIB1,PRKAB1,0.485,functional_association,functional
TRIB1,APOA5,0.623,functional_association,functional
TRIB1,MLXIPL,0.671,functional_association,functional
TRIB1,ANGPTL3,0.703,functional_association,functional
NFYC,RXRA,0.421,functional_association,functional
NFYC,IDI1,0.517,functional_association,functional
CASP3,MMP9,0.806,functional_association,functional
NFYC,HMGCS1,0.526,functional_association,functional
NFYC,DHCR7,0.526,functional_association,functional
NFYC,FDFT1,0.542,functional_association,functional
NFYC,FOXO1,0.545,functional_association,functional
NFYC,PMVK,0.555,functional_association,functional
NFYC,SREBF1,0.581,functional_association,functional
TRIB1,AKT1,0.471,functional_association,functional
TRIB1,PSRC1,0.454,functional_association,functional
TRIB1,PRKAG3,0.443,functional_association,functional
TRIB1,METAP2,0.428,functional_association,functional
TRIB1,PRKAG1,0.425,functional_association,functional
TRIB1,NR1H4,0.414,functional_association,functional
TRIB1,ABCA1,0.408,functional_association,functional
TRIB1,JUN,0.404,functional_association,functional
CASP3,ACTB,0.989,functional_association,functional
CASP3,BCL2,0.987,functional_association,functional
CASP3,AKT1,0.945,functional_association,functional
CASP3,TNF,0.939,functional_association,functional
CASP3,PXDNL,0.918,functional_association,functional
CASP3,GAPDH,0.89,functional_association,functional
CASP3,IL6,0.881,functional_association,functional
CASP3,PTGS2,0.865,functional_association,functional
CASP3,JUN,0.809,functional_association,functional
CYB5B,G6PD,0.459,functional_association,functional
SLCO1A2,CYP2C8,0.691,functional_association,functional
CYB5B,CYP19A1,0.428,functional_association,functional
FASN,RXRA,0.682,functional_association,functional
FASN,CPT2,0.659,functional_association,functional
FASN,SLC2A4,0.668,functional_association,functional
FASN,MTTP,0.673,functional_association,functional
FASN,LPL,0.676,functional_association,functional
FASN,LPIN1,0.68,functional_association,functional
FASN,IRS1,0.682,functional_association,functional
FASN,ELOVL5,0.695,functional_association,functional
FASN,ACOX3,0.646,functional_association,functional
FASN,AKT1,0.697,functional_association,functional
FASN,ADIPOQ,0.709,functional_association,functional
FASN,NSDHL,0.714,functional_association,functional
FASN,INS,0.714,functional_association,functional
FASN,HMGCS2,0.716,functional_association,functional
FASN,GAPDH,0.716,functional_association,functional
FASN,AACS,0.655,functional_association,functional
FASN,HIF1A,0.645,functional_association,functional
FASN,CD36,0.735,functional_association,functional
FASN,HSDL2,0.596,functional_association,functional
FASN,XPR1,0.561,functional_association,functional
FASN,GPT,0.563,functional_association,functional
FASN,ACAT2,0.571,functional_association,functional
FASN,HADHB,0.575,functional_association,functional
FASN,FDFT1,0.589,functional_association,functional
FASN,FDPS,0.591,functional_association,functional
FASN,LDHA,0.604,functional_association,functional
FASN,ACSS1,0.64,functional_association,functional
FASN,LSS,0.621,functional_association,functional
FASN,FADS1,0.624,functional_association,functional
FASN,ACTB,0.626,functional_association,functional
FASN,ABCA1,0.628,functional_association,functional
FASN,DHCR24,0.635,functional_association,functional
FASN,PKLR,0.635,functional_association,functional
FASN,LEP,0.724,functional_association,functional
FASN,DHCR7,0.757,functional_association,functional
FASN,MTOR,0.551,functional_association,functional
IRS1,DGAT1,0.436,functional_association,functional
IRS1,GPX5,0.412,functional_association,functional
IRS1,GPX2,0.413,functional_association,functional
IRS1,GPX6,0.413,functional_association,functional
IRS1,GPX3,0.424,functional_association,functional
IRS1,HSPA5,0.427,functional_association,functional
IRS1,MGAM,0.432,functional_association,functional
IRS1,SREBF2,0.442,functional_association,functional
FASN,ACLY,0.994,functional_association,functional
IRS1,SCD,0.446,functional_association,functional
IRS1,GPT,0.451,functional_association,functional
IRS1,HIF1A,0.451,functional_association,functional
IRS1,GPX7,0.452,functional_association,functional
IRS1,GPX8,0.468,functional_association,functional
IRS1,MLXIPL,0.473,functional_association,functional
FASN,ACACA,0.998,functional_association,functional
FASN,ACACB,0.993,functional_association,functional
FASN,SCD5,0.759,functional_association,functional
FASN,NR1H3,0.827,functional_association,functional
FASN,PNPLA2,0.76,functional_association,functional
FASN,DGAT1,0.768,functional_association,functional
FASN,INSIG1,0.78,functional_association,functional
FASN,PPARA,0.784,functional_association,functional
FASN,ESR1,0.792,functional_association,functional
FASN,MLXIPL,0.813,functional_association,functional
FASN,SREBF2,0.833,functional_association,functional
FASN,SREBF1,0.983,functional_association,functional
FASN,HMGCS1,0.84,functional_association,functional
FASN,ELOVL6,0.918,functional_association,functional
FASN,SCD,0.96,functional_association,functional
FASN,ACSL3,0.964,functional_association,functional
FASN,ACSL4,0.969,functional_association,functional
FASN,ACSL1,0.981,functional_association,functional
FASN,NFYC,0.558,functional_association,functional
FASN,UCP2,0.549,functional_association,functional
CYB5B,SCP2,0.428,functional_association,functional
RNF139,SEL1L,0.942,functional_association,functional
RNF139,AUP1,0.695,functional_association,functional
RNF139,SYVN1,0.795,functional_association,functional
RNF139,SREBF2,0.824,functional_association,functional
RNF139,VCP,0.854,functional_association,functional
RNF139,UBE2G2,0.884,functional_association,functional
RNF139,INSIG1,0.896,functional_association,functional
FASN,CH25H,0.4,functional_association,functional
RNF139,ERLIN2,0.502,functional_association,functional
FASN,PRKAA1,0.406,functional_association,functional
FASN,ABCB11,0.411,functional_association,functional
FASN,MBTPS1,0.416,functional_association,functional
FASN,JUN,0.423,functional_association,functional
FASN,PNLIP,0.425,functional_association,functional
FASN,COQ2,0.426,functional_association,functional
RNF139,ERLIN1,0.503,functional_association,functional
RNF139,UBIAD1,0.41,functional_association,functional
FASN,GPT2,0.43,functional_association,functional
FNTA,CASP3,0.762,functional_association,functional
PCSK9,SREBF2,0.796,functional_association,functional
PCSK9,LDLRAP1,0.808,functional_association,functional
PCSK9,PSRC1,0.812,functional_association,functional
PCSK9,VLDLR,0.973,functional_association,functional
FNTA,MTOR,0.443,functional_association,functional
FNTA,ICMT,0.626,functional_association,functional
FNTA,FDFT1,0.902,functional_association,functional
FNTA,PGGT1B,0.999,functional_association,functional
FNTA,PDSS2,0.927,functional_association,functional
FNTA,NUS1,0.931,functional_association,functional
FNTA,PDSS1,0.941,functional_association,functional
FNTA,DHDDS,0.943,functional_association,functional
FNTA,ZMPSTE24,0.953,functional_association,functional
FNTA,FDPS,0.954,functional_association,functional
FASN,COQ6,0.428,functional_association,functional
FASN,GSK3B,0.44,functional_association,functional
FASN,CYP8B1,0.545,functional_association,functional
FASN,IDI1,0.518,functional_association,functional
FASN,NR1H4,0.497,functional_association,functional
FASN,HSD3B1,0.5,functional_association,functional
FASN,FOXO1,0.504,functional_association,functional
FASN,PLTP,0.509,functional_association,functional
FASN,CYP7B1,0.51,functional_association,functional
FASN,G6PD,0.516,functional_association,functional
FASN,ABCG1,0.522,functional_association,functional
FASN,LIPA,0.49,functional_association,functional
FASN,PPARD,0.527,functional_association,functional
FASN,NFYA,0.534,functional_association,functional
FASN,SPTLC3,0.535,functional_association,functional
FASN,ACAA1,0.536,functional_association,functional
FASN,ABCG5,0.536,functional_association,functional
FASN,CAV1,0.541,functional_association,functional
FASN,HSD11B1,0.492,functional_association,functional
FASN,CYP19A1,0.49,functional_association,functional
FASN,PFKFB3,0.442,functional_association,functional
FASN,SOAT1,0.461,functional_association,functional
FASN,CYP1A1,0.442,functional_association,functional
FASN,DHRS11,0.454,functional_association,functional
FASN,STK11,0.455,functional_association,functional
FASN,VLDLR,0.457,functional_association,functional
FASN,HSPA5,0.458,functional_association,functional
FASN,CYP17A1,0.461,functional_association,functional
FASN,PXDNL,0.467,functional_association,functional
FASN,G6PC2,0.489,functional_association,functional
FASN,CYP3A4,0.468,functional_association,functional
FASN,EPHX2,0.47,functional_association,functional
FASN,HK1,0.477,functional_association,functional
FASN,TNF,0.481,functional_association,functional
FASN,IL6,0.488,functional_association,functional
FASN,H6PD,0.489,functional_association,functional
IRS1,PPARD,0.481,functional_association,functional
IRS1,CASP3,0.491,functional_association,functional
IRS1,PNPLA2,0.506,functional_association,functional
CYCS,GPX3,0.737,functional_association,functional
CYCS,HIF1A,0.648,functional_association,functional
CYCS,POR,0.679,functional_association,functional
CYCS,GSK3B,0.693,functional_association,functional
CYCS,MMP9,0.731,functional_association,functional
CYCS,PTGS2,0.734,functional_association,functional
CYCS,GPX2,0.737,functional_association,functional
CYCS,GPX5,0.738,functional_association,functional
CYCS,UCP2,0.619,functional_association,functional
CYCS,GPX6,0.738,functional_association,functional
CYCS,HSPA5,0.738,functional_association,functional
CYCS,GPX8,0.763,functional_association,functional
CYCS,GPX7,0.763,functional_association,functional
CYCS,IL6,0.776,functional_association,functional
CYCS,TNF,0.81,functional_association,functional
CYCS,MTOR,0.643,functional_association,functional
CYCS,DHFR,0.607,functional_association,functional
CYCS,JUN,0.829,functional_association,functional
CYCS,AGT,0.514,functional_association,functional
CYCS,G6PD,0.458,functional_association,functional
CYCS,HAO1,0.478,functional_association,functional
CYCS,SLC2A4,0.482,functional_association,functional
CYCS,VCP,0.488,functional_association,functional
CYCS,LEP,0.489,functional_association,functional
CYCS,PSEN1,0.494,functional_association,functional
CYCS,H6PD,0.514,functional_association,functional
CYCS,GPT,0.6,functional_association,functional
CYCS,PPARA,0.529,functional_association,functional
CYCS,FOXO1,0.539,functional_association,functional
CYCS,ESR1,0.541,functional_association,functional
CYCS,TERT,0.541,functional_association,functional
CYCS,LDHA,0.542,functional_association,functional
CYCS,GPX4,0.593,functional_association,functional
CYCS,AKT1,0.812,functional_association,functional
CYCS,ACTB,0.871,functional_association,functional
IRS1,AGT,0.52,functional_association,functional
GLUL,DHFR,0.49,functional_association,functional
GLUL,ACTB,0.478,functional_association,functional
GLUL,GPX7,0.479,functional_association,functional
GLUL,GPX8,0.48,functional_association,functional
GLUL,PPARD,0.484,functional_association,functional
GLUL,VCP,0.486,functional_association,functional
GLUL,LDHA,0.488,functional_association,functional
GLUL,GPT2,0.492,functional_association,functional
GLUL,CASP3,0.447,functional_association,functional
GLUL,G6PD,0.498,functional_association,functional
GLUL,GPT,0.579,functional_association,functional
GLUL,H6PD,0.604,functional_association,functional
GLUL,GOT1,0.612,functional_association,functional
GLUL,GAPDH,0.688,functional_association,functional
CYB5B,HSDL2,0.414,functional_association,functional
GLUL,GPX3,0.465,functional_association,functional
GLUL,MTOR,0.436,functional_association,functional
CYCS,GAPDH,0.88,functional_association,functional
GLUL,ACACB,0.41,functional_association,functional
CYCS,PXDNL,0.888,functional_association,functional
CYCS,INS,0.952,functional_association,functional
CYCS,CYB5A,0.996,functional_association,functional
CYCS,CYB5B,0.996,functional_association,functional
CYCS,BCL2,0.997,functional_association,functional
CYCS,CASP3,0.997,functional_association,functional
GLUL,INS,0.417,functional_association,functional
GLUL,GPX5,0.434,functional_association,functional
GLUL,ACAA1,0.422,functional_association,functional
GLUL,AKT1,0.422,functional_association,functional
GLUL,GART,0.423,functional_association,functional
GLUL,ACLY,0.43,functional_association,functional
GLUL,GPX6,0.433,functional_association,functional
GLUL,GPX2,0.434,functional_association,functional
CYCS,GPT2,0.457,functional_association,functional
CYCS,CAV1,0.456,functional_association,functional
CYCS,CYP1A1,0.453,functional_association,functional
IRS1,LEP,0.963,functional_association,functional
IRS1,ADIPOQ,0.734,functional_association,functional
IRS1,BCL2,0.785,functional_association,functional
IRS1,GSK3B,0.799,functional_association,functional
IRS1,FOXO1,0.854,functional_association,functional
IRS1,ESR1,0.903,functional_association,functional
IRS1,SLC2A4,0.94,functional_association,functional
IRS1,AKT1,0.972,functional_association,functional
IRS1,SREBF1,0.706,functional_association,functional
IRS1,MTOR,0.992,functional_association,functional
IRS1,INS,0.999,functional_association,functional
IRS1,IGF1R,0.999,functional_association,functional
ADRB2,MMP9,0.403,functional_association,functional
ADRB2,ACTB,0.405,functional_association,functional
ADRB2,PSEN1,0.405,functional_association,functional
IRS1,CAV1,0.722,functional_association,functional
IRS1,IL6,0.704,functional_association,functional
CYCS,HK1,0.436,functional_association,functional
IRS1,G6PC2,0.63,functional_association,functional
IRS1,UCP2,0.525,functional_association,functional
IRS1,PXDNL,0.552,functional_association,functional
IRS1,STK11,0.556,functional_association,functional
IRS1,FBXO40,0.56,functional_association,functional
IRS1,GAPDH,0.601,functional_association,functional
IRS1,ACTB,0.623,functional_association,functional
IRS1,LPIN1,0.636,functional_association,functional
IRS1,JUN,0.701,functional_association,functional
IRS1,ACACA,0.647,functional_association,functional
IRS1,TNF,0.647,functional_association,functional
IRS1,CD36,0.661,functional_association,functional
IRS1,GCG,0.661,functional_association,functional
IRS1,PPARA,0.663,functional_association,functional
IRS1,LPL,0.667,functional_association,functional
ADRB2,MGAM,0.419,functional_association,functional
ADRB2,GAPDH,0.448,functional_association,functional
ADRB2,LEP,0.449,functional_association,functional
CYCS,ABCB1,0.406,functional_association,functional
SLCO1A2,ABCB1,0.713,functional_association,functional
SLCO1A2,ABCC2,0.752,functional_association,functional
SLCO1A2,ABCG2,0.763,functional_association,functional
SLCO1A2,NR1H4,0.766,functional_association,functional
SLCO1A2,ABCB11,0.784,functional_association,functional
CYCS,CDK5,0.4,functional_association,functional
CYCS,CYP3A4,0.411,functional_association,functional
ADRB2,PTGS2,0.452,functional_association,functional
CYCS,SPTLC3,0.413,functional_association,functional
CYCS,BACE1,0.419,functional_association,functional
CYCS,STK11,0.42,functional_association,functional
CYCS,IGF1R,0.424,functional_association,functional
CYCS,GOT1,0.426,functional_association,functional
CYCS,RHOA,0.432,functional_association,functional
CD209,CEL,0.588,functional_association,functional
SLCO1A2,CYP3A4,0.678,functional_association,functional
SLCO1A2,CYP8B1,0.579,functional_association,functional
SLCO1A2,CYP2D6,0.519,functional_association,functional
SLCO1A2,ERLIN1,0.485,functional_association,functional
SLCO1A2,CYP7B1,0.471,functional_association,functional
SLCO1A2,CYP2C19,0.47,functional_association,functional
SLCO1A2,ABCG5,0.452,functional_association,functional
ADRB2,USP20,0.926,functional_association,functional
ADRB2,TNF,0.718,functional_association,functional
ADRB2,AGT,0.701,functional_association,functional
ADRB2,AKT1,0.669,functional_association,functional
ADRB2,GCG,0.645,functional_association,functional
ADRB2,INS,0.627,functional_association,functional
ADRB2,IL6,0.52,functional_association,functional
ADRB2,LDLRAP1,0.501,functional_association,functional
ADRB2,BACE1,0.453,functional_association,functional
CD209,CD36,0.519,functional_association,functional
CYP8B1,ABCB11,0.826,functional_association,functional
CD209,TNF,0.645,functional_association,functional
HSPA5,INS,0.678,functional_association,functional
HSPA5,PXDNL,0.659,functional_association,functional
HSPA5,STIP1,0.66,functional_association,functional
HSPA5,TNF,0.663,functional_association,functional
HSPA5,GSK3B,0.663,functional_association,functional
HSPA5,ESR1,0.668,functional_association,functional
HSPA5,JUN,0.671,functional_association,functional
HSPA5,IGF1R,0.701,functional_association,functional
HSPA5,CAV1,0.611,functional_association,functional
HSPA5,IL6,0.736,functional_association,functional
HSPA5,BCL2,0.738,functional_association,functional
HSPA5,MBTPS2,0.789,functional_association,functional
HSPA5,MBTPS1,0.795,functional_association,functional
HSPA5,AUP1,0.796,functional_association,functional
HSPA5,GAPDH,0.806,functional_association,functional
HSPA5,NFYA,0.636,functional_association,functional
HSPA5,GPX7,0.604,functional_association,functional
HSPA5,VCP,0.944,functional_association,functional
HSPA5,H6PD,0.476,functional_association,functional
HSPA5,GPX2,0.449,functional_association,functional
HSPA5,GPX3,0.45,functional_association,functional
HSPA5,HK1,0.451,functional_association,functional
HSPA5,PRKAA1,0.461,functional_association,functional
HSPA5,MTTP,0.471,functional_association,functional
HSPA5,SREBF2,0.475,functional_association,functional
HSPA5,SCP2,0.484,functional_association,functional
HSPA5,ACLY,0.555,functional_association,functional
HSPA5,FDFT1,0.484,functional_association,functional
HSPA5,AGT,0.486,functional_association,functional
HSPA5,SREBF1,0.506,functional_association,functional
HSPA5,MTOR,0.52,functional_association,functional
HSPA5,HIF1A,0.54,functional_association,functional
HSPA5,ERLIN2,0.547,functional_association,functional
HSPA5,ACTB,0.808,functional_association,functional
HSPA5,SEL1L,0.949,functional_association,functional
HSPA5,GPT,0.447,functional_association,functional
GSK3B,TNF,0.649,functional_association,functional
GSK3B,FOXM1,0.563,functional_association,functional
GSK3B,PTGS2,0.573,functional_association,functional
GSK3B,MMP9,0.612,functional_association,functional
GSK3B,CDK5,0.627,functional_association,functional
GSK3B,ESR1,0.629,functional_association,functional
GSK3B,IGF1R,0.643,functional_association,functional
GSK3B,HIF1A,0.653,functional_association,functional
GSK3B,PPARA,0.498,functional_association,functional
GSK3B,RHOA,0.659,functional_association,functional
GSK3B,PXDNL,0.68,functional_association,functional
GSK3B,IL6,0.682,functional_association,functional
GSK3B,STK11,0.71,functional_association,functional
GSK3B,BCL2,0.731,functional_association,functional
GSK3B,INS,0.753,functional_association,functional
GSK3B,GPX2,0.504,functional_association,functional
GSK3B,AGT,0.485,functional_association,functional
HSPA5,GPX4,0.952,functional_association,functional
GSK3B,ADIPOQ,0.453,functional_association,functional
HSPA5,SYVN1,0.961,functional_association,functional
HSPA5,AKT1,0.971,functional_association,functional
GSK3B,ABCG2,0.413,functional_association,functional
GSK3B,VCP,0.422,functional_association,functional
GSK3B,ABCB1,0.425,functional_association,functional
GSK3B,G6PC2,0.432,functional_association,functional
GSK3B,TOP2A,0.456,functional_association,functional
GSK3B,GCG,0.483,functional_association,functional
GSK3B,POLR2F,0.462,functional_association,functional
GSK3B,GPX3,0.468,functional_association,functional
GSK3B,GPX6,0.47,functional_association,functional
GSK3B,GPX5,0.471,functional_association,functional
GSK3B,GPX7,0.476,functional_association,functional
GSK3B,GPX8,0.477,functional_association,functional
HSPA5,GPX8,0.449,functional_association,functional
HSPA5,GPX5,0.446,functional_association,functional
CD209,IL6,0.742,functional_association,functional
HMGCS1,PPARA,0.777,functional_association,functional
HMGCS1,ACACA,0.664,functional_association,functional
HMGCS1,EBP,0.691,functional_association,functional
HMGCS1,HMGA1,0.695,functional_association,functional
HMGCS1,MBTPS1,0.704,functional_association,functional
HMGCS1,NFYA,0.711,functional_association,functional
HMGCS1,ABCA1,0.755,functional_association,functional
HMGCS1,CH25H,0.783,functional_association,functional
HMGCS1,NR1H3,0.588,functional_association,functional
HMGCS1,SCD,0.794,functional_association,functional
HMGCS1,PMVK,0.818,functional_association,functional
HMGCS1,COASY,0.85,functional_association,functional
HMGCS1,DHCR24,0.877,functional_association,functional
HMGCS1,INSIG1,0.885,functional_association,functional
HMGCS1,LSS,0.896,functional_association,functional
HMGCS1,ABCG5,0.62,functional_association,functional
HMGCS1,ELOVL6,0.584,functional_association,functional
HMGCS1,SREBF1,0.926,functional_association,functional
HMGCS1,PDSS1,0.517,functional_association,functional
HMGCS1,CARM1,0.48,functional_association,functional
HMGCS1,FBXO40,0.48,functional_association,functional
HMGCS1,ACSL3,0.499,functional_association,functional
HMGCS1,HSD3B1,0.501,functional_association,functional
HMGCS1,LBR,0.512,functional_association,functional
HMGCS1,LPIN1,0.513,functional_association,functional
HMGCS1,NDUFAF6,0.521,functional_association,functional
HMGCS1,RXRA,0.574,functional_association,functional
HMGCS1,COQ6,0.524,functional_association,functional
HMGCS1,SCP2,0.53,functional_association,functional
HMGCS1,HSPA5,0.534,functional_association,functional
HMGCS1,KMO,0.534,functional_association,functional
HMGCS1,ABCG1,0.535,functional_association,functional
HMGCS1,RUSC1,0.541,functional_association,functional
HMGCS1,HMGCS2,0.917,functional_association,functional
HMGCS1,ACLY,0.935,functional_association,functional
HSPA5,GPX6,0.442,functional_association,functional
PRKAG1,PRKAA2,0.999,functional_association,functional
PRKAG1,ACACA,0.953,functional_association,functional
PRKAG1,PRKAG3,0.957,functional_association,functional
PRKAG1,MTOR,0.964,functional_association,functional
PRKAG1,STK11,0.974,functional_association,functional
PRKAG1,PRKAB1,0.999,functional_association,functional
PRKAG1,PRKAA1,0.999,functional_association,functional
HSPA5,ACSL4,0.401,functional_association,functional
PRKAG1,FOXO1,0.906,functional_association,functional
HSPA5,GCG,0.403,functional_association,functional
HSPA5,FOXO1,0.405,functional_association,functional
HSPA5,PTGS2,0.411,functional_association,functional
HSPA5,MMP9,0.413,functional_association,functional
HSPA5,POR,0.422,functional_association,functional
HSPA5,PPARA,0.438,functional_association,functional
PRKAG1,ACACB,0.925,functional_association,functional
PRKAG1,EPHX2,0.843,functional_association,functional
HMGCS1,NSDHL,0.946,functional_association,functional
HMGCS1,FDFT1,0.988,functional_association,functional
HMGCS1,DHCR7,0.947,functional_association,functional
HMGCS1,AACS,0.959,functional_association,functional
HMGCS1,SREBF2,0.959,functional_association,functional
HMGCS1,IDI1,0.972,functional_association,functional
HMGCS1,HMGCLL1,0.979,functional_association,functional
HMGCS1,HMGCL,0.987,functional_association,functional
HMGCS1,ACAA1,0.989,functional_association,functional
PRKAG1,PFKFB3,0.734,functional_association,functional
HMGCS1,HADHB,0.993,functional_association,functional
HMGCS1,FDPS,0.997,functional_association,functional
HMGCS1,ACAT2,0.998,functional_association,functional
PRKAG1,ACLY,0.408,functional_association,functional
PRKAG1,GART,0.563,functional_association,functional
PRKAG1,PFKFB1,0.724,functional_association,functional
GSK3B,SREBF1,0.764,functional_association,functional
GSK3B,CAV1,0.781,functional_association,functional
GSK3B,MTOR,0.784,functional_association,functional
CARM1,CHD9,0.522,functional_association,functional
CARM1,CPT2,0.439,functional_association,functional
CARM1,ABCA1,0.463,functional_association,functional
CARM1,CYP1A1,0.47,functional_association,functional
CARM1,HMGCS2,0.48,functional_association,functional
CARM1,ACTB,0.49,functional_association,functional
CARM1,FDFT1,0.514,functional_association,functional
CARM1,TBL1XR1,0.571,functional_association,functional
CARM1,AGT,0.429,functional_association,functional
CARM1,NR1H4,0.571,functional_association,functional
CARM1,PPARA,0.594,functional_association,functional
CARM1,RXRA,0.6,functional_association,functional
CARM1,TBL1X,0.603,functional_association,functional
CARM1,HELZ2,0.633,functional_association,functional
CARM1,NCOA6,0.637,functional_association,functional
CARM1,ABCB11,0.434,functional_association,functional
CARM1,ACSL1,0.423,functional_association,functional
CARM1,ESR1,0.972,functional_association,functional
HADHB,ACAA1,0.952,functional_association,functional
HADHB,SCP2,0.793,functional_association,functional
HADHB,CPT2,0.808,functional_association,functional
HADHB,ACLY,0.915,functional_association,functional
HADHB,HSDL2,0.918,functional_association,functional
HADHB,ACAT2,0.93,functional_association,functional
HADHB,HMGCLL1,0.948,functional_association,functional
HADHB,HMGCL,0.97,functional_association,functional
CARM1,CD36,0.419,functional_association,functional
HADHB,ACOX3,0.99,functional_association,functional
HADHB,HMGCS2,0.994,functional_association,functional
METAP2,ESR1,0.515,functional_association,functional
CARM1,SREBF1,0.402,functional_association,functional
CARM1,AKT1,0.405,functional_association,functional
CARM1,APOA5,0.409,functional_association,functional
CARM1,JUN,0.95,functional_association,functional
CARM1,NCOA1,0.976,functional_association,functional
GSK3B,FOXO1,0.814,functional_association,functional
ACAA1,ACSL1,0.751,functional_association,functional
ACAA1,ACSL4,0.621,functional_association,functional
ACAA1,ACSL3,0.638,functional_association,functional
ACAA1,ACACB,0.644,functional_association,functional
ACAA1,ACACA,0.644,functional_association,functional
ACAA1,HAO2,0.7,functional_association,functional
ACAA1,CPT2,0.748,functional_association,functional
ACAA1,ACLY,0.91,functional_association,functional
ACAA1,SCD,0.47,functional_association,functional
ACAA1,HSDL2,0.916,functional_association,functional
ACAA1,ACAT2,0.923,functional_association,functional
ACAA1,HMGCLL1,0.947,functional_association,functional
ACAA1,PEX5,0.951,functional_association,functional
ACAA1,HMGCL,0.965,functional_association,functional
ACAA1,SCP2,0.982,functional_association,functional
ACAA1,ELOVL5,0.483,functional_association,functional
ACAA1,DHRS11,0.458,functional_association,functional
CARM1,NCOA2,0.994,functional_association,functional
PSEN1,ERLIN2,0.481,functional_association,functional
PSEN1,TOP2A,0.4,functional_association,functional
PSEN1,JUN,0.408,functional_association,functional
PSEN1,IL6,0.442,functional_association,functional
PSEN1,INS,0.447,functional_association,functional
PSEN1,PXDNL,0.454,functional_association,functional
PSEN1,ACTB,0.477,functional_association,functional
PSEN1,VCP,0.489,functional_association,functional
ACAA1,PPARA,0.436,functional_association,functional
PSEN1,TNF,0.489,functional_association,functional
PSEN1,AKT1,0.521,functional_association,functional
PSEN1,GAPDH,0.659,functional_association,functional
PSEN1,BCL2,0.804,functional_association,functional
PSEN1,CDK5,0.853,functional_association,functional
ACAA1,LPIN1,0.427,functional_association,functional
HADHB,ACACB,0.717,functional_association,functional
HADHB,PEX5,0.697,functional_association,functional
HADHB,ACSL1,0.695,functional_association,functional
AACS,HMGCL,0.962,functional_association,functional
AACS,ELOVL6,0.597,functional_association,functional
AACS,ACACA,0.598,functional_association,functional
AACS,HSDL2,0.721,functional_association,functional
AACS,HMGCLL1,0.943,functional_association,functional
AACS,HMGCS2,0.944,functional_association,functional
AACS,ACAT2,0.958,functional_association,functional
STK11,PNPLA2,0.402,functional_association,functional
AACS,FDPS,0.588,functional_association,functional
STK11,HK1,0.403,functional_association,functional
STK11,VLDLR,0.406,functional_association,functional
STK11,ACACB,0.411,functional_association,functional
STK11,TNF,0.424,functional_association,functional
STK11,GCG,0.425,functional_association,functional
STK11,PFKFB3,0.429,functional_association,functional
AACS,ACLY,0.595,functional_association,functional
AACS,ACAA1,0.564,functional_association,functional
HADHB,ACACA,0.654,functional_association,functional
AACS,ACACB,0.411,functional_association,functional
GSK3B,GAPDH,0.817,functional_association,functional
GSK3B,ACTB,0.847,functional_association,functional
GSK3B,JUN,0.908,functional_association,functional
GSK3B,PSEN1,0.995,functional_association,functional
GSK3B,AKT1,0.996,functional_association,functional
AACS,COASY,0.405,functional_association,functional
AACS,ACOX3,0.413,functional_association,functional
AACS,LSS,0.525,functional_association,functional
AACS,PEX5,0.416,functional_association,functional
AACS,FDFT1,0.449,functional_association,functional
AACS,IDI1,0.451,functional_association,functional
AACS,NSDHL,0.467,functional_association,functional
AACS,DHCR7,0.482,functional_association,functional
AACS,HADHB,0.519,functional_association,functional
STK11,JUN,0.441,functional_association,functional
STK11,GAPDH,0.479,functional_association,functional
STK11,BCL2,0.485,functional_association,functional
HADHB,ABCA1,0.48,functional_association,functional
HADHB,ABCG1,0.451,functional_association,functional
HADHB,SCD,0.453,functional_association,functional
HADHB,COASY,0.453,functional_association,functional
HADHB,H6PD,0.458,functional_association,functional
HADHB,GAPDH,0.46,functional_association,functional
HADHB,SREBF2,0.464,functional_association,functional
HADHB,SREBF1,0.485,functional_association,functional
STK11,ESR1,0.489,functional_association,functional
HADHB,PRKAA1,0.489,functional_association,functional
HADHB,SOAT1,0.492,functional_association,functional
HADHB,ESR1,0.514,functional_association,functional
HADHB,PPARA,0.531,functional_association,functional
HADHB,ACSL4,0.572,functional_association,functional
HADHB,ACSL3,0.625,functional_association,functional
HADHB,CD36,0.443,functional_association,functional
STK11,PRKAA1,0.986,functional_association,functional
STK11,PRKAA2,0.978,functional_association,functional
STK11,PRKAB1,0.975,functional_association,functional
STK11,PRKAG3,0.959,functional_association,functional
STK11,FOXO1,0.955,functional_association,functional
STK11,MTOR,0.791,functional_association,functional
STK11,AKT1,0.748,functional_association,functional
STK11,HIF1A,0.648,functional_association,functional
STK11,SREBF1,0.631,functional_association,functional
STK11,INS,0.627,functional_association,functional
STK11,IL6,0.587,functional_association,functional
STK11,ADIPOQ,0.57,functional_association,functional
STK11,ACTB,0.561,functional_association,functional
STK11,ACACA,0.526,functional_association,functional
STK11,PPARA,0.519,functional_association,functional
STK11,MTUS2,0.513,functional_association,functional
HMGCS1,HAO2,0.479,functional_association,functional
HMGCS1,NCOA1,0.478,functional_association,functional
HMGCS1,NCOA2,0.456,functional_association,functional
FAXDC2,LBR,0.645,functional_association,functional
FAXDC2,WDR97,0.479,functional_association,functional
FAXDC2,NDUFAF6,0.479,functional_association,functional
FAXDC2,DHCR24,0.503,functional_association,functional
FAXDC2,IDI1,0.575,functional_association,functional
FAXDC2,FADS1,0.58,functional_association,functional
FAXDC2,HMGCS2,0.621,functional_association,functional
FAXDC2,HMGCS1,0.679,functional_association,functional
FAXDC2,KMO,0.449,functional_association,functional
FAXDC2,DHCR7,0.679,functional_association,functional
FAXDC2,HSD3B1,0.684,functional_association,functional
FAXDC2,NSDHL,0.79,functional_association,functional
FAXDC2,LSS,0.876,functional_association,functional
FAXDC2,FDFT1,0.885,functional_association,functional
WDR97,IDI1,0.404,functional_association,functional
FAXDC2,COQ6,0.449,functional_association,functional
CYP8B1,NR1H4,0.861,functional_association,functional
WDR97,LSS,0.473,functional_association,functional
CYP8B1,ABCA1,0.643,functional_association,functional
CYP8B1,PPARA,0.57,functional_association,functional
CYP8B1,NSDHL,0.573,functional_association,functional
CYP8B1,HMGCS2,0.58,functional_association,functional
CYP8B1,ABCC2,0.588,functional_association,functional
CYP8B1,ABCG1,0.619,functional_association,functional
CYP8B1,DHCR7,0.633,functional_association,functional
CYP8B1,HMGCS1,0.656,functional_association,functional
PCSK9,CD36,0.745,functional_association,functional
CYP8B1,NR1H3,0.662,functional_association,functional
CYP8B1,FDFT1,0.699,functional_association,functional
CYP8B1,FAXDC2,0.704,functional_association,functional
CYP8B1,ABCG5,0.719,functional_association,functional
CYP8B1,CH25H,0.79,functional_association,functional
CYP8B1,LSS,0.806,functional_association,functional
WDR97,HSDL2,0.453,functional_association,functional
WDR97,CH25H,0.479,functional_association,functional
MLXIPL,PRKAA2,0.701,functional_association,functional
MLXIPL,G6PC2,0.587,functional_association,functional
MLXIPL,MTOR,0.547,functional_association,functional
MLXIPL,ACACB,0.557,functional_association,functional
MLXIPL,GCG,0.571,functional_association,functional
MLXIPL,CD36,0.577,functional_association,functional
MLXIPL,LPL,0.578,functional_association,functional
MLXIPL,FOXO1,0.587,functional_association,functional
MLXIPL,PNPLA2,0.591,functional_association,functional
MLXIPL,GPT,0.535,functional_association,functional
MLXIPL,MTTP,0.604,functional_association,functional
MLXIPL,NR1H3,0.625,functional_association,functional
MLXIPL,SLC2A4,0.626,functional_association,functional
MLXIPL,DGAT1,0.627,functional_association,functional
MLXIPL,XPR1,0.644,functional_association,functional
MLXIPL,ELOVL6,0.656,functional_association,functional
MLXIPL,ANGPTL3,0.537,functional_association,functional
MLXIPL,APOA5,0.532,functional_association,functional
WDR97,HMGCS2,0.506,functional_association,functional
WDR97,PDSS1,0.561,functional_association,functional
WDR97,HMGCS1,0.506,functional_association,functional
WDR97,KMO,0.542,functional_association,functional
WDR97,COQ6,0.546,functional_association,functional
WDR97,FBXO40,0.561,functional_association,functional
WDR97,PDSS2,0.561,functional_association,functional
WDR97,FDPS,0.561,functional_association,functional
WDR97,RUSC1,0.562,functional_association,functional
MLXIPL,STK11,0.5,functional_association,functional
WDR97,GAPDH,0.584,functional_association,functional
MLXIPL,ELOVL5,0.432,functional_association,functional
MLXIPL,ABCA1,0.447,functional_association,functional
MLXIPL,AKT1,0.455,functional_association,functional
MLXIPL,HMGA1,0.461,functional_association,functional
MLXIPL,LPIN1,0.475,functional_association,functional
CYP8B1,HSD3B1,0.57,functional_association,functional
CYP8B1,RXRA,0.532,functional_association,functional
CYP8B1,SREBF1,0.523,functional_association,functional
ACSS1,G6PD,0.431,functional_association,functional
SCD5,ELOVL6,0.968,functional_association,functional
ACSS1,HMGCLL1,0.408,functional_association,functional
ACSS1,COASY,0.412,functional_association,functional
ACSS1,SCP2,0.42,functional_association,functional
ACSS1,GAPDH,0.427,functional_association,functional
ACSS1,ACSL4,0.43,functional_association,functional
ACSS1,SCD,0.45,functional_association,functional
SCD5,SREBF2,0.857,functional_association,functional
ACSS1,SREBF1,0.45,functional_association,functional
ACSS1,KMO,0.456,functional_association,functional
ACSS1,HMGCS1,0.484,functional_association,functional
ACSS1,H6PD,0.523,functional_association,functional
ACSS1,LDHA,0.543,functional_association,functional
ACSS1,CPT2,0.562,functional_association,functional
SCD5,SCD,0.94,functional_association,functional
SCD5,ACACA,0.666,functional_association,functional
CYP8B1,SREBF2,0.523,functional_association,functional
SCD5,HMGCS1,0.485,functional_association,functional
CD209,RHOA,0.918,functional_association,functional
SCD5,INSIG1,0.406,functional_association,functional
SCD5,HMGCS2,0.436,functional_association,functional
SCD5,DGAT1,0.459,functional_association,functional
SCD5,ADIPOQ,0.479,functional_association,functional
SCD5,ACLY,0.482,functional_association,functional
SCD5,ACSL1,0.5,functional_association,functional
SCD5,ELOVL5,0.623,functional_association,functional
SCD5,ACSL4,0.506,functional_association,functional
SCD5,ACSL3,0.516,functional_association,functional
SCD5,FADS1,0.569,functional_association,functional
SCD5,ACACB,0.571,functional_association,functional
SCD5,SREBF1,0.585,functional_association,functional
SCD5,NR1H3,0.595,functional_association,functional
ACSS1,HMGCL,0.581,functional_association,functional
ACSS1,ACSL1,0.584,functional_association,functional
ACSS1,HMGCS2,0.634,functional_association,functional
CYP8B1,GPT,0.43,functional_association,functional
BACE1,HSPA5,0.597,functional_association,functional
BACE1,BCL2,0.67,functional_association,functional
BACE1,GSK3B,0.677,functional_association,functional
BACE1,CDK5,0.876,functional_association,functional
BACE1,PSEN1,0.972,functional_association,functional
CYP8B1,CYB5A,0.408,functional_association,functional
CYP8B1,TBL1X,0.431,functional_association,functional
ACSS1,HSDL2,0.727,functional_association,functional
CYP8B1,DHCR24,0.437,functional_association,functional
CYP8B1,IDI1,0.453,functional_association,functional
CYP8B1,XPR1,0.472,functional_association,functional
CYP8B1,SCD,0.483,functional_association,functional
CYP8B1,CYP3A4,0.513,functional_association,functional
CYP8B1,LBR,0.519,functional_association,functional
BACE1,ACTB,0.596,functional_association,functional
BACE1,TNF,0.532,functional_association,functional
BACE1,AKT1,0.524,functional_association,functional
BACE1,GAPDH,0.516,functional_association,functional
BACE1,INS,0.513,functional_association,functional
BACE1,IL6,0.503,functional_association,functional
BACE1,PXDNL,0.481,functional_association,functional
BACE1,SOAT1,0.473,functional_association,functional
BACE1,JUN,0.448,functional_association,functional
BACE1,PTGS2,0.446,functional_association,functional
ACSS1,ACACA,0.957,functional_association,functional
ACSS1,ACAT2,0.954,functional_association,functional
ACSS1,ACOX3,0.954,functional_association,functional
ACSS1,ACACB,0.95,functional_association,functional
ACSS1,HADHB,0.931,functional_association,functional
ACSS1,ACAA1,0.911,functional_association,functional
ACSS1,ACLY,0.84,functional_association,functional
MLXIPL,SREBF2,0.688,functional_association,functional
MLXIPL,ADIPOQ,0.709,functional_association,functional
HMGCS1,SOAT1,0.454,functional_association,functional
FADS1,FDPS,0.406,functional_association,functional
TRIT1,GART,0.531,functional_association,functional
FADS1,ACSL1,0.4,functional_association,functional
FADS1,NCOA6,0.4,functional_association,functional
FADS1,HELZ2,0.4,functional_association,functional
FADS1,CHD9,0.403,functional_association,functional
FADS1,NCOA2,0.405,functional_association,functional
FADS1,CARM1,0.406,functional_association,functional
TRIT1,FDFT1,0.446,functional_association,functional
FADS1,TBL1XR1,0.409,functional_association,functional
FADS1,ACLY,0.411,functional_association,functional
FADS1,SREBF2,0.418,functional_association,functional
FADS1,NCOA1,0.43,functional_association,functional
FADS1,RXRA,0.435,functional_association,functional
FADS1,TBL1X,0.44,functional_association,functional
TRIT1,PDSS2,0.492,functional_association,functional
TRIT1,LIAS,0.415,functional_association,functional
FADS1,ACACA,0.452,functional_association,functional
LPA,INS,0.576,functional_association,functional
SLC2A4,AKT1,0.89,functional_association,functional
SLC2A4,INS,0.977,functional_association,functional
LPA,NR1H4,0.4,functional_association,functional
LPA,IL6,0.437,functional_association,functional
LPA,GPT,0.486,functional_association,functional
LPA,ANGPTL3,0.501,functional_association,functional
LPA,ABCG1,0.663,functional_association,functional
TRIT1,TOP2A,0.409,functional_association,functional
LPA,VLDLR,0.694,functional_association,functional
LPA,ABCA1,0.74,functional_association,functional
LPA,MTTP,0.756,functional_association,functional
LPA,LPL,0.794,functional_association,functional
LPA,PLTP,0.856,functional_association,functional
LPA,APOA5,0.947,functional_association,functional
FADS1,HMGCS1,0.444,functional_association,functional
FADS1,ACAT2,0.454,functional_association,functional
MLXIPL,INSIG1,0.712,functional_association,functional
HMGCS1,H6PD,0.435,functional_association,functional
HMGCS1,CHD9,0.411,functional_association,functional
HMGCS1,INS,0.418,functional_association,functional
HMGCS1,PDSS2,0.419,functional_association,functional
HMGCS1,GAPDH,0.421,functional_association,functional
HMGCS1,ELOVL5,0.429,functional_association,functional
HMGCS1,NR1H4,0.429,functional_association,functional
HMGCS1,CPT2,0.441,functional_association,functional
HMGCS1,NCOA6,0.406,functional_association,functional
HMGCS1,XPR1,0.442,functional_association,functional
HMGCS1,ACSL1,0.443,functional_association,functional
HMGCS1,ACOX3,0.447,functional_association,functional
HMGCS1,DGAT1,0.448,functional_association,functional
HMGCS1,TBL1X,0.449,functional_association,functional
HMGCS1,HAO1,0.454,functional_association,functional
HMGCS1,MTTP,0.406,functional_association,functional
HMGCS1,ACACB,0.405,functional_association,functional
FADS1,FDFT1,0.475,functional_association,functional
FADS1,PPARA,0.743,functional_association,functional
FADS1,DHCR7,0.492,functional_association,functional
FADS1,DGAT1,0.502,functional_association,functional
FADS1,INS,0.506,functional_association,functional
FADS1,CH25H,0.544,functional_association,functional
FADS1,SREBF1,0.57,functional_association,functional
FADS1,ELOVL6,0.701,functional_association,functional
FADS1,EBP,0.833,functional_association,functional
HMGCS1,ACTB,0.403,functional_association,functional
FADS1,ELOVL5,0.836,functional_association,functional
FADS1,SCD,0.959,functional_association,functional
HMGCS1,HELZ2,0.4,functional_association,functional
HMGCS1,POR,0.401,functional_association,functional
HMGCS1,TBL1XR1,0.403,functional_association,functional
HMGCS1,ACSL4,0.403,functional_association,functional
SLC2A4,ADIPOQ,0.887,functional_association,functional
SLC2A4,GAPDH,0.819,functional_association,functional
SLC2A4,PPARA,0.745,functional_association,functional
SLC2A4,GPX3,0.458,functional_association,functional
SLC2A4,PRKAA1,0.453,functional_association,functional
SLC2A4,GPX7,0.457,functional_association,functional
SLC2A4,GPX2,0.457,functional_association,functional
SLC2A4,GPX6,0.457,functional_association,functional
SLC2A4,GPX8,0.457,functional_association,functional
SLC2A4,GPX5,0.457,functional_association,functional
SLC2A4,ABCG2,0.466,functional_association,functional
SLC2A4,ABCA1,0.43,functional_association,functional
SLC2A4,ESR1,0.468,functional_association,functional
SLC2A4,PKLR,0.474,functional_association,functional
SLC2A4,CPT2,0.485,functional_association,functional
SLC2A4,MMP9,0.492,functional_association,functional
SLC2A4,HELZ2,0.499,functional_association,functional
SLC2A4,IGF1R,0.506,functional_association,functional
SLC2A4,ACOX3,0.441,functional_association,functional
SLC2A4,BCL2,0.429,functional_association,functional
SLC2A4,SREBF1,0.729,functional_association,functional
MLXIPL,SREBF1,0.9,functional_association,functional
MLXIPL,INS,0.724,functional_association,functional
MLXIPL,NR1H4,0.727,functional_association,functional
MLXIPL,SCD,0.732,functional_association,functional
MLXIPL,PPARA,0.738,functional_association,functional
MLXIPL,ACACA,0.748,functional_association,functional
MLXIPL,PKLR,0.821,functional_association,functional
MLXIPL,ACLY,0.911,functional_association,functional
SLC2A4,PRKAA2,0.425,functional_association,functional
SLC2A4,PNLIP,0.4,functional_association,functional
SLC2A4,PRKAB1,0.409,functional_association,functional
SLC2A4,LPIN1,0.41,functional_association,functional
SLC2A4,HSD11B1,0.41,functional_association,functional
SLC2A4,ACSL1,0.417,functional_association,functional
SLC2A4,SREBF2,0.422,functional_association,functional
SLC2A4,GPT,0.508,functional_association,functional
SLC2A4,JUN,0.512,functional_association,functional
SLC2A4,DGAT1,0.516,functional_association,functional
SLC2A4,MTOR,0.623,functional_association,functional
SLC2A4,GSK3B,0.605,functional_association,functional
SLC2A4,MGAM,0.613,functional_association,functional
SLC2A4,FOXO1,0.614,functional_association,functional
SLC2A4,ACTB,0.619,functional_association,functional
SLC2A4,TNF,0.621,functional_association,functional
SLC2A4,RXRA,0.622,functional_association,functional
SLC2A4,PFKFB3,0.638,functional_association,functional
SLC2A4,G6PD,0.52,functional_association,functional
SLC2A4,IL6,0.65,functional_association,functional
SLC2A4,PNPLA2,0.676,functional_association,functional
SLC2A4,G6PC2,0.696,functional_association,functional
SLC2A4,GCG,0.697,functional_association,functional
SLC2A4,LPL,0.716,functional_association,functional
SLC2A4,CD36,0.719,functional_association,functional
SLC2A4,UCP2,0.603,functional_association,functional
SLC2A4,STK11,0.593,functional_association,functional
SLC2A4,NCOA1,0.59,functional_association,functional
SLC2A4,PTGS2,0.59,functional_association,functional
SLC2A4,HIF1A,0.587,functional_association,functional
SLC2A4,SCD,0.585,functional_association,functional
SLC2A4,ACACA,0.583,functional_association,functional
SLC2A4,PXDNL,0.575,functional_association,functional
SLC2A4,CAV1,0.571,functional_association,functional
SLC2A4,NCOA2,0.568,functional_association,functional
SLC2A4,LDHA,0.561,functional_association,functional
SLC2A4,AGT,0.559,functional_association,functional
SLC2A4,H6PD,0.544,functional_association,functional
SLC2A4,HK1,0.527,functional_association,functional
SLC2A4,ACACB,0.525,functional_association,functional
SLC2A4,ACLY,0.523,functional_association,functional
SLC2A4,PFKFB1,0.521,functional_association,functional
PCSK9,ANGPTL3,0.773,functional_association,functional
CYP7A1,ACAT2,0.471,functional_association,functional
PCSK9,MBTPS1,0.727,functional_association,functional
HMGCR,MGAM,0.627,functional_association,functional
HMGCR,BACE1,0.629,functional_association,functional
HMGCR,DGAT1,0.632,functional_association,functional
HMGCR,MBTPS1,0.632,functional_association,functional
HMGCR,AKT1,0.643,functional_association,functional
HMGCR,COQ2,0.649,functional_association,functional
HMGCR,IGHD,0.652,functional_association,functional
HMGCR,ACOX1,0.625,functional_association,functional
HMGCR,EBP,0.655,functional_association,functional
HMGCR,ACSL3,0.656,functional_association,functional
HMGCR,NOS3,0.662,functional_association,functional
HMGCR,KMO,0.665,functional_association,functional
HMGCR,CYP7B1,0.667,functional_association,functional
HMGCR,SOAT2,0.67,functional_association,functional
HMGCR,LPL,0.626,functional_association,functional
HMGCR,HSD11B1,0.624,functional_association,functional
HMGCR,MLXIPL,0.684,functional_association,functional
HMGCR,GSK3B,0.601,functional_association,functional
HMGCR,IL6,0.59,functional_association,functional
HMGCR,PSRC1,0.59,functional_association,functional
HMGCR,STARD4,0.593,functional_association,functional
HMGCR,NR1H3,0.596,functional_association,functional
HMGCR,CD36,0.596,functional_association,functional
HMGCR,GPX8,0.6,functional_association,functional
HMGCR,PLTP,0.601,functional_association,functional
HMGCR,MORC3,0.623,functional_association,functional
HMGCR,RHOA,0.605,functional_association,functional
HMGCR,ACACB,0.605,functional_association,functional
HMGCR,AACS,0.606,functional_association,functional
HMGCR,GPT2,0.606,functional_association,functional
HMGCR,RNF145,0.61,functional_association,functional
HMGCR,NR1H4,0.616,functional_association,functional
HMGCR,GAPDH,0.67,functional_association,functional
HMGCR,MYLIP,0.685,functional_association,functional
HMGCR,PDSS1,0.578,functional_association,functional
HMGCR,DHCR24,0.829,functional_association,functional
HMGCR,NSDHL,0.791,functional_association,functional
HMGCR,LSS,0.801,functional_association,functional
HMGCR,GPT,0.805,functional_association,functional
HMGCR,ACE,0.806,functional_association,functional
HMGCR,FASN,0.82,functional_association,functional
HMGCR,HMGCLL1,0.84,functional_association,functional
HMGCR,ACACA,0.785,functional_association,functional
HMGCR,PPARA,0.856,functional_association,functional
HMGCR,ABCA1,0.866,functional_association,functional
HMGCR,HMGCL,0.869,functional_association,functional
HMGCR,HMGA1,0.882,functional_association,functional
HMGCR,MVD,0.896,functional_association,functional
HMGCR,ACAT2,0.9,functional_association,functional
HMGCR,SYVN1,0.787,functional_association,functional
HMGCR,MTTP,0.777,functional_association,functional
HMGCR,CYP3A4,0.687,functional_association,functional
HMGCR,ACLY,0.711,functional_association,functional
HMGCR,CYP8B1,0.69,functional_association,functional
HMGCR,SOAT1,0.692,functional_association,functional
HMGCR,ABCG1,0.697,functional_association,functional
HMGCR,FABP1,0.698,functional_association,functional
HMGCR,CH25H,0.7,functional_association,functional
HMGCR,COQ6,0.706,functional_association,functional
HMGCR,INS,0.717,functional_association,functional
HMGCR,MTF1,0.764,functional_association,functional
HMGCR,LIPC,0.719,functional_association,functional
HMGCR,ALB,0.734,functional_association,functional
HMGCR,ABCG5,0.743,functional_association,functional
HMGCR,SCD,0.747,functional_association,functional
HMGCR,XPR1,0.761,functional_association,functional
HMGCR,RNF139,0.762,functional_association,functional
HMGCR,ACTB,0.578,functional_association,functional
HMGCR,SEL1L,0.576,functional_association,functional
ACOX1,POR,0.444,functional_association,functional
HMGCR,SLC2A4,0.487,functional_association,functional
HMGCR,LPIN1,0.472,functional_association,functional
HMGCR,CYP19A1,0.472,functional_association,functional
HMGCR,SCP2,0.476,functional_association,functional
HMGCR,PXDNL,0.476,functional_association,functional
HMGCR,CARM1,0.479,functional_association,functional
HMGCR,LBR,0.487,functional_association,functional
HMGCR,ACAA1,0.488,functional_association,functional
HMGCR,POC5,0.471,functional_association,functional
HMGCR,ACSL1,0.488,functional_association,functional
HMGCR,GCG,0.49,functional_association,functional
HMGCR,MTOR,0.492,functional_association,functional
HMGCR,GPX7,0.493,functional_association,functional
HMGCR,EPHX2,0.493,functional_association,functional
HMGCR,GPX2,0.493,functional_association,functional
HMGCR,ACOX3,0.471,functional_association,functional
HMGCR,ADRB2,0.469,functional_association,functional
HMGCR,GPX5,0.494,functional_association,functional
HMGCR,CHD9,0.461,functional_association,functional
HMGCR,NUS1,0.456,functional_association,functional
HMGCR,ABCB1,0.458,functional_association,functional
HMGCR,FOXM1,0.458,functional_association,functional
HMGCR,MTHFR,0.459,functional_association,functional
HMGCR,TRIT1,0.46,functional_association,functional
HMGCR,APOA5,0.46,functional_association,functional
HMGCR,UGCG,0.462,functional_association,functional
HMGCR,PNLIP,0.469,functional_association,functional
HMGCR,MBTPS2,0.462,functional_association,functional
HMGCR,PTGS2,0.463,functional_association,functional
HMGCR,RUSC1,0.463,functional_association,functional
HMGCR,NPC2,0.464,functional_association,functional
HMGCR,STARD13,0.464,functional_association,functional
HMGCR,HSD3B1,0.467,functional_association,functional
HMGCR,GPX3,0.494,functional_association,functional
HMGCR,GPX6,0.494,functional_association,functional
HMGCR,CYP1A1,0.575,functional_association,functional
HMGCR,COASY,0.551,functional_association,functional
HMGCR,ADIPOQ,0.532,functional_association,functional
HMGCR,HADHB,0.534,functional_association,functional
HMGCR,ELOVL6,0.535,functional_association,functional
HMGCR,SPTLC3,0.535,functional_association,functional
HMGCR,TBL1X,0.537,functional_association,functional
HMGCR,ERLIN1,0.546,functional_association,functional
HMGCR,NFYC,0.553,functional_association,functional
HMGCR,RXRA,0.559,functional_association,functional
HMGCR,ABCB11,0.56,functional_association,functional
HMGCR,CYCS,0.56,functional_association,functional
HMGCR,PKLR,0.571,functional_association,functional
HMGCR,TNF,0.572,functional_association,functional
HMGCR,CEL,0.573,functional_association,functional
HMGCR,AGT,0.528,functional_association,functional
HMGCR,NFYA,0.524,functional_association,functional
HMGCR,STK11,0.496,functional_association,functional
HMGCR,SERPINA3,0.506,functional_association,functional
HMGCR,NCOA4,0.496,functional_association,functional
HMGCR,UCP2,0.497,functional_association,functional
HMGCR,PDSS2,0.499,functional_association,functional
HMGCR,FAXDC2,0.501,functional_association,functional
HMGCR,DHDDS,0.503,functional_association,functional
HMGCR,DHRS11,0.507,functional_association,functional
HMGCR,TRIM33,0.518,functional_association,functional
HMGCR,CASP3,0.507,functional_association,functional
HMGCR,ACSL4,0.51,functional_association,functional
HMGCR,LEP,0.512,functional_association,functional
HMGCR,POR,0.515,functional_association,functional
HMGCR,CDK5,0.516,functional_association,functional
HMGCR,UBE2G2,0.516,functional_association,functional
HMGCR,DHCR7,0.904,functional_association,functional
HMGCR,PCSK9,0.91,functional_association,functional
HMGCR,PMVK,0.913,functional_association,functional
ACE,ESR1,0.507,functional_association,functional
ACE,CYP2C19,0.452,functional_association,functional
ACE,CYP2D6,0.462,functional_association,functional
ACE,CASP3,0.463,functional_association,functional
ACE,CAV1,0.468,functional_association,functional
ACE,JUN,0.469,functional_association,functional
ACE,HIF1A,0.493,functional_association,functional
ACE,GPT2,0.512,functional_association,functional
ACE,MTOR,0.436,functional_association,functional
ACE,CYP3A4,0.535,functional_association,functional
ACE,GAPDH,0.539,functional_association,functional
ACE,PPARA,0.539,functional_association,functional
ACE,PXDNL,0.54,functional_association,functional
ACE,HSPA5,0.546,functional_association,functional
ACE,ADRB2,0.552,functional_association,functional
ACE,SLC2A4,0.437,functional_association,functional
ACE,BACE1,0.43,functional_association,functional
ACE,VCAM1,0.58,functional_association,functional
AMFR,VCP,0.999,functional_association,functional
AMFR,RNF139,0.884,functional_association,functional
AMFR,ERLIN1,0.892,functional_association,functional
AMFR,HSPA5,0.895,functional_association,functional
AMFR,SYVN1,0.921,functional_association,functional
AMFR,ERLIN2,0.968,functional_association,functional
AMFR,SEL1L,0.978,functional_association,functional
AMFR,UBE2G2,0.999,functional_association,functional
ACE,HK1,0.427,functional_association,functional
AMFR,INSIG1,0.999,functional_association,functional
ACE,BCL2,0.403,functional_association,functional
ACE,CD36,0.408,functional_association,functional
ACE,RHOA,0.417,functional_association,functional
ACE,LPA,0.417,functional_association,functional
ACE,CYCS,0.42,functional_association,functional
ACE,PTGS2,0.576,functional_association,functional
ACE,LEP,0.611,functional_association,functional
HMGCR,NPC1L1,0.918,functional_association,functional
ACOX1,GPX5,0.419,functional_association,functional
ACE,INS,0.849,functional_association,functional
ACE,ALB,0.912,functional_association,functional
ACE,AGT,0.999,functional_association,functional
ACOX1,IL6,0.401,functional_association,functional
ACOX1,TBL1XR1,0.408,functional_association,functional
ACOX1,CYCS,0.417,functional_association,functional
ACOX1,GPX6,0.42,functional_association,functional
ACE,IL6,0.776,functional_association,functional
ACOX1,GPX8,0.42,functional_association,functional
ACOX1,LIPA,0.421,functional_association,functional
ACOX1,GPX7,0.432,functional_association,functional
ACOX1,CHD9,0.434,functional_association,functional
ACOX1,ALB,0.436,functional_association,functional
ACOX1,GPX2,0.442,functional_association,functional
ACE,MTHFR,0.818,functional_association,functional
ACE,ACTB,0.765,functional_association,functional
ACE,IRS1,0.614,functional_association,functional
ACE,GPX5,0.657,functional_association,functional
ACE,ADIPOQ,0.626,functional_association,functional
ACE,AKT1,0.627,functional_association,functional
ACE,PCSK9,0.651,functional_association,functional
ACE,GPX2,0.656,functional_association,functional
ACE,GPX7,0.657,functional_association,functional
ACE,GPX6,0.657,functional_association,functional
ACE,GPX8,0.657,functional_association,functional
ACE,MMP9,0.733,functional_association,functional
ACE,GPX3,0.658,functional_association,functional
ACE,GCG,0.666,functional_association,functional
ACE,MGAM,0.675,functional_association,functional
ACE,GPT,0.72,functional_association,functional
ACE,TNF,0.72,functional_association,functional
ACE,NOS3,0.731,functional_association,functional
AMFR,CYP3A4,0.782,functional_association,functional
AMFR,AUP1,0.712,functional_association,functional
AMFR,MLXIPL,0.511,functional_association,functional
NPC1L1,CEL,0.454,functional_association,functional
NPC1L1,LPA,0.405,functional_association,functional
NPC1L1,ACAT2,0.41,functional_association,functional
NPC1L1,CYP8B1,0.418,functional_association,functional
NPC1L1,INS,0.43,functional_association,functional
NPC1L1,PNLIP,0.443,functional_association,functional
NPC1L1,LIPC,0.451,functional_association,functional
NPC1L1,NR1H3,0.497,functional_association,functional
NPC1L1,MYLIP,0.4,functional_association,functional
NPC1L1,DGAT1,0.503,functional_association,functional
NPC1L1,APOA5,0.505,functional_association,functional
NPC1L1,LPL,0.506,functional_association,functional
NPC1L1,INSIG1,0.509,functional_association,functional
NPC1L1,ANGPTL3,0.514,functional_association,functional
NPC1L1,PPARA,0.537,functional_association,functional
NPC1L1,HMGCS1,0.402,functional_association,functional
HMGCR,HMGCS2,0.999,functional_association,functional
AMFR,SREBF2,0.437,functional_association,functional
HMGCR,CYP7A1,0.925,functional_association,functional
HMGCR,IDI1,0.926,functional_association,functional
HMGCR,PRKAG3,0.928,functional_association,functional
HMGCR,PRKAB1,0.928,functional_association,functional
HMGCR,PRKAG1,0.932,functional_association,functional
HMGCR,PRKAA2,0.932,functional_association,functional
HMGCR,HMGCS1,0.999,functional_association,functional
HMGCR,FDFT1,0.954,functional_association,functional
HMGCR,SREBF1,0.956,functional_association,functional
HMGCR,FDPS,0.967,functional_association,functional
HMGCR,SREBF2,0.985,functional_association,functional
NPC1L1,ABCB11,0.545,functional_association,functional
NPC1L1,XPR1,0.581,functional_association,functional
NPC1L1,NR1H4,0.584,functional_association,functional
STC1,INS,0.424,functional_association,functional
SLCO2B1,ABCB1,0.679,functional_association,functional
SLCO2B1,ABCC2,0.719,functional_association,functional
SLCO2B1,ABCG2,0.775,functional_association,functional
STC1,UCP2,0.401,functional_association,functional
STC1,HIF1A,0.402,functional_association,functional
STC1,PTGS2,0.419,functional_association,functional
STC1,AGT,0.425,functional_association,functional
NPC1L1,CD36,0.595,functional_association,functional
STC1,ABCA1,0.451,functional_association,functional
STC1,SREBF1,0.463,functional_association,functional
STC1,SREBF2,0.507,functional_association,functional
STC1,MBTPS1,0.548,functional_association,functional
STC1,TNF,0.555,functional_association,functional
STC1,GCG,0.597,functional_association,functional
SLCO2B1,ABCB11,0.674,functional_association,functional
SLCO2B1,CYP3A4,0.625,functional_association,functional
SLCO2B1,CYP2C8,0.489,functional_association,functional
SLCO2B1,CYP2D6,0.472,functional_association,functional
SLCO2B1,ESR1,0.463,functional_association,functional
SLCO2B1,CYP2C19,0.448,functional_association,functional
NPC1L1,CYP7A1,0.94,functional_association,functional
NPC1L1,ABCG5,0.906,functional_association,functional
NPC1L1,SREBF2,0.838,functional_association,functional
NPC1L1,NPC2,0.826,functional_association,functional
NPC1L1,ABCA1,0.815,functional_association,functional
NPC1L1,SREBF1,0.761,functional_association,functional
NPC1L1,PCSK9,0.723,functional_association,functional
NPC1L1,PLTP,0.717,functional_association,functional
NPC1L1,SOAT2,0.695,functional_association,functional
NPC1L1,MTTP,0.691,functional_association,functional
NPC1L1,ABCG1,0.641,functional_association,functional
HMGCR,STIP1,0.456,functional_association,functional
HMGCR,FADS1,0.456,functional_association,functional
HMGCR,ABCG2,0.455,functional_association,functional
PPARG,TERT,0.501,functional_association,functional
PPARG,VLDLR,0.474,functional_association,functional
PPARG,HSPA5,0.481,functional_association,functional
PPARG,LIPC,0.485,functional_association,functional
PPARG,ADRB2,0.486,functional_association,functional
PPARG,PNLIP,0.493,functional_association,functional
PPARG,BACE1,0.493,functional_association,functional
PPARG,ACACB,0.503,functional_association,functional
PPARG,TBL1XR1,0.463,functional_association,functional
PPARG,OLR1,0.508,functional_association,functional
PPARG,ELOVL6,0.51,functional_association,functional
PPARG,PRKAA2,0.51,functional_association,functional
PPARG,RHOA,0.513,functional_association,functional
PPARG,STK11,0.516,functional_association,functional
PPARG,CYP19A1,0.518,functional_association,functional
PPARG,HMGCS2,0.47,functional_association,functional
PPARG,CYP3A4,0.459,functional_association,functional
PPARG,EPHX2,0.531,functional_association,functional
PPARG,ABCG5,0.414,functional_association,functional
ACAA2,HMGCL,0.966,functional_association,functional
ACAA2,ACOX3,0.986,functional_association,functional
ACAA2,ACOX1,0.989,functional_association,functional
ACAA2,HMGCS1,0.995,functional_association,functional
ACAA2,HMGCS2,0.996,functional_association,functional
PPARG,ABCG2,0.408,functional_association,functional
PPARG,LIPA,0.418,functional_association,functional
PPARG,HSD11B1,0.459,functional_association,functional
PPARG,GPT2,0.428,functional_association,functional
PPARG,ELOVL5,0.429,functional_association,functional
PPARG,PCSK9,0.432,functional_association,functional
PPARG,G6PD,0.436,functional_association,functional
PPARG,APOA5,0.441,functional_association,functional
PPARG,H6PD,0.456,functional_association,functional
PPARG,INSIG1,0.519,functional_association,functional
PPARG,PRKAA1,0.532,functional_association,functional
PPARG,CASP3,0.694,functional_association,functional
PPARG,BCL2,0.649,functional_association,functional
PPARG,GPT,0.626,functional_association,functional
PPARG,NOS3,0.627,functional_association,functional
PPARG,GSK3B,0.634,functional_association,functional
PPARG,VCAM1,0.635,functional_association,functional
PPARG,PPARA,0.647,functional_association,functional
PPARG,IGF1R,0.648,functional_association,functional
PPARG,ACOX3,0.655,functional_association,functional
PPARG,CYP7A1,0.616,functional_association,functional
PPARG,PXDNL,0.661,functional_association,functional
PPARG,HMGCR,0.661,functional_association,functional
PPARG,ACE,0.674,functional_association,functional
PPARG,AGT,0.677,functional_association,functional
PPARG,ALB,0.682,functional_association,functional
PPARG,MLXIPL,0.685,functional_association,functional
PPARG,GPX3,0.621,functional_association,functional
PPARG,FABP1,0.606,functional_association,functional
PPARG,TBL1X,0.538,functional_association,functional
PPARG,MGAM,0.571,functional_association,functional
PPARG,NR1H4,0.539,functional_association,functional
PPARG,CPT2,0.548,functional_association,functional
PPARG,ZMPSTE24,0.549,functional_association,functional
PPARG,CYP1A1,0.552,functional_association,functional
PPARG,MTTP,0.558,functional_association,functional
PPARG,ACLY,0.563,functional_association,functional
PPARG,NCOA4,0.571,functional_association,functional
PPARG,GPX8,0.599,functional_association,functional
PPARG,ACSL4,0.588,functional_association,functional
PPARG,GPX7,0.593,functional_association,functional
PPARG,GPX5,0.593,functional_association,functional
PPARG,GPX6,0.593,functional_association,functional
PPARG,CYCS,0.596,functional_association,functional
PPARG,GPX2,0.598,functional_association,functional
ACAA2,HADHB,0.961,functional_association,functional
ACAA2,HMGCLL1,0.937,functional_association,functional
ACAA2,ACSS1,0.937,functional_association,functional
APP,TNF,0.799,functional_association,functional
APP,IL6,0.68,functional_association,functional
APP,CYCS,0.709,functional_association,functional
APP,CARM1,0.717,functional_association,functional
APP,CAV1,0.725,functional_association,functional
APP,PLTP,0.761,functional_association,functional
APP,JUN,0.79,functional_association,functional
APP,INS,0.799,functional_association,functional
APP,AKT1,0.665,functional_association,functional
APP,SERPINA3,0.8,functional_association,functional
APP,ACTB,0.801,functional_association,functional
APP,LPA,0.808,functional_association,functional
APP,APOA5,0.826,functional_association,functional
APP,VLDLR,0.829,functional_association,functional
APP,CDK5,0.868,functional_association,functional
APP,NOS3,0.677,functional_association,functional
APP,PXDNL,0.658,functional_association,functional
ACAA2,ACAA1,0.935,functional_association,functional
APP,LIPC,0.573,functional_association,functional
APP,IGHD,0.526,functional_association,functional
APP,DHCR24,0.531,functional_association,functional
APP,PPARG,0.548,functional_association,functional
APP,ABCA1,0.55,functional_association,functional
APP,HSPA5,0.563,functional_association,functional
APP,VCAM1,0.563,functional_association,functional
APP,ADRB2,0.591,functional_association,functional
APP,VCP,0.652,functional_association,functional
APP,BCL2,0.594,functional_association,functional
APP,AGT,0.627,functional_association,functional
APP,CD36,0.635,functional_association,functional
APP,PTGS2,0.642,functional_association,functional
APP,MMP9,0.644,functional_association,functional
APP,LPL,0.645,functional_association,functional
APP,GSK3B,0.897,functional_association,functional
APP,ALB,0.901,functional_association,functional
APP,CASP3,0.908,functional_association,functional
ACAA2,PEX5,0.662,functional_association,functional
ACAA2,FASN,0.575,functional_association,functional
ACAA2,ACACB,0.59,functional_association,functional
ACAA2,ACACA,0.612,functional_association,functional
ACAA2,HMGCR,0.613,functional_association,functional
ACAA2,FDPS,0.618,functional_association,functional
ACAA2,CD36,0.623,functional_association,functional
ACAA2,MVD,0.739,functional_association,functional
APP,GAPDH,0.98,functional_association,functional
ACAA2,SCP2,0.742,functional_association,functional
ACAA2,ACSL1,0.788,functional_association,functional
ACAA2,CPT2,0.822,functional_association,functional
ACAA2,ACLY,0.912,functional_association,functional
ACAA2,HSDL2,0.918,functional_association,functional
ACAA2,ACAT2,0.922,functional_association,functional
ACAA2,AACS,0.561,functional_association,functional
ACAA2,IDI1,0.557,functional_association,functional
ACAA2,ACSL3,0.549,functional_association,functional
ACAA2,FDFT1,0.542,functional_association,functional
ACAA2,PMVK,0.521,functional_association,functional
ACAA2,LSS,0.508,functional_association,functional
ACAA2,LDHA,0.497,functional_association,functional
ACAA2,ACSL4,0.495,functional_association,functional
ACAA2,PPARA,0.495,functional_association,functional
ACAA2,SCD,0.476,functional_association,functional
ACAA2,H6PD,0.448,functional_association,functional
ACAA2,GAPDH,0.438,functional_association,functional
ACAA2,COASY,0.427,functional_association,functional
ACAA2,HMGA1,0.417,functional_association,functional
ACAA2,DGAT1,0.41,functional_association,functional
APP,PSEN1,0.999,functional_association,functional
APP,BACE1,0.999,functional_association,functional
PPARG,GCG,0.687,functional_association,functional
PPARG,DGAT1,0.699,functional_association,functional
HMGCR,CD209,0.451,functional_association,functional
HMGCR,GOT1,0.419,functional_association,functional
HMGCR,PSEN1,0.417,functional_association,functional
HMGCR,CYB5B,0.417,functional_association,functional
HMGCR,VCAM1,0.418,functional_association,functional
HMGCR,ZMPSTE24,0.419,functional_association,functional
HMGCR,FOXO1,0.419,functional_association,functional
HMGCR,CYB5A,0.419,functional_association,functional
HMGCR,BCL2,0.419,functional_association,functional
HMGCR,HK1,0.417,functional_association,functional
HMGCR,G6PC2,0.422,functional_association,functional
HMGCR,TERT,0.423,functional_association,functional
HMGCR,JUN,0.423,functional_association,functional
HMGCR,H6PD,0.424,functional_association,functional
HMGCR,PPARD,0.426,functional_association,functional
HMGCR,LIAS,0.427,functional_association,functional
HMGCR,PGGT1B,0.417,functional_association,functional
HMGCR,IRS1,0.415,functional_association,functional
HMGCR,HSPA5,0.428,functional_association,functional
HMGCR,CYP2C8,0.405,functional_association,functional
HMGCR,HAO2,0.402,functional_association,functional
HMGCR,DHRS7B,0.402,functional_association,functional
HMGCR,CHFR,0.402,functional_association,functional
HMGCR,TOP2A,0.403,functional_association,functional
HMGCR,ABCC2,0.404,functional_association,functional
HMGCR,CPT2,0.404,functional_association,functional
HMGCR,MTUS2,0.414,functional_association,functional
HMGCR,OLR1,0.406,functional_association,functional
HMGCR,FBXO40,0.406,functional_association,functional
HMGCR,CXCL16,0.408,functional_association,functional
HMGCR,GPX4,0.41,functional_association,functional
HMGCR,METAP2,0.414,functional_association,functional
HMGCR,CAV1,0.427,functional_association,functional
HMGCR,MED1,0.428,functional_association,functional
PPARG,G6PC2,0.7,functional_association,functional
HMGCR,NCOA6,0.447,functional_association,functional
HMGCR,ICMT,0.441,functional_association,functional
HMGCR,ESR1,0.441,functional_association,functional
HMGCR,VLDLR,0.442,functional_association,functional
HMGCR,ANGPTL3,0.444,functional_association,functional
HMGCR,PNPLA2,0.445,functional_association,functional
HMGCR,LIPA,0.446,functional_association,functional
HMGCR,GLUL,0.448,functional_association,functional
HMGCR,GART,0.439,functional_association,functional
HMGCR,CYP2C19,0.449,functional_association,functional
HMGCR,STC1,0.449,functional_association,functional
HMGCR,HMGB2,0.449,functional_association,functional
HMGCR,NCOA1,0.45,functional_association,functional
HMGCR,NCOA2,0.451,functional_association,functional
HMGCR,HIF1A,0.451,functional_association,functional
HMGCR,ELOVL5,0.441,functional_association,functional
HMGCR,HSD3B7,0.438,functional_association,functional
HMGCR,CYP17A1,0.429,functional_association,functional
HMGCR,DHFR,0.432,functional_association,functional
HMGCR,G6PD,0.429,functional_association,functional
HMGCR,HSDL2,0.429,functional_association,functional
HMGCR,SLCO2B1,0.43,functional_association,functional
HMGCR,MMP9,0.432,functional_association,functional
HMGCR,LPA,0.432,functional_association,functional
HMGCR,PEX5,0.432,functional_association,functional
HMGCR,SCD5,0.434,functional_association,functional
HMGCR,FNTA,0.438,functional_association,functional
HMGCR,LDHA,0.434,functional_association,functional
HMGCR,ACSS1,0.435,functional_association,functional
HMGCR,SLCO1A2,0.435,functional_association,functional
HMGCR,PFKFB3,0.435,functional_association,functional
HMGCR,USP20,0.437,functional_association,functional
HMGCR,CYP2D6,0.437,functional_association,functional
HMGCR,TRIB1,0.402,functional_association,functional
HMGCR,HAO1,0.402,functional_association,functional
HMGCR,POLR2F,0.401,functional_association,functional
PPARG,NR1H3,0.865,functional_association,functional
PPARG,IL6,0.82,functional_association,functional
PPARG,JUN,0.849,functional_association,functional
PPARG,HIF1A,0.854,functional_association,functional
PPARG,FOXO1,0.856,functional_association,functional
PPARG,UCP2,0.859,functional_association,functional
PPARG,FASN,0.86,functional_association,functional
PPARG,CDK5,0.909,functional_association,functional
PPARG,TNF,0.807,functional_association,functional
PPARG,LPIN1,0.909,functional_association,functional
PPARG,SLC2A4,0.934,functional_association,functional
PPARG,NCOA6,0.94,functional_association,functional
PPARG,SREBF2,0.94,functional_association,functional
PPARG,LPL,0.941,functional_association,functional
PPARG,CD36,0.942,functional_association,functional
PPARG,ABCA1,0.82,functional_association,functional
PPARG,ESR1,0.794,functional_association,functional
HMGCR,NDUFAF6,0.401,functional_association,functional
PPARG,ACOX1,0.74,functional_association,functional
PPARG,ACACA,0.703,functional_association,functional
PPARG,HELZ2,0.711,functional_association,functional
PPARG,PPARD,0.715,functional_association,functional
PPARG,IRS1,0.726,functional_association,functional
PPARG,HMGA1,0.733,functional_association,functional
PPARG,PTGS2,0.735,functional_association,functional
PPARG,GAPDH,0.742,functional_association,functional
PPARG,AKT1,0.79,functional_association,functional
PPARG,ACSL1,0.745,functional_association,functional
PPARG,SCD,0.746,functional_association,functional
PPARG,ABCG1,0.76,functional_association,functional
PPARG,MMP9,0.765,functional_association,functional
PPARG,CAV1,0.765,functional_association,functional
PPARG,PNPLA2,0.769,functional_association,functional
PPARG,INS,0.944,functional_association,functional
PPARG,LEP,0.948,functional_association,functional
PPARG,MTOR,0.964,functional_association,functional
PRKAG2,PRKAG1,0.979,functional_association,functional
PRKAG2,MTOR,0.922,functional_association,functional
PRKAG2,ACACA,0.927,functional_association,functional
PRKAG2,ACACB,0.932,functional_association,functional
PRKAG2,HMGCR,0.932,functional_association,functional
PRKAG2,PRKAG3,0.946,functional_association,functional
PRKAG2,STK11,0.962,functional_association,functional
PRKAG2,PRKAA2,0.998,functional_association,functional
PPARG,ADIPOQ,0.965,functional_association,functional
PRKAG2,PRKAB1,0.999,functional_association,functional
PRKAG2,PRKAA1,0.999,functional_association,functional
HMGCR,HELZ2,0.4,functional_association,functional
HMGCR,LNP1,0.4,functional_association,functional
HMGCR,LDLRAP1,0.4,functional_association,functional
HMGCR,WDR97,0.401,functional_association,functional
PRKAG2,FOXO1,0.913,functional_association,functional
PRKAG2,EPHX2,0.852,functional_association,functional
PRKAG2,PFKFB3,0.748,functional_association,functional
PRKAG2,PFKFB1,0.727,functional_association,functional
PRKAG2,ADIPOQ,0.584,functional_association,functional
PRKAG2,MLXIPL,0.56,functional_association,functional
PRKAG2,GART,0.55,functional_association,functional
PRKAG2,TRIB1,0.494,functional_association,functional
PRKAG2,PSEN1,0.489,functional_association,functional
PRKAG2,RXRA,0.417,functional_association,functional
PPARG,NCOA1,0.999,functional_association,functional
PPARG,MED1,0.999,functional_association,functional
PPARG,RXRA,0.999,functional_association,functional
PPARG,NCOA2,0.998,functional_association,functional
PPARG,XPR1,0.996,functional_association,functional
PPARG,SREBF1,0.982,functional_association,functional
PPARG,ACTB,0.971,functional_association,functional
ACOX1,GPX3,0.442,functional_association,functional
ACOX1,NCOA6,0.453,functional_association,functional
PCSK9,LPA,0.71,functional_association,functional
MED1,LPL,0.556,functional_association,functional
MED1,HSD3B1,0.489,functional_association,functional
MED1,NSDHL,0.493,functional_association,functional
MED1,ABCA1,0.496,functional_association,functional
MED1,CYP1A1,0.507,functional_association,functional
MED1,CYP7A1,0.53,functional_association,functional
MED1,SLC2A4,0.543,functional_association,functional
MED1,CD36,0.559,functional_association,functional
MED1,HMGCS2,0.458,functional_association,functional
MED1,LEP,0.564,functional_association,functional
MED1,ADIPOQ,0.593,functional_association,functional
MED1,HELZ2,0.612,functional_association,functional
MED1,SREBF1,0.619,functional_association,functional
MED1,TBL1X,0.626,functional_association,functional
MED1,TBL1XR1,0.627,functional_association,functional
MED1,APOA5,0.473,functional_association,functional
MED1,HMGCS1,0.439,functional_association,functional
MED1,PPARD,0.71,functional_association,functional
LIPC,CEL,0.931,functional_association,functional
LIPC,LPIN1,0.752,functional_association,functional
LIPC,DGAT1,0.798,functional_association,functional
LIPC,VLDLR,0.842,functional_association,functional
LIPC,LPA,0.872,functional_association,functional
LIPC,APOA5,0.914,functional_association,functional
LIPC,PLTP,0.929,functional_association,functional
LIPC,PNLIP,0.935,functional_association,functional
MED1,ACSL1,0.433,functional_association,functional
LIPC,PNPLA2,0.956,functional_association,functional
LIPC,LPL,0.957,functional_association,functional
MED1,AGT,0.4,functional_association,functional
MED1,FDFT1,0.405,functional_association,functional
MED1,CPT2,0.416,functional_association,functional
MED1,FADS1,0.431,functional_association,functional
MED1,CHD9,0.702,functional_association,functional
MED1,PKLR,0.713,functional_association,functional
LIPC,LIPA,0.716,functional_association,functional
MVD,COQ2,0.47,functional_association,functional
MVD,ACACA,0.432,functional_association,functional
MVD,NUS1,0.44,functional_association,functional
MVD,CYP7A1,0.44,functional_association,functional
MVD,ICMT,0.452,functional_association,functional
MVD,ACLY,0.459,functional_association,functional
MVD,CH25H,0.461,functional_association,functional
MVD,INSIG1,0.492,functional_association,functional
MVD,LBR,0.426,functional_association,functional
MVD,ACAA1,0.505,functional_association,functional
MVD,DHDDS,0.523,functional_association,functional
MVD,COASY,0.541,functional_association,functional
MVD,HADHB,0.544,functional_association,functional
MVD,SERPINA3,0.594,functional_association,functional
MVD,DHCR24,0.641,functional_association,functional
MVD,AACS,0.429,functional_association,functional
MVD,CYP8B1,0.424,functional_association,functional
MED1,NCOA2,0.774,functional_association,functional
MED1,JUN,0.911,functional_association,functional
MED1,METAP2,0.783,functional_association,functional
MED1,NR1H3,0.867,functional_association,functional
MED1,PPARA,0.886,functional_association,functional
MED1,NCOA6,0.887,functional_association,functional
MED1,NR1H4,0.895,functional_association,functional
MED1,NCOA1,0.898,functional_association,functional
MED1,CARM1,0.944,functional_association,functional
MVD,COQ6,0.422,functional_association,functional
MED1,POLR2F,0.983,functional_association,functional
MED1,RXRA,0.986,functional_association,functional
MED1,ESR1,0.998,functional_association,functional
MVD,H6PD,0.404,functional_association,functional
MVD,CYP7B1,0.408,functional_association,functional
MVD,KMO,0.409,functional_association,functional
LIPC,ABCA1,0.746,functional_association,functional
LIPC,ACSL1,0.702,functional_association,functional
ACOX1,IRS1,0.462,functional_association,functional
HSD3B7,CYP19A1,0.421,functional_association,functional
NOS3,AKT1,0.997,functional_association,functional
NOS3,CAV1,0.999,functional_association,functional
HSD3B7,MVD,0.401,functional_association,functional
HSD3B7,IDI1,0.404,functional_association,functional
HSD3B7,HMGCS1,0.406,functional_association,functional
HSD3B7,WDR97,0.407,functional_association,functional
HSD3B7,POR,0.425,functional_association,functional
NOS3,AGT,0.792,functional_association,functional
HSD3B7,CYP3A4,0.435,functional_association,functional
HSD3B7,CYP17A1,0.449,functional_association,functional
HSD3B7,NR1H4,0.454,functional_association,functional
HSD3B7,FASN,0.462,functional_association,functional
HSD3B7,MED1,0.489,functional_association,functional
HSD3B7,ABCB11,0.503,functional_association,functional
NOS3,ACTB,0.892,functional_association,functional
NOS3,ESR1,0.773,functional_association,functional
HSD3B7,SCP2,0.55,functional_association,functional
NOS3,GPX3,0.656,functional_association,functional
NOS3,GAPDH,0.632,functional_association,functional
NOS3,PTGS2,0.642,functional_association,functional
NOS3,MTHFR,0.65,functional_association,functional
NOS3,GPX7,0.651,functional_association,functional
NOS3,GPX8,0.651,functional_association,functional
NOS3,GPX2,0.651,functional_association,functional
NOS3,GPX5,0.656,functional_association,functional
NOS3,INS,0.732,functional_association,functional
NOS3,GPX6,0.656,functional_association,functional
NOS3,FOXO1,0.663,functional_association,functional
NOS3,MTOR,0.677,functional_association,functional
NOS3,TNF,0.693,functional_association,functional
NOS3,IL6,0.718,functional_association,functional
NOS3,MMP9,0.73,functional_association,functional
HSD3B7,DHCR24,0.549,functional_association,functional
HSD3B7,LBR,0.579,functional_association,functional
LIPC,ANGPTL3,0.669,functional_association,functional
LIPC,PPARA,0.596,functional_association,functional
LIPC,MLXIPL,0.493,functional_association,functional
LIPC,ADIPOQ,0.497,functional_association,functional
LIPC,SREBF1,0.527,functional_association,functional
LIPC,ABCG1,0.528,functional_association,functional
LIPC,TRIB1,0.535,functional_association,functional
LIPC,MTTP,0.552,functional_association,functional
LIPC,ABCG5,0.601,functional_association,functional
LIPC,SPTLC3,0.466,functional_association,functional
LIPC,INS,0.604,functional_association,functional
LIPC,PCSK9,0.608,functional_association,functional
LIPC,NR1H4,0.629,functional_association,functional
LIPC,CYP7A1,0.637,functional_association,functional
LIPC,ACSL4,0.642,functional_association,functional
LIPC,ACSL3,0.654,functional_association,functional
LIPC,SLCO1A2,0.473,functional_association,functional
LIPC,LDLRAP1,0.463,functional_association,functional
HSD3B7,FAXDC2,0.671,functional_association,functional
HSD3B7,CYP7B1,0.988,functional_association,functional
HSD3B7,DHCR7,0.715,functional_association,functional
HSD3B7,FDFT1,0.822,functional_association,functional
HSD3B7,LSS,0.824,functional_association,functional
HSD3B7,CH25H,0.887,functional_association,functional
HSD3B7,CYP7A1,0.978,functional_association,functional
HSD3B7,CYP8B1,0.979,functional_association,functional
LIPC,EPHX2,0.402,functional_association,functional
LIPC,ELOVL5,0.439,functional_association,functional
LIPC,DHCR24,0.406,functional_association,functional
LIPC,LEP,0.408,functional_association,functional
LIPC,NR1H3,0.408,functional_association,functional
LIPC,SREBF2,0.42,functional_association,functional
LIPC,CD36,0.423,functional_association,functional
LIPC,PSRC1,0.435,functional_association,functional
MVD,EBP,0.668,functional_association,functional
MVD,FASN,0.69,functional_association,functional
MVD,PDSS2,0.697,functional_association,functional
CYP7A1,NR1H3,0.879,functional_association,functional
CYP7A1,SREBF2,0.838,functional_association,functional
CYP7A1,PPARA,0.84,functional_association,functional
CYP7A1,CEL,0.848,functional_association,functional
CYP7A1,ABCA1,0.862,functional_association,functional
CYP7A1,LIPA,0.874,functional_association,functional
CYP7A1,SOAT1,0.874,functional_association,functional
CYP7A1,XPR1,0.884,functional_association,functional
CYP7A1,ABCG1,0.827,functional_association,functional
CYP7A1,DHCR24,0.907,functional_association,functional
CYP7A1,ABCG5,0.91,functional_association,functional
CYP7A1,ABCB11,0.934,functional_association,functional
CYP7A1,DHCR7,0.942,functional_association,functional
CYP7A1,CYP3A4,0.947,functional_association,functional
CYP7A1,HSD3B1,0.959,functional_association,functional
CYP7A1,LSS,0.833,functional_association,functional
CYP7A1,SREBF1,0.826,functional_association,functional
CYP7A1,CYP1A1,0.968,functional_association,functional
CYP7A1,FASN,0.681,functional_association,functional
CYP7A1,NSDHL,0.607,functional_association,functional
CYP7A1,CYP2D6,0.615,functional_association,functional
CYP7A1,SCD,0.616,functional_association,functional
CYP7A1,ABCC2,0.637,functional_association,functional
CYP7A1,CYP2C19,0.646,functional_association,functional
CYP7A1,HMGCS2,0.659,functional_association,functional
CYP7A1,CYP19A1,0.681,functional_association,functional
CYP7A1,RXRA,0.808,functional_association,functional
CYP7A1,PLTP,0.687,functional_association,functional
CYP7A1,FAXDC2,0.692,functional_association,functional
CYP7A1,MYLIP,0.716,functional_association,functional
CYP7A1,HMGCS1,0.747,functional_association,functional
CYP7A1,SLCO1A2,0.752,functional_association,functional
CYP7A1,FDFT1,0.757,functional_association,functional
CYP7A1,CYP17A1,0.967,functional_association,functional
CYP7A1,CH25H,0.98,functional_association,functional
MVD,HMGA1,0.718,functional_association,functional
PCSK9,INS,0.617,functional_association,functional
PCSK9,OLR1,0.51,functional_association,functional
PCSK9,GAPDH,0.519,functional_association,functional
PCSK9,ABCG1,0.565,functional_association,functional
PCSK9,ACTB,0.574,functional_association,functional
PCSK9,LPL,0.578,functional_association,functional
PCSK9,AKT1,0.598,functional_association,functional
PCSK9,PPARA,0.62,functional_association,functional
PCSK9,BACE1,0.487,functional_association,functional
PCSK9,SREBF1,0.635,functional_association,functional
PCSK9,MYLIP,0.659,functional_association,functional
PCSK9,APOA5,0.664,functional_association,functional
PCSK9,ABCA1,0.664,functional_association,functional
PCSK9,ABCG5,0.695,functional_association,functional
PCSK9,MTTP,0.703,functional_association,functional
PCSK9,CASP3,0.506,functional_association,functional
PCSK9,IL6,0.474,functional_association,functional
CYP7A1,NR1H4,0.986,functional_association,functional
PCSK9,DHCR7,0.421,functional_association,functional
PCSK9,FDPS,0.404,functional_association,functional
PCSK9,NR1H4,0.405,functional_association,functional
PCSK9,TNF,0.408,functional_association,functional
PCSK9,INSIG1,0.408,functional_association,functional
PCSK9,PXDNL,0.41,functional_association,functional
PCSK9,IGF1R,0.414,functional_association,functional
PCSK9,PLTP,0.422,functional_association,functional
PCSK9,EPHX2,0.472,functional_association,functional
PCSK9,LIPA,0.427,functional_association,functional
PCSK9,TRIB1,0.428,functional_association,functional
PCSK9,BCL2,0.433,functional_association,functional
PCSK9,GPT,0.433,functional_association,functional
PCSK9,XPR1,0.448,functional_association,functional
PCSK9,HMGCS1,0.453,functional_association,functional
CYP7A1,GPT,0.603,functional_association,functional
CYP7A1,PCSK9,0.599,functional_association,functional
CYP7A1,INS,0.59,functional_association,functional
SOAT2,SREBF2,0.519,functional_association,functional
SOAT2,PCSK9,0.401,functional_association,functional
SOAT2,ACACA,0.405,functional_association,functional
SOAT2,INSIG1,0.435,functional_association,functional
SOAT2,LIPA,0.44,functional_association,functional
SOAT2,HMGCS1,0.489,functional_association,functional
SOAT2,ABCA1,0.494,functional_association,functional
SOAT2,MTTP,0.592,functional_association,functional
MVD,IDI1,0.998,functional_association,functional
SOAT2,ABCG5,0.671,functional_association,functional
SOAT2,CH25H,0.864,functional_association,functional
SOAT2,CYP7A1,0.897,functional_association,functional
SOAT2,SOAT1,0.909,functional_association,functional
SOAT2,DHCR7,0.938,functional_association,functional
SOAT2,DHCR24,0.943,functional_association,functional
SOAT2,HMGCS2,0.4,functional_association,functional
MVD,FDPS,0.995,functional_association,functional
CYP7A1,MTTP,0.553,functional_association,functional
MVD,HAO1,0.87,functional_association,functional
MVD,FBXO40,0.727,functional_association,functional
MVD,RUSC1,0.745,functional_association,functional
MVD,PDSS1,0.763,functional_association,functional
MVD,SREBF1,0.835,functional_association,functional
MVD,DHCR7,0.86,functional_association,functional
MVD,NSDHL,0.861,functional_association,functional
MVD,HAO2,0.873,functional_association,functional
MVD,PMVK,0.994,functional_association,functional
MVD,FDFT1,0.873,functional_association,functional
MVD,HMGCS2,0.877,functional_association,functional
MVD,ACAT2,0.883,functional_association,functional
MVD,SREBF2,0.894,functional_association,functional
MVD,LSS,0.918,functional_association,functional
MVD,HMGCS1,0.948,functional_association,functional
CYP7A1,TNF,0.401,functional_association,functional
CYP7A1,HELZ2,0.405,functional_association,functional
CYP7A1,GPT2,0.406,functional_association,functional
CYP7A1,APOA5,0.494,functional_association,functional
ACAA1,ACOX3,0.995,functional_association,functional
CYP7A1,GAPDH,0.472,functional_association,functional
CYP7A1,NCOA6,0.475,functional_association,functional
CYP7A1,CARM1,0.475,functional_association,functional
CYP7A1,MLXIPL,0.478,functional_association,functional
CYP7A1,NCOA2,0.486,functional_association,functional
CYP7A1,HMGA1,0.505,functional_association,functional
CYP7A1,HSD11B1,0.408,functional_association,functional
CYP7A1,LPL,0.507,functional_association,functional
CYP7A1,CD36,0.519,functional_association,functional
CYP7A1,GCG,0.525,functional_association,functional
CYP7A1,NCOA1,0.527,functional_association,functional
CYP7A1,LBR,0.532,functional_association,functional
CYP7A1,ACACA,0.546,functional_association,functional
CYP7A1,TBL1X,0.467,functional_association,functional
CYP7A1,ACOX3,0.467,functional_association,functional
CYP7A1,ACTB,0.464,functional_association,functional
CYP7A1,ANGPTL3,0.444,functional_association,functional
CYP7A1,G6PC2,0.439,functional_association,functional
CYP7A1,INSIG1,0.439,functional_association,functional
CYP7A1,ABCB1,0.439,functional_association,functional
CYP7A1,FDPS,0.434,functional_association,functional
CYP7A1,DGAT1,0.432,functional_association,functional
CYP7A1,IL6,0.425,functional_association,functional
CYP7A1,ACSL1,0.423,functional_association,functional
CYP7A1,IDI1,0.418,functional_association,functional
CYP7A1,LEP,0.418,functional_association,functional
CYP7A1,CHD9,0.415,functional_association,functional
CYP7A1,PNLIP,0.412,functional_association,functional
CYP7A1,PPARD,0.409,functional_association,functional
CYP7A1,TBL1XR1,0.408,functional_association,functional
NOS3,HIF1A,0.624,functional_association,functional
NOS3,CYCS,0.617,functional_association,functional
NOS3,PXDNL,0.614,functional_association,functional
VCAM1,OLR1,0.613,functional_association,functional
VCAM1,LEP,0.586,functional_association,functional
VCAM1,BCL2,0.589,functional_association,functional
VCAM1,CASP3,0.593,functional_association,functional
VCAM1,GAPDH,0.602,functional_association,functional
VCAM1,HIF1A,0.604,functional_association,functional
VCAM1,ACTB,0.605,functional_association,functional
VCAM1,ADIPOQ,0.632,functional_association,functional
VCAM1,IGF1R,0.581,functional_association,functional
VCAM1,ALB,0.65,functional_association,functional
VCAM1,AKT1,0.678,functional_association,functional
VCAM1,AGT,0.685,functional_association,functional
VCAM1,INS,0.69,functional_association,functional
VCAM1,MMP9,0.748,functional_association,functional
VCAM1,PTGS2,0.758,functional_association,functional
VCAM1,JUN,0.581,functional_association,functional
VCAM1,GPT,0.577,functional_association,functional
VCAM1,NOS3,0.81,functional_association,functional
VCAM1,ABCG1,0.475,functional_association,functional
CXCL16,TNF,0.62,functional_association,functional
CXCL16,VCAM1,0.675,functional_association,functional
VCAM1,GSK3B,0.452,functional_association,functional
VCAM1,CAV1,0.461,functional_association,functional
VCAM1,GPX2,0.473,functional_association,functional
VCAM1,GPX5,0.475,functional_association,functional
VCAM1,GPX6,0.476,functional_association,functional
VCAM1,GPX8,0.571,functional_association,functional
VCAM1,ESR1,0.477,functional_association,functional
VCAM1,GPX3,0.483,functional_association,functional
VCAM1,RHOA,0.501,functional_association,functional
VCAM1,GPX7,0.517,functional_association,functional
VCAM1,ABCA1,0.522,functional_association,functional
VCAM1,PPARA,0.567,functional_association,functional
VCAM1,CD36,0.771,functional_association,functional
VCAM1,IL6,0.921,functional_association,functional
FABP1,RXRA,0.599,functional_association,functional
FABP1,CHD9,0.51,functional_association,functional
FABP1,ABCG5,0.49,functional_association,functional
FABP1,NCOA2,0.499,functional_association,functional
FABP1,NCOA6,0.499,functional_association,functional
FABP1,HELZ2,0.499,functional_association,functional
FABP1,CARM1,0.504,functional_association,functional
FABP1,TBL1XR1,0.504,functional_association,functional
FABP1,FDFT1,0.52,functional_association,functional
FABP1,DGAT1,0.476,functional_association,functional
FABP1,TBL1X,0.521,functional_association,functional
FABP1,NCOA1,0.546,functional_association,functional
FABP1,SREBF1,0.549,functional_association,functional
FABP1,MED1,0.55,functional_association,functional
FABP1,MLXIPL,0.558,functional_association,functional
FABP1,ACOX3,0.578,functional_association,functional
FABP1,FASN,0.487,functional_association,functional
FABP1,INS,0.471,functional_association,functional
VCAM1,TNF,0.923,functional_association,functional
FABP1,LPA,0.43,functional_association,functional
FABP1,ELOVL6,0.403,functional_association,functional
FABP1,CYP7A1,0.405,functional_association,functional
FABP1,UCP2,0.406,functional_association,functional
FABP1,DHCR7,0.415,functional_association,functional
FABP1,LPL,0.417,functional_association,functional
FABP1,GLUL,0.418,functional_association,functional
FABP1,ACAA1,0.437,functional_association,functional
FABP1,PTGS2,0.469,functional_association,functional
FABP1,PPARD,0.439,functional_association,functional
FABP1,SCD,0.439,functional_association,functional
FABP1,ACACA,0.439,functional_association,functional
FABP1,LIPC,0.449,functional_association,functional
FABP1,CYP3A4,0.458,functional_association,functional
FABP1,GPT,0.468,functional_association,functional
CXCL16,AGT,0.602,functional_association,functional
CXCL16,IL6,0.581,functional_association,functional
CXCL16,MMP9,0.494,functional_association,functional
ACOX1,SLC2A4,0.548,functional_association,functional
ACOX1,HMGCS1,0.521,functional_association,functional
ACOX1,NCOA1,0.524,functional_association,functional
ACOX1,CYP8B1,0.528,functional_association,functional
ACOX1,ABCA1,0.533,functional_association,functional
ACOX1,GPT,0.545,functional_association,functional
ACOX1,MED1,0.546,functional_association,functional
ACOX1,PXDNL,0.574,functional_association,functional
ACOX1,COASY,0.508,functional_association,functional
ACOX1,MLXIPL,0.577,functional_association,functional
ACOX1,SREBF2,0.588,functional_association,functional
ACOX1,CYP7A1,0.588,functional_association,functional
ACOX1,ELOVL5,0.603,functional_association,functional
ACOX1,ACLY,0.609,functional_association,functional
ACOX1,INS,0.613,functional_association,functional
ACOX1,LEP,0.511,functional_association,functional
ACOX1,GAPDH,0.508,functional_association,functional
CXCL16,OLR1,0.45,functional_association,functional
ACOX1,ACTB,0.481,functional_association,functional
ACOX1,ELOVL6,0.464,functional_association,functional
ACOX1,ABCB11,0.464,functional_association,functional
ACOX1,HELZ2,0.472,functional_association,functional
ACOX1,CARM1,0.476,functional_association,functional
ACOX1,G6PC2,0.478,functional_association,functional
ACOX1,XPR1,0.478,functional_association,functional
ACOX1,NR1H3,0.482,functional_association,functional
ACOX1,NR1H4,0.5,functional_association,functional
ACOX1,TBL1X,0.485,functional_association,functional
ACOX1,G6PD,0.485,functional_association,functional
ACOX1,FADS1,0.489,functional_association,functional
ACOX1,LPIN1,0.49,functional_association,functional
ACOX1,AACS,0.49,functional_association,functional
ACOX1,NCOA2,0.495,functional_association,functional
ACOX1,H6PD,0.622,functional_association,functional
ACOX1,LPL,0.629,functional_association,functional
ACOX1,HAO2,0.635,functional_association,functional
ACOX1,ACSS1,0.956,functional_association,functional
ACOX1,FASN,0.825,functional_association,functional
ACOX1,ACSL1,0.829,functional_association,functional
ACOX1,SREBF1,0.858,functional_association,functional
ACOX1,HSDL2,0.858,functional_association,functional
ACOX1,ACOX3,0.938,functional_association,functional
ACOX1,PPARA,0.944,functional_association,functional
ACOX1,ACAT2,0.965,functional_association,functional
ACOX1,MTTP,0.636,functional_association,functional
ACOX1,PEX5,0.969,functional_association,functional
ACOX1,CPT2,0.982,functional_association,functional
ACOX1,SCP2,0.984,functional_association,functional
ACOX1,HADHB,0.996,functional_association,functional
ACOX1,ACAA1,0.998,functional_association,functional
CXCL16,CD36,0.427,functional_association,functional
ACOX1,FABP1,0.815,functional_association,functional
ACOX1,SCD,0.805,functional_association,functional
ACOX1,ACSL3,0.8,functional_association,functional
ACOX1,ACACB,0.79,functional_association,functional
ACOX1,ACSL4,0.782,functional_association,functional
ACOX1,ACACA,0.778,functional_association,functional
ACOX1,UCP2,0.774,functional_association,functional
ACOX1,EPHX2,0.767,functional_association,functional
ACOX1,HMGCL,0.762,functional_association,functional
ACOX1,ADIPOQ,0.711,functional_association,functional
ACOX1,CD36,0.697,functional_association,functional
ACOX1,HAO1,0.686,functional_association,functional
ACOX1,PPARD,0.667,functional_association,functional
ACOX1,DGAT1,0.656,functional_association,functional
ACOX1,HMGCS2,0.655,functional_association,functional
ACOX1,PNPLA2,0.645,functional_association,functional
ACOX1,RXRA,0.645,functional_association,functional
FABP1,CYP1A1,0.581,functional_association,functional
FABP1,FADS1,0.601,functional_association,functional
NOS3,ADIPOQ,0.606,functional_association,functional
ALB,HAO1,0.889,functional_association,functional
ALB,CASP3,0.815,functional_association,functional
ALB,GCG,0.839,functional_association,functional
ALB,ADIPOQ,0.854,functional_association,functional
ALB,AGT,0.868,functional_association,functional
ALB,TNF,0.87,functional_association,functional
ALB,ACTB,0.886,functional_association,functional
ALB,GPT2,0.892,functional_association,functional
ALB,LPA,0.805,functional_association,functional
ALB,GAPDH,0.895,functional_association,functional
ALB,SERPINA3,0.914,functional_association,functional
ALB,IL6,0.926,functional_association,functional
ALB,GPT,0.928,functional_association,functional
ALB,PXDNL,0.937,functional_association,functional
ALB,CYCS,0.986,functional_association,functional
ALB,ABCG2,0.807,functional_association,functional
ALB,LEP,0.805,functional_association,functional
HMGB2,TOP2A,0.512,functional_association,functional
ALB,CAV1,0.743,functional_association,functional
ALB,GPX5,0.713,functional_association,functional
ALB,GPX3,0.716,functional_association,functional
ALB,LPL,0.717,functional_association,functional
ALB,PCSK9,0.72,functional_association,functional
ALB,GPX2,0.721,functional_association,functional
ALB,GPX8,0.723,functional_association,functional
ALB,CYP3A4,0.744,functional_association,functional
ALB,ESR1,0.796,functional_association,functional
ALB,MMP9,0.745,functional_association,functional
ALB,CD209,0.746,functional_association,functional
ALB,BCL2,0.748,functional_association,functional
ALB,PPARA,0.751,functional_association,functional
ALB,PTGS2,0.772,functional_association,functional
ALB,AKT1,0.795,functional_association,functional
ALB,INS,0.999,functional_association,functional
HMGB2,HMGA1,0.585,functional_association,functional
FABP1,SCP2,0.614,functional_association,functional
NOS3,OLR1,0.542,functional_association,functional
NOS3,DHFR,0.446,functional_association,functional
NOS3,GPT,0.458,functional_association,functional
NOS3,GCG,0.48,functional_association,functional
NOS3,GSK3B,0.491,functional_association,functional
NOS3,SLC2A4,0.519,functional_association,functional
NOS3,PPARA,0.529,functional_association,functional
NOS3,JUN,0.543,functional_association,functional
NOS3,CD36,0.436,functional_association,functional
NOS3,LEP,0.545,functional_association,functional
NOS3,IRS1,0.561,functional_association,functional
NOS3,BCL2,0.579,functional_association,functional
NOS3,RHOA,0.581,functional_association,functional
NOS3,PPARD,0.586,functional_association,functional
NOS3,CASP3,0.604,functional_association,functional
NOS3,ADRB2,0.436,functional_association,functional
NOS3,ABCA1,0.429,functional_association,functional
HMGB2,SYVN1,0.682,functional_association,functional
STARD4,FDPS,0.503,functional_association,functional
STARD4,FDFT1,0.405,functional_association,functional
STARD4,NSDHL,0.438,functional_association,functional
STARD4,DHCR24,0.445,functional_association,functional
STARD4,NPC2,0.451,functional_association,functional
STARD4,DHCR7,0.456,functional_association,functional
STARD4,SCP2,0.459,functional_association,functional
STARD4,IDI1,0.543,functional_association,functional
NOS3,UCP2,0.416,functional_association,functional
STARD4,SREBF2,0.556,functional_association,functional
STARD4,NR1H3,0.568,functional_association,functional
STARD4,INSIG1,0.576,functional_association,functional
STARD4,HMGCS1,0.66,functional_association,functional
STARD4,SREBF1,0.671,functional_association,functional
NOS3,STK11,0.4,functional_association,functional
ALB,GPX6,0.713,functional_association,functional
ALB,GPX7,0.71,functional_association,functional
ALB,JUN,0.697,functional_association,functional
ALB,PDSS1,0.448,functional_association,functional
ALB,SLCO1A2,0.428,functional_association,functional
ALB,PSEN1,0.43,functional_association,functional
ALB,ADRB2,0.432,functional_association,functional
ALB,UCP2,0.443,functional_association,functional
ALB,CEL,0.444,functional_association,functional
ALB,CYP19A1,0.446,functional_association,functional
ALB,CYP2C8,0.45,functional_association,functional
ALB,GPX4,0.425,functional_association,functional
ALB,BACE1,0.454,functional_association,functional
ALB,SCD,0.455,functional_association,functional
ALB,DHFR,0.458,functional_association,functional
ALB,PNPLA2,0.462,functional_association,functional
ALB,FASN,0.465,functional_association,functional
ALB,TERT,0.469,functional_association,functional
ALB,LIPC,0.427,functional_association,functional
ALB,PPARD,0.425,functional_association,functional
ALB,HSPA5,0.687,functional_association,functional
FABP1,CPT2,0.726,functional_association,functional
FABP1,NR1H4,0.623,functional_association,functional
FABP1,ABCA1,0.655,functional_association,functional
FABP1,HMGCS1,0.669,functional_association,functional
FABP1,MTTP,0.719,functional_association,functional
FABP1,APOA5,0.721,functional_association,functional
FABP1,ACSL1,0.726,functional_association,functional
FABP1,AGT,0.73,functional_association,functional
ALB,XPR1,0.414,functional_association,functional
FABP1,HMGCS2,0.752,functional_association,functional
FABP1,ALB,0.776,functional_association,functional
FABP1,CD36,0.938,functional_association,functional
FABP1,PPARA,0.964,functional_association,functional
ALB,SREBF2,0.402,functional_association,functional
ALB,ABCG1,0.407,functional_association,functional
ALB,ABCB11,0.471,functional_association,functional
ALB,CYP2C19,0.473,functional_association,functional
ALB,LDHA,0.484,functional_association,functional
ALB,RHOA,0.624,functional_association,functional
ALB,NR1H4,0.553,functional_association,functional
ALB,CYP1A1,0.562,functional_association,functional
ALB,ABCB1,0.569,functional_association,functional
ALB,MGAM,0.571,functional_association,functional
ALB,SLC2A4,0.591,functional_association,functional
ALB,VCP,0.593,functional_association,functional
ALB,OLR1,0.624,functional_association,functional
ALB,CYP7A1,0.491,functional_association,functional
ALB,NOS3,0.624,functional_association,functional
ALB,MTOR,0.628,functional_association,functional
ALB,COQ2,0.629,functional_association,functional
ALB,CD36,0.64,functional_association,functional
ALB,HIF1A,0.642,functional_association,functional
ALB,GSK3B,0.674,functional_association,functional
ALB,GOT1,0.552,functional_association,functional
ALB,G6PD,0.547,functional_association,functional
ALB,ANGPTL3,0.545,functional_association,functional
ALB,H6PD,0.545,functional_association,functional
ALB,IRS1,0.542,functional_association,functional
ALB,SREBF1,0.541,functional_association,functional
ALB,PNLIP,0.53,functional_association,functional
ALB,ABCA1,0.524,functional_association,functional
ALB,GLUL,0.523,functional_association,functional
ALB,TBL1X,0.52,functional_association,functional
ALB,ABCC2,0.513,functional_association,functional
ALB,FOXO1,0.511,functional_association,functional
ALB,CYP2D6,0.509,functional_association,functional
ALB,MTTP,0.503,functional_association,functional
ALB,G6PC2,0.5,functional_association,functional
ALB,IGF1R,0.496,functional_association,functional
ALB,APOA5,0.496,functional_association,functional
ACAA1,HMGCS2,0.99,functional_association,functional
UBE2G2,INSIG1,0.454,functional_association,functional
COQ6,LBR,0.4,functional_association,functional
FOXO1,HIF1A,0.859,functional_association,functional
FOXO1,ADIPOQ,0.692,functional_association,functional
FOXO1,BCL2,0.7,functional_association,functional
FOXO1,TNF,0.721,functional_association,functional
FOXO1,IL6,0.736,functional_association,functional
FOXO1,GCG,0.77,functional_association,functional
FOXO1,IGF1R,0.783,functional_association,functional
FOXO1,PRKAG3,0.91,functional_association,functional
FOXO1,NR1H4,0.668,functional_association,functional
FOXO1,PRKAB1,0.916,functional_association,functional
FOXO1,ESR1,0.919,functional_association,functional
FOXO1,INS,0.944,functional_association,functional
FOXO1,AKT1,0.999,functional_association,functional
IDI1,ACACA,0.402,functional_association,functional
IDI1,NDUFAF6,0.406,functional_association,functional
FOXO1,PPARA,0.675,functional_association,functional
FOXO1,NCOA1,0.667,functional_association,functional
IDI1,HMGA1,0.543,functional_association,functional
FOXO1,ACACA,0.431,functional_association,functional
HAO1,H6PD,0.604,functional_association,functional
HAO1,PEX5,0.612,functional_association,functional
HAO1,MGAM,0.726,functional_association,functional
FOXO1,LPL,0.411,functional_association,functional
FOXO1,GPX2,0.423,functional_association,functional
FOXO1,GPX5,0.429,functional_association,functional
FOXO1,GPX8,0.448,functional_association,functional
FOXO1,GAPDH,0.65,functional_association,functional
FOXO1,GPX3,0.468,functional_association,functional
FOXO1,CD36,0.469,functional_association,functional
FOXO1,ABCG5,0.55,functional_association,functional
FOXO1,NCOA2,0.592,functional_association,functional
FOXO1,ACTB,0.642,functional_association,functional
FOXO1,UCP2,0.649,functional_association,functional
IDI1,ACLY,0.441,functional_association,functional
IDI1,EBP,0.622,functional_association,functional
HAO1,EPHX2,0.542,functional_association,functional
GPX3,LPL,0.405,functional_association,functional
VLDLR,NR1H3,0.527,functional_association,functional
VLDLR,PPARA,0.529,functional_association,functional
VLDLR,CD36,0.696,functional_association,functional
VLDLR,APOA5,0.711,functional_association,functional
VLDLR,PLTP,0.719,functional_association,functional
VLDLR,LPL,0.911,functional_association,functional
GPX3,GCG,0.416,functional_association,functional
VLDLR,NR1H4,0.428,functional_association,functional
GPX3,POR,0.426,functional_association,functional
GPX3,ESR1,0.427,functional_association,functional
GPX3,MGAM,0.45,functional_association,functional
GPX3,CYP1A1,0.473,functional_association,functional
GPX3,PLTP,0.486,functional_association,functional
GPX3,UCP2,0.52,functional_association,functional
VLDLR,MTTP,0.51,functional_association,functional
VLDLR,SPTLC3,0.422,functional_association,functional
IDI1,FDFT1,0.94,functional_association,functional
GART,COASY,0.521,functional_association,functional
IDI1,LSS,0.966,functional_association,functional
GART,HMGCLL1,0.406,functional_association,functional
GART,G6PD,0.419,functional_association,functional
GART,H6PD,0.494,functional_association,functional
GART,GAPDH,0.495,functional_association,functional
GART,EPHX2,0.516,functional_association,functional
GART,LDHA,0.54,functional_association,functional
VLDLR,INS,0.416,functional_association,functional
GART,PRKAG3,0.55,functional_association,functional
GART,ACLY,0.711,functional_association,functional
GART,ACACA,0.893,functional_association,functional
GART,DHFR,0.989,functional_association,functional
VLDLR,ACACA,0.402,functional_association,functional
VLDLR,DGAT1,0.407,functional_association,functional
HAO1,LSS,0.592,functional_association,functional
HAO1,INS,0.542,functional_association,functional
CYP19A1,BCL2,0.524,functional_association,functional
G6PC2,GCG,0.839,functional_association,functional
G6PC2,MGAM,0.532,functional_association,functional
G6PC2,ADIPOQ,0.567,functional_association,functional
G6PC2,PPARA,0.61,functional_association,functional
G6PC2,AKT1,0.62,functional_association,functional
G6PC2,FOXO1,0.701,functional_association,functional
G6PC2,ABCB11,0.71,functional_association,functional
G6PC2,INS,0.91,functional_association,functional
G6PC2,GPT,0.481,functional_association,functional
G6PC2,H6PD,0.942,functional_association,functional
G6PC2,HK1,0.942,functional_association,functional
G6PC2,G6PD,0.942,functional_association,functional
PDSS1,HAO1,0.468,functional_association,functional
PDSS1,LSS,0.59,functional_association,functional
PDSS1,NDUFAF6,0.616,functional_association,functional
G6PC2,NR1H4,0.495,functional_association,functional
G6PC2,GPX5,0.475,functional_association,functional
PDSS1,IDI1,0.663,functional_association,functional
G6PC2,CD36,0.419,functional_association,functional
PFKFB1,H6PD,0.59,functional_association,functional
PFKFB1,PRKAG3,0.75,functional_association,functional
PFKFB1,PRKAB1,0.757,functional_association,functional
PFKFB1,HK1,0.765,functional_association,functional
PFKFB1,PFKFB3,0.923,functional_association,functional
G6PC2,GAPDH,0.412,functional_association,functional
G6PC2,UCP2,0.426,functional_association,functional
G6PC2,ACACA,0.459,functional_association,functional
G6PC2,GPX3,0.427,functional_association,functional
G6PC2,GPX2,0.427,functional_association,functional
G6PC2,GPX8,0.427,functional_association,functional
G6PC2,MTTP,0.429,functional_association,functional
G6PC2,LPL,0.432,functional_association,functional
G6PC2,IL6,0.433,functional_association,functional
PDSS1,UBIAD1,0.637,functional_association,functional
PDSS1,FDFT1,0.952,functional_association,functional
HAO1,GPT,0.503,functional_association,functional
SYVN1,AUP1,0.987,functional_association,functional
UBIAD1,HAO1,0.807,functional_association,functional
UBIAD1,IDI1,0.823,functional_association,functional
SYVN1,MTTP,0.434,functional_association,functional
SYVN1,MBTPS2,0.458,functional_association,functional
SYVN1,ERLIN1,0.807,functional_association,functional
SYVN1,ERLIN2,0.857,functional_association,functional
AUP1,DGAT1,0.402,functional_association,functional
UBIAD1,LSS,0.443,functional_association,functional
AUP1,MTTP,0.503,functional_association,functional
AUP1,ERLIN2,0.534,functional_association,functional
HAO1,HMGCLL1,0.402,functional_association,functional
HAO1,LDHA,0.41,functional_association,functional
HAO1,DHRS7B,0.42,functional_association,functional
HAO1,HSDL2,0.432,functional_association,functional
UBIAD1,RNF145,0.533,functional_association,functional
MTHFR,DHFR,0.843,functional_association,functional
MTHFR,FDFT1,0.4,functional_association,functional
MTHFR,ABCC2,0.456,functional_association,functional
MTHFR,INS,0.403,functional_association,functional
MTHFR,HMGCLL1,0.404,functional_association,functional
MTHFR,EPHX2,0.406,functional_association,functional
MTHFR,CYP3A4,0.41,functional_association,functional
MTHFR,TNF,0.418,functional_association,functional
MTHFR,GAPDH,0.437,functional_association,functional
MTHFR,CYP2D6,0.482,functional_association,functional
MTHFR,GART,0.737,functional_association,functional
MTHFR,H6PD,0.487,functional_association,functional
MTHFR,CYP1A1,0.513,functional_association,functional
MTHFR,GPT,0.517,functional_association,functional
MTHFR,ABCB1,0.545,functional_association,functional
MTHFR,IL6,0.603,functional_association,functional
MTHFR,IDI1,0.709,functional_association,functional
GPX3,PPARA,0.53,functional_association,functional
GPX3,HIF1A,0.541,functional_association,functional
GPX3,ADIPOQ,0.545,functional_association,functional
GPT,ADIPOQ,0.728,functional_association,functional
GPT,ACTB,0.682,functional_association,functional
GPT,CYP3A4,0.688,functional_association,functional
GPT,H6PD,0.694,functional_association,functional
GPT,GAPDH,0.699,functional_association,functional
GPT,PPARA,0.702,functional_association,functional
GPT,ERLIN1,0.704,functional_association,functional
GPT,MTTP,0.728,functional_association,functional
GPT,NR1H4,0.634,functional_association,functional
GPT,TNF,0.791,functional_association,functional
GPT,GPX5,0.801,functional_association,functional
GPT,GPX8,0.814,functional_association,functional
GPT,IL6,0.828,functional_association,functional
GPT,INS,0.884,functional_association,functional
CYP1A1,TBL1XR1,0.408,functional_association,functional
GPT,GCG,0.649,functional_association,functional
GPT,LDHA,0.618,functional_association,functional
CYP1A1,HELZ2,0.409,functional_association,functional
GPT,HIF1A,0.456,functional_association,functional
GPT,ACLY,0.407,functional_association,functional
GPT,CYP1A1,0.411,functional_association,functional
GPT,DGAT1,0.42,functional_association,functional
GPT,MTUS2,0.423,functional_association,functional
GPT,ESR1,0.44,functional_association,functional
GPT,ABCC2,0.451,functional_association,functional
GPT,CD36,0.478,functional_association,functional
GPT,AKT1,0.608,functional_association,functional
GPT,LPL,0.507,functional_association,functional
GPT,ACACA,0.511,functional_association,functional
GPT,CYP2D6,0.547,functional_association,functional
GPT,MGAM,0.568,functional_association,functional
GPT,BCL2,0.603,functional_association,functional
GPT,ABCB11,0.606,functional_association,functional
CYP1A1,INS,0.409,functional_association,functional
CYP1A1,BCL2,0.411,functional_association,functional
GPX3,ACTB,0.593,functional_association,functional
CYP1A1,CYP19A1,0.953,functional_association,functional
CYP1A1,NCOA1,0.695,functional_association,functional
CYP1A1,RXRA,0.714,functional_association,functional
CYP1A1,PPARA,0.719,functional_association,functional
CYP1A1,POR,0.75,functional_association,functional
CYP1A1,ESR1,0.785,functional_association,functional
CYP1A1,CYP2D6,0.936,functional_association,functional
CYP1A1,CYP3A4,0.987,functional_association,functional
CYP1A1,ABCB1,0.587,functional_association,functional
NDUFAF6,LSS,0.473,functional_association,functional
NDUFAF6,GAPDH,0.584,functional_association,functional
CYP19A1,TNF,0.479,functional_association,functional
CYP19A1,LSS,0.5,functional_association,functional
CYP19A1,IL6,0.507,functional_association,functional
CYP19A1,ADIPOQ,0.509,functional_association,functional
CYP1A1,NCOA2,0.685,functional_association,functional
CYP1A1,ABCG2,0.568,functional_association,functional
CYP1A1,CHD9,0.415,functional_association,functional
CYP1A1,TNF,0.465,functional_association,functional
CYP1A1,ABCB11,0.429,functional_association,functional
CYP1A1,AKT1,0.43,functional_association,functional
CYP1A1,H6PD,0.436,functional_association,functional
CYP1A1,DHRS11,0.454,functional_association,functional
CYP1A1,NR1H4,0.456,functional_association,functional
CYP1A1,GPX5,0.462,functional_association,functional
CYP1A1,GPX8,0.472,functional_association,functional
CYP1A1,GAPDH,0.558,functional_association,functional
CYP1A1,ACSL1,0.473,functional_association,functional
CYP1A1,TBL1X,0.474,functional_association,functional
CYP1A1,EPHX2,0.484,functional_association,functional
CYP1A1,IL6,0.528,functional_association,functional
CYP1A1,ACTB,0.528,functional_association,functional
CYP1A1,ABCC2,0.535,functional_association,functional
ELOVL6,ACACA,0.868,functional_association,functional
ELOVL6,ACLY,0.793,functional_association,functional
ELOVL6,PPARA,0.741,functional_association,functional
GPX2,ACTB,0.593,functional_association,functional
GPX2,MGAM,0.447,functional_association,functional
GPX2,CYP1A1,0.497,functional_association,functional
GPX2,ADIPOQ,0.521,functional_association,functional
GPX2,UCP2,0.523,functional_association,functional
GPX2,PPARA,0.525,functional_association,functional
GPX2,HIF1A,0.532,functional_association,functional
GPX2,AKT1,0.635,functional_association,functional
GPX2,HMGA1,0.443,functional_association,functional
GPX2,GAPDH,0.653,functional_association,functional
GPX2,TNF,0.725,functional_association,functional
GPX2,INS,0.725,functional_association,functional
GPX2,BCL2,0.73,functional_association,functional
GPX2,IL6,0.748,functional_association,functional
GPX2,GPT,0.797,functional_association,functional
GPX2,PLTP,0.444,functional_association,functional
GPX2,ESR1,0.411,functional_association,functional
ELOVL6,ACSL1,0.58,functional_association,functional
GPX3,GPT,0.795,functional_association,functional
GPX3,AKT1,0.635,functional_association,functional
GPX3,GAPDH,0.648,functional_association,functional
GPX3,INS,0.717,functional_association,functional
GPX3,BCL2,0.725,functional_association,functional
GPX3,TNF,0.727,functional_association,functional
GPX3,IL6,0.733,functional_association,functional
GPX3,G6PD,0.81,functional_association,functional
GPX2,GCG,0.409,functional_association,functional
GPX3,H6PD,0.826,functional_association,functional
GPX3,GPX5,0.902,functional_association,functional
GPX3,GPX2,0.913,functional_association,functional
GPX3,GPX8,0.929,functional_association,functional
GPX2,POR,0.402,functional_association,functional
GPX2,DHFR,0.407,functional_association,functional
GPX2,G6PD,0.809,functional_association,functional
GPX2,H6PD,0.82,functional_association,functional
GPX2,GPX5,0.91,functional_association,functional
G6PD,GAPDH,0.97,functional_association,functional
G6PD,INS,0.646,functional_association,functional
G6PD,ACLY,0.785,functional_association,functional
G6PD,GPX8,0.807,functional_association,functional
G6PD,GPX5,0.814,functional_association,functional
G6PD,HK1,0.937,functional_association,functional
G6PD,LDHA,0.963,functional_association,functional
G6PD,H6PD,0.985,functional_association,functional
GPX2,GPX8,0.93,functional_association,functional
ELOVL6,NR1H3,0.408,functional_association,functional
ELOVL6,CD36,0.437,functional_association,functional
ELOVL6,NR1H4,0.468,functional_association,functional
ELOVL6,INS,0.473,functional_association,functional
ELOVL6,LPIN1,0.509,functional_association,functional
ELOVL6,DGAT1,0.565,functional_association,functional
G6PD,GPT,0.612,functional_association,functional
G6PD,TNF,0.606,functional_association,functional
G6PD,AKT1,0.6,functional_association,functional
G6PD,PFKFB3,0.594,functional_association,functional
G6PD,CYP2D6,0.592,functional_association,functional
G6PD,ACACA,0.561,functional_association,functional
G6PD,CYP3A4,0.555,functional_association,functional
G6PD,ACTB,0.532,functional_association,functional
G6PD,POR,0.484,functional_association,functional
G6PD,HIF1A,0.476,functional_association,functional
G6PD,ADIPOQ,0.474,functional_association,functional
G6PD,DHFR,0.434,functional_association,functional
G6PD,IL6,0.422,functional_association,functional
G6PD,PPARA,0.415,functional_association,functional
G6PD,COASY,0.407,functional_association,functional
G6PD,MGAM,0.406,functional_association,functional
G6PD,CYP1A1,0.405,functional_association,functional
PFKFB1,GAPDH,0.54,functional_association,functional
PFKFB1,AKT1,0.508,functional_association,functional
PFKFB1,LDHA,0.475,functional_association,functional
DHCR24,H6PD,0.437,functional_association,functional
PRKAA2,ACACA,0.956,functional_association,functional
PRKAA2,PRKAG3,0.997,functional_association,functional
PRKAA2,PRKAB1,0.999,functional_association,functional
DHCR24,GAPDH,0.406,functional_association,functional
DHCR24,ELOVL6,0.417,functional_association,functional
DHCR24,ACLY,0.437,functional_association,functional
DHCR24,DGAT1,0.445,functional_association,functional
PRKAA2,PFKFB3,0.734,functional_association,functional
DHCR24,ACACA,0.459,functional_association,functional
DHCR24,SPTLC3,0.464,functional_association,functional
DHCR24,VLDLR,0.505,functional_association,functional
DHCR24,ACSL1,0.506,functional_association,functional
DHCR24,HAO1,0.506,functional_association,functional
DHCR24,ABCA1,0.537,functional_association,functional
PRKAA2,FOXO1,0.931,functional_association,functional
PRKAA2,PFKFB1,0.731,functional_association,functional
DHCR24,FDFT1,0.831,functional_association,functional
JUN,HMGA1,0.964,functional_association,functional
JUN,ACTB,0.806,functional_association,functional
JUN,RHOA,0.808,functional_association,functional
JUN,MMP9,0.866,functional_association,functional
JUN,CDK5,0.926,functional_association,functional
JUN,BCL2,0.927,functional_association,functional
JUN,HIF1A,0.961,functional_association,functional
JUN,NCOA1,0.965,functional_association,functional
PRKAA2,ADIPOQ,0.63,functional_association,functional
JUN,PPARA,0.979,functional_association,functional
JUN,TNF,0.989,functional_association,functional
JUN,IL6,0.989,functional_association,functional
JUN,AKT1,0.991,functional_association,functional
JUN,ESR1,0.999,functional_association,functional
PRKAA2,BCL2,0.434,functional_association,functional
DHCR24,IDI1,0.765,functional_association,functional
DHCR24,CEL,0.909,functional_association,functional
CPT2,NCOA6,0.4,functional_association,functional
CYP2C19,CYP19A1,0.519,functional_association,functional
CYP2C19,NR1H4,0.409,functional_association,functional
CYP2C19,MTHFR,0.438,functional_association,functional
CYP2C19,G6PD,0.472,functional_association,functional
CYP2C19,GPT,0.479,functional_association,functional
CYP2C19,ABCB11,0.503,functional_association,functional
CYP2C19,H6PD,0.503,functional_association,functional
CYP2C19,CYP1A1,0.583,functional_association,functional
CYP2C8,CYP3A4,0.973,functional_association,functional
CYP2C19,ABCC2,0.615,functional_association,functional
CYP2C19,ABCG2,0.651,functional_association,functional
CYP2C19,EPHX2,0.651,functional_association,functional
CYP2C19,POR,0.838,functional_association,functional
CYP2C19,ABCB1,0.858,functional_association,functional
CYP2C19,CYP2D6,0.925,functional_association,functional
CYP2C8,EPHX2,0.973,functional_association,functional
CYP2C8,CYP1A1,0.955,functional_association,functional
DHCR24,CH25H,0.93,functional_association,functional
CYP2C8,ABCB11,0.49,functional_association,functional
DHCR24,EBP,0.981,functional_association,functional
DHCR24,LSS,0.982,functional_association,functional
CYP2C8,G6PD,0.433,functional_association,functional
CYP2C8,CYP19A1,0.44,functional_association,functional
CYP2C8,H6PD,0.46,functional_association,functional
CYP2C8,POR,0.472,functional_association,functional
CYP2C8,ABCC2,0.621,functional_association,functional
CYP2C8,CYP2C19,0.943,functional_association,functional
CYP2C8,ABCG2,0.65,functional_association,functional
CYP2C8,ABCB1,0.722,functional_association,functional
CYP2C8,GPX8,0.909,functional_association,functional
CYP2C8,GPX5,0.91,functional_association,functional
CYP2C8,GPX2,0.91,functional_association,functional
CYP2C8,GPX3,0.91,functional_association,functional
JUN,FOXO1,0.792,functional_association,functional
JUN,GAPDH,0.781,functional_association,functional
JUN,INS,0.741,functional_association,functional
GOT1,GAPDH,0.569,functional_association,functional
SCD,ACACA,0.937,functional_association,functional
SCD,ELOVL6,0.984,functional_association,functional
GOT1,GPX2,0.42,functional_association,functional
GOT1,GPX8,0.438,functional_association,functional
GOT1,G6PD,0.454,functional_association,functional
GOT1,H6PD,0.548,functional_association,functional
GOT1,ACLY,0.888,functional_association,functional
SCD,DGAT1,0.792,functional_association,functional
GOT1,LDHA,0.972,functional_association,functional
GOT1,GPT,0.981,functional_association,functional
ELOVL5,INS,0.4,functional_association,functional
ELOVL5,ABCG5,0.403,functional_association,functional
ELOVL5,HMGCL,0.418,functional_association,functional
ELOVL5,LPIN1,0.48,functional_association,functional
SCD,ACLY,0.812,functional_association,functional
SCD,ELOVL5,0.781,functional_association,functional
JUN,NCOA6,0.702,functional_association,functional
SCD,ADIPOQ,0.639,functional_association,functional
SCD,GAPDH,0.566,functional_association,functional
SCD,FOXO1,0.599,functional_association,functional
SCD,MTTP,0.607,functional_association,functional
SCD,FDFT1,0.609,functional_association,functional
SCD,ABCG5,0.623,functional_association,functional
SCD,DHCR24,0.629,functional_association,functional
SCD,RXRA,0.647,functional_association,functional
SCD,PPARA,0.766,functional_association,functional
SCD,LPIN1,0.65,functional_association,functional
SCD,LPL,0.667,functional_association,functional
SCD,ACSL1,0.69,functional_association,functional
SCD,CD36,0.698,functional_association,functional
SCD,INS,0.714,functional_association,functional
SCD,NR1H3,0.756,functional_association,functional
ELOVL5,ELOVL6,0.549,functional_association,functional
ELOVL5,DGAT1,0.551,functional_association,functional
ELOVL5,PPARA,0.567,functional_association,functional
JUN,GPT,0.546,functional_association,functional
JUN,CD36,0.447,functional_association,functional
JUN,NR1H4,0.48,functional_association,functional
JUN,HK1,0.495,functional_association,functional
JUN,ADIPOQ,0.517,functional_association,functional
JUN,TOP2A,0.525,functional_association,functional
JUN,NCOA2,0.544,functional_association,functional
JUN,MTF1,0.553,functional_association,functional
ELOVL5,ACSL1,0.589,functional_association,functional
JUN,IGF1R,0.574,functional_association,functional
JUN,GPX5,0.577,functional_association,functional
JUN,GPX8,0.578,functional_association,functional
JUN,GPX2,0.582,functional_association,functional
JUN,GPX3,0.583,functional_association,functional
JUN,CYP1A1,0.594,functional_association,functional
JUN,GCG,0.433,functional_association,functional
JUN,ABCB1,0.431,functional_association,functional
JUN,TBL1X,0.403,functional_association,functional
ANGPTL3,LPL,0.993,functional_association,functional
ANGPTL3,APOA5,0.885,functional_association,functional
ANGPTL3,NR1H3,0.664,functional_association,functional
ANGPTL3,MTTP,0.619,functional_association,functional
ANGPTL3,RXRA,0.537,functional_association,functional
ANGPTL3,ABCA1,0.529,functional_association,functional
ANGPTL3,LDLRAP1,0.507,functional_association,functional
ANGPTL3,PLTP,0.507,functional_association,functional
ANGPTL3,ABCG5,0.491,functional_association,functional
ANGPTL3,INS,0.474,functional_association,functional
ANGPTL3,PPARA,0.464,functional_association,functional
ANGPTL3,EPHX2,0.415,functional_association,functional
ELOVL5,ACACA,0.634,functional_association,functional
ELOVL5,ACLY,0.607,functional_association,functional
CYP2C19,CYP3A4,0.968,functional_association,functional
CPT2,HELZ2,0.405,functional_association,functional
PFKFB1,G6PD,0.449,functional_association,functional
ABCA1,TBL1X,0.487,functional_association,functional
ABCA1,HELZ2,0.449,functional_association,functional
ABCA1,NCOA2,0.468,functional_association,functional
ABCA1,ABCG5,0.47,functional_association,functional
ABCA1,NCOA6,0.474,functional_association,functional
ABCA1,FDFT1,0.477,functional_association,functional
ABCA1,ACACA,0.485,functional_association,functional
ABCA1,ADIPOQ,0.488,functional_association,functional
ABCA1,CHD9,0.427,functional_association,functional
ABCA1,AKT1,0.496,functional_association,functional
ABCA1,ACSL1,0.505,functional_association,functional
ABCA1,RHOA,0.546,functional_association,functional
ABCA1,GAPDH,0.548,functional_association,functional
ABCA1,ACTB,0.551,functional_association,functional
ABCA1,MTTP,0.566,functional_association,functional
ABCA1,TBL1XR1,0.447,functional_association,functional
ABCA1,DGAT1,0.427,functional_association,functional
ABCA1,NCOA1,0.581,functional_association,functional
HMGCL,H6PD,0.464,functional_association,functional
LDLRAP1,ADIPOQ,0.454,functional_association,functional
LDLRAP1,VLDLR,0.483,functional_association,functional
LDLRAP1,APOA5,0.487,functional_association,functional
LDLRAP1,LPL,0.548,functional_association,functional
LDLRAP1,ABCG5,0.679,functional_association,functional
HMGCL,GART,0.406,functional_association,functional
HMGCL,MTHFR,0.475,functional_association,functional
ABCA1,ACLY,0.405,functional_association,functional
HMGCL,EPHX2,0.508,functional_association,functional
HMGCL,HSDL2,0.524,functional_association,functional
HMGCL,COASY,0.562,functional_association,functional
HMGCL,PEX5,0.567,functional_association,functional
HMGCL,ACLY,0.889,functional_association,functional
HMGCL,HMGCLL1,0.936,functional_association,functional
ABCA1,SPTLC3,0.576,functional_association,functional
ABCA1,TNF,0.581,functional_association,functional
CPT2,NCOA1,0.409,functional_association,functional
NCOA6,HELZ2,0.667,functional_association,functional
NCOA6,NR1H3,0.493,functional_association,functional
NCOA6,POLR2F,0.543,functional_association,functional
NCOA6,ACTB,0.551,functional_association,functional
NCOA6,CHD9,0.562,functional_association,functional
NCOA6,TBL1XR1,0.613,functional_association,functional
NCOA6,TBL1X,0.62,functional_association,functional
NCOA6,NCOA2,0.786,functional_association,functional
NCOA6,NR1H4,0.472,functional_association,functional
NCOA6,PPARA,0.801,functional_association,functional
NCOA6,NCOA1,0.912,functional_association,functional
NCOA6,ESR1,0.913,functional_association,functional
NCOA6,RXRA,0.962,functional_association,functional
PFKFB1,HIF1A,0.434,functional_association,functional
PFKFB1,INS,0.437,functional_association,functional
NCOA6,CD36,0.475,functional_association,functional
NCOA6,ACSL1,0.441,functional_association,functional
ABCA1,VLDLR,0.582,functional_association,functional
ABCA1,NR1H4,0.754,functional_association,functional
ABCA1,NPC2,0.589,functional_association,functional
ABCA1,APOA5,0.61,functional_association,functional
ABCA1,IL6,0.613,functional_association,functional
ABCA1,ESR1,0.613,functional_association,functional
ABCA1,LPL,0.67,functional_association,functional
ABCA1,INS,0.742,functional_association,functional
ABCA1,PLTP,0.829,functional_association,functional
NCOA6,CYP1A1,0.435,functional_association,functional
ABCA1,CD36,0.831,functional_association,functional
ABCA1,PPARA,0.877,functional_association,functional
ABCA1,RXRA,0.916,functional_association,functional
ABCA1,NR1H3,0.967,functional_association,functional
NCOA6,FDFT1,0.4,functional_association,functional
NCOA6,APOA5,0.409,functional_association,functional
LDLRAP1,ABCA1,0.412,functional_association,functional
LDLRAP1,EPHX2,0.411,functional_association,functional
LDLRAP1,FDFT1,0.4,functional_association,functional
SCP2,EPHX2,0.604,functional_association,functional
CPT2,PPARA,0.859,functional_association,functional
SCP2,H6PD,0.407,functional_association,functional
SCP2,NPC2,0.421,functional_association,functional
SCP2,PLTP,0.432,functional_association,functional
SCP2,DHRS11,0.451,functional_association,functional
SCP2,COASY,0.533,functional_association,functional
SCP2,HAO1,0.635,functional_association,functional
CPT2,SCP2,0.632,functional_association,functional
SCP2,ACSL1,0.668,functional_association,functional
SCP2,HMGCL,0.668,functional_association,functional
SCP2,HSDL2,0.704,functional_association,functional
SCP2,PEX5,0.989,functional_association,functional
CH25H,CYP3A4,0.418,functional_association,functional
CH25H,IL6,0.463,functional_association,functional
CPT2,ACSL1,0.679,functional_association,functional
CPT2,CD36,0.625,functional_association,functional
UGCG,SPTLC3,0.822,functional_association,functional
CPT2,UCP2,0.479,functional_association,functional
CPT2,LDHA,0.411,functional_association,functional
CPT2,NCOA2,0.411,functional_association,functional
CPT2,HSDL2,0.415,functional_association,functional
CPT2,TBL1XR1,0.418,functional_association,functional
CPT2,CHD9,0.419,functional_association,functional
CPT2,TBL1X,0.453,functional_association,functional
CPT2,INS,0.48,functional_association,functional
CPT2,ACACA,0.618,functional_association,functional
CPT2,COASY,0.486,functional_association,functional
CPT2,LPL,0.486,functional_association,functional
CPT2,DGAT1,0.52,functional_association,functional
CPT2,ACLY,0.547,functional_association,functional
CPT2,HMGCL,0.568,functional_association,functional
CPT2,RXRA,0.574,functional_association,functional
CH25H,NDUFAF6,0.479,functional_association,functional
CH25H,ABCA1,0.487,functional_association,functional
CH25H,IDI1,0.638,functional_association,functional
MMP9,TNF,0.93,functional_association,functional
MMP9,ESR1,0.772,functional_association,functional
MMP9,ACTB,0.778,functional_association,functional
MMP9,BCL2,0.804,functional_association,functional
MMP9,GAPDH,0.814,functional_association,functional
MMP9,HIF1A,0.824,functional_association,functional
MMP9,AKT1,0.827,functional_association,functional
MMP9,IL6,0.959,functional_association,functional
CH25H,CEL,0.818,functional_association,functional
ZMPSTE24,GART,0.403,functional_association,functional
ZMPSTE24,PGGT1B,0.408,functional_association,functional
ZMPSTE24,MBTPS2,0.547,functional_association,functional
UGCG,GAPDH,0.409,functional_association,functional
UGCG,NPC2,0.508,functional_association,functional
UGCG,GART,0.547,functional_association,functional
MMP9,RHOA,0.763,functional_association,functional
MMP9,IGF1R,0.688,functional_association,functional
MMP9,INS,0.655,functional_association,functional
MMP9,CD36,0.578,functional_association,functional
MMP9,ADIPOQ,0.545,functional_association,functional
MMP9,GPX8,0.537,functional_association,functional
MMP9,GPX3,0.533,functional_association,functional
MMP9,GPX2,0.532,functional_association,functional
MMP9,GPX5,0.519,functional_association,functional
MMP9,PPARA,0.47,functional_association,functional
MMP9,GPT,0.46,functional_association,functional
MMP9,ABCB1,0.46,functional_association,functional
MMP9,ABCA1,0.458,functional_association,functional
MMP9,FOXO1,0.442,functional_association,functional
MMP9,ABCG2,0.438,functional_association,functional
CH25H,FDFT1,0.902,functional_association,functional
CH25H,LSS,0.9,functional_association,functional
CYP19A1,GAPDH,0.518,functional_association,functional
CYP19A1,CYP2D6,0.525,functional_association,functional
SCD,CPT2,0.558,functional_association,functional
CD36,MTTP,0.603,functional_association,functional
CD36,NR1H4,0.518,functional_association,functional
CD36,HIF1A,0.52,functional_association,functional
CD36,ACLY,0.54,functional_association,functional
CD36,NR1H3,0.588,functional_association,functional
CD36,AKT1,0.596,functional_association,functional
CD36,UCP2,0.602,functional_association,functional
CD36,ACTB,0.612,functional_association,functional
TOP2A,AKT1,0.595,functional_association,functional
CD36,TBL1X,0.617,functional_association,functional
CD36,RXRA,0.669,functional_association,functional
CD36,ACACA,0.686,functional_association,functional
CD36,DGAT1,0.821,functional_association,functional
CD36,ACSL1,0.857,functional_association,functional
CD36,LPL,0.877,functional_association,functional
CD36,HELZ2,0.513,functional_association,functional
TOP2A,ABCB1,0.417,functional_association,functional
PLTP,MTTP,0.455,functional_association,functional
TBL1XR1,CD36,0.421,functional_association,functional
ESR1,AKT1,0.913,functional_association,functional
ESR1,ACTB,0.947,functional_association,functional
ESR1,HIF1A,0.948,functional_association,functional
ESR1,IGF1R,0.999,functional_association,functional
TBL1XR1,FDFT1,0.4,functional_association,functional
TBL1XR1,ACSL1,0.411,functional_association,functional
TBL1XR1,APOA5,0.444,functional_association,functional
TOP2A,ACTB,0.414,functional_association,functional
TBL1XR1,NR1H3,0.519,functional_association,functional
TBL1XR1,HELZ2,0.534,functional_association,functional
TBL1XR1,RXRA,0.61,functional_association,functional
TBL1XR1,TBL1X,0.999,functional_association,functional
ERLIN1,ERLIN2,0.998,functional_association,functional
TOP2A,CYP2D6,0.41,functional_association,functional
EBP,FDFT1,0.783,functional_association,functional
PLTP,GPX8,0.456,functional_association,functional
ESR1,DHRS11,0.738,functional_association,functional
POR,H6PD,0.469,functional_association,functional
RXRA,LPL,0.641,functional_association,functional
RXRA,NR1H4,0.999,functional_association,functional
RXRA,NR1H3,0.999,functional_association,functional
CDK5,ACTB,0.516,functional_association,functional
POR,GPX8,0.418,functional_association,functional
POR,FDFT1,0.462,functional_association,functional
POR,CYP2D6,0.654,functional_association,functional
RXRA,ACSL1,0.62,functional_association,functional
POR,CYP3A4,0.992,functional_association,functional
ACSL1,TBL1X,0.464,functional_association,functional
ACSL1,CEL,0.649,functional_association,functional
ACSL1,COASY,0.712,functional_association,functional
ACSL1,ACLY,0.734,functional_association,functional
ACSL1,ACACA,0.807,functional_association,functional
RXRA,TBL1X,0.622,functional_association,functional
RXRA,AKT1,0.595,functional_association,functional
PLTP,NR1H4,0.515,functional_association,functional
HELZ2,ACSL1,0.431,functional_association,functional
PLTP,RXRA,0.583,functional_association,functional
PLTP,NR1H3,0.707,functional_association,functional
PLTP,APOA5,0.856,functional_association,functional
PLTP,LPL,0.886,functional_association,functional
HELZ2,APOA5,0.407,functional_association,functional
HELZ2,FDFT1,0.415,functional_association,functional
HELZ2,LPL,0.499,functional_association,functional
RXRA,APOA5,0.509,functional_association,functional
HELZ2,TBL1X,0.568,functional_association,functional
HELZ2,RXRA,0.604,functional_association,functional
RXRA,NCOA4,0.4,functional_association,functional
RXRA,CYP3A4,0.462,functional_association,functional
RXRA,FDFT1,0.468,functional_association,functional
RXRA,UCP2,0.481,functional_association,functional
ESR1,NR1H4,0.744,functional_association,functional
ESR1,CYP2D6,0.712,functional_association,functional
CYP19A1,ACTB,0.528,functional_association,functional
TNF,ACACA,0.575,functional_association,functional
TNF,NR1H3,0.448,functional_association,functional
TNF,LDHA,0.458,functional_association,functional
TNF,MTUS2,0.479,functional_association,functional
TNF,NR1H4,0.533,functional_association,functional
TNF,LPL,0.55,functional_association,functional
TNF,TBL1X,0.562,functional_association,functional
TNF,IGF1R,0.63,functional_association,functional
TNF,ABCB1,0.433,functional_association,functional
TNF,UCP2,0.649,functional_association,functional
TNF,ESR1,0.652,functional_association,functional
TNF,CD36,0.711,functional_association,functional
TNF,GPX8,0.734,functional_association,functional
TNF,RHOA,0.779,functional_association,functional
TNF,HIF1A,0.818,functional_association,functional
TNF,CYP3A4,0.434,functional_association,functional
TNF,H6PD,0.43,functional_association,functional
TNF,AKT1,0.907,functional_association,functional
LPIN1,CD36,0.466,functional_association,functional
CHD9,RXRA,0.802,functional_association,functional
PRKAG3,PFKFB3,0.731,functional_association,functional
PRKAG3,EPHX2,0.843,functional_association,functional
PRKAG3,ACACA,0.922,functional_association,functional
PRKAG3,PRKAB1,0.999,functional_association,functional
LPIN1,AKT1,0.4,functional_association,functional
LPIN1,ACLY,0.544,functional_association,functional
TNF,MGAM,0.413,functional_association,functional
LPIN1,ACSL1,0.583,functional_association,functional
LPIN1,CEL,0.666,functional_association,functional
LPIN1,ACACA,0.671,functional_association,functional
LPIN1,DGAT1,0.911,functional_association,functional
LPIN1,LPL,0.937,functional_association,functional
TNF,PFKFB3,0.413,functional_association,functional
TNF,ACTB,0.847,functional_association,functional
HMGA1,HIF1A,0.42,functional_association,functional
ESR1,NCOA4,0.684,functional_association,functional
ESR1,GPX8,0.409,functional_association,functional
RHOA,IGF1R,0.47,functional_association,functional
RHOA,ESR1,0.506,functional_association,functional
RHOA,HIF1A,0.555,functional_association,functional
RHOA,CDK5,0.567,functional_association,functional
RHOA,AKT1,0.904,functional_association,functional
RHOA,ACTB,0.978,functional_association,functional
ESR1,TOP2A,0.498,functional_association,functional
NCOA2,RXRA,0.999,functional_association,functional
ESR1,EPHX2,0.501,functional_association,functional
ESR1,ABCB1,0.528,functional_association,functional
ESR1,ABCG2,0.552,functional_association,functional
ESR1,TBL1XR1,0.568,functional_association,functional
ESR1,RXRA,0.651,functional_association,functional
ESR1,CYP3A4,0.681,functional_association,functional
RHOA,PGGT1B,0.404,functional_association,functional
NCOA2,ESR1,0.999,functional_association,functional
HMGA1,COASY,0.438,functional_association,functional
NCOA2,NCOA4,0.472,functional_association,functional
HMGA1,SERPINA3,0.662,functional_association,functional
HMGA1,FDFT1,0.722,functional_association,functional
NCOA2,APOA5,0.406,functional_association,functional
NCOA2,CYP3A4,0.423,functional_association,functional
NCOA2,ACSL1,0.446,functional_association,functional
NCOA2,FDFT1,0.456,functional_association,functional
NCOA2,LPL,0.548,functional_association,functional
NCOA2,NR1H4,0.981,functional_association,functional
NCOA2,CD36,0.562,functional_association,functional
NCOA2,TBL1X,0.614,functional_association,functional
NCOA2,HIF1A,0.649,functional_association,functional
NCOA2,TBL1XR1,0.759,functional_association,functional
NCOA2,HELZ2,0.864,functional_association,functional
NCOA2,NR1H3,0.868,functional_association,functional
ACSL1,DGAT1,0.854,functional_association,functional
ACSL1,LPL,0.928,functional_association,functional
GPX8,HK1,0.421,functional_association,functional
NR1H3,ACACA,0.626,functional_association,functional
H6PD,PFKFB3,0.696,functional_association,functional
H6PD,HK1,0.943,functional_association,functional
NR1H3,ABCB11,0.432,functional_association,functional
NR1H3,LPL,0.443,functional_association,functional
NR1H3,DGAT1,0.495,functional_association,functional
NR1H3,TBL1X,0.543,functional_association,functional
ABCB1,ACACA,0.409,functional_association,functional
H6PD,CYP3A4,0.582,functional_association,functional
ABCB1,IGF1R,0.463,functional_association,functional
ABCB1,ABCG2,0.549,functional_association,functional
ABCB1,ABCC2,0.586,functional_association,functional
ABCB1,ACTB,0.603,functional_association,functional
ABCB1,CYP2D6,0.779,functional_association,functional
ABCB1,CYP3A4,0.886,functional_association,functional
H6PD,CYP2D6,0.59,functional_association,functional
H6PD,ACACA,0.542,functional_association,functional
DGAT1,ABCG2,0.462,functional_association,functional
ACLY,LPL,0.447,functional_association,functional
COASY,LPL,0.445,functional_association,functional
COASY,ACACA,0.451,functional_association,functional
COASY,DGAT1,0.487,functional_association,functional
COASY,H6PD,0.496,functional_association,functional
COASY,ACLY,0.55,functional_association,functional
ACLY,HK1,0.41,functional_association,functional
ACLY,ACTB,0.495,functional_association,functional
H6PD,ACTB,0.539,functional_association,functional
ACLY,PFKFB3,0.507,functional_association,functional
ACLY,FDFT1,0.566,functional_association,functional
ACLY,DGAT1,0.596,functional_association,functional
ACLY,H6PD,0.74,functional_association,functional
ACLY,ACACA,0.986,functional_association,functional
H6PD,DHRS11,0.498,functional_association,functional
DGAT1,ACTB,0.443,functional_association,functional
DGAT1,CEL,0.712,functional_association,functional
GPX8,MGAM,0.462,functional_association,functional
ABCC2,ABCB11,0.673,functional_association,functional
ACTB,IGF1R,0.627,functional_association,functional
CYP2D6,ABCB11,0.48,functional_association,functional
CYP2D6,ABCC2,0.61,functional_association,functional
CYP2D6,ABCG2,0.638,functional_association,functional
CYP2D6,CYP3A4,0.961,functional_association,functional
IGF1R,ABCG2,0.418,functional_association,functional
ABCC2,CYP3A4,0.754,functional_association,functional
ACTB,TBL1X,0.519,functional_association,functional
ABCC2,ABCG2,0.979,functional_association,functional
LPL,UCP2,0.52,functional_association,functional
LPL,CEL,0.948,functional_association,functional
ABCB11,ABCG2,0.44,functional_association,functional
ABCB11,CYP3A4,0.656,functional_association,functional
ABCG2,CYP3A4,0.793,functional_association,functional
ACTB,ABCG2,0.588,functional_association,functional
ACTB,UCP2,0.506,functional_association,functional
DGAT1,ACACA,0.746,functional_association,functional
ACACA,LPL,0.621,functional_association,functional
DGAT1,LPL,0.761,functional_association,functional
DHRS11,ACACA,0.413,functional_association,functional
ACACA,UCP2,0.43,functional_association,functional
ACACA,FDFT1,0.471,functional_association,functional
ACACA,ABCB11,0.475,functional_association,functional
ACACA,ACTB,0.516,functional_association,functional
FDFT1,CYP3A4,0.452,functional_association,functional
ACTB,LPL,0.455,functional_association,functional
FDFT1,TBL1X,0.483,functional_association,functional
FDFT1,ACTB,0.491,functional_association,functional
PFKFB3,ACTB,0.41,functional_association,functional
PFKFB3,HK1,0.828,functional_association,functional
HK1,ACTB,0.41,functional_association,functional
ACTB,CYP3A4,0.432,functional_association,functional
COASY,FDFT1,0.415,functional_association,functional
AKT1,ACTB,0.923,functional_association,functional
AKT1,ACLY,0.711,functional_association,functional
HIF1A,LDHA,0.912,functional_association,functional
HIF1A,ABCG2,0.512,functional_association,functional
HIF1A,ABCB1,0.536,functional_association,functional
HIF1A,HK1,0.619,functional_association,functional
HIF1A,IGF1R,0.752,functional_association,functional
HIF1A,PFKFB3,0.781,functional_association,functional
HIF1A,ACTB,0.787,functional_association,functional
HIF1A,AKT1,0.932,functional_association,functional
HIF1A,UCP2,0.459,functional_association,functional
PRKAB1,AKT1,0.451,functional_association,functional
PRKAB1,PFKFB3,0.749,functional_association,functional
PRKAB1,ACACA,0.956,functional_association,functional
APOA5,TBL1X,0.489,functional_association,functional
APOA5,NR1H4,0.521,functional_association,functional
APOA5,LPL,0.964,functional_association,functional
HIF1A,ACLY,0.484,functional_association,functional
HIF1A,H6PD,0.448,functional_association,functional
AKT1,IGF1R,0.619,functional_association,functional
MTTP,NR1H3,0.44,functional_association,functional
GPX8,UCP2,0.518,functional_association,functional
GPX8,HIF1A,0.546,functional_association,functional
GPX8,ACTB,0.594,functional_association,functional
GPX8,AKT1,0.644,functional_association,functional
GPX8,H6PD,0.82,functional_association,functional
MTTP,ACLY,0.419,functional_association,functional
MTTP,ACACA,0.511,functional_association,functional
HIF1A,NR1H4,0.426,functional_association,functional
MTTP,APOA5,0.513,functional_association,functional
MTTP,NR1H4,0.614,functional_association,functional
MTTP,LPL,0.625,functional_association,functional
MTTP,DGAT1,0.764,functional_association,functional
EPHX2,CYP3A4,0.431,functional_association,functional
EPHX2,AKT1,0.628,functional_association,functional
LDHA,ACACA,0.595,functional_association,functional
LDHA,AKT1,0.686,functional_association,functional
LDHA,ACTB,0.696,functional_association,functional
AKT1,LPL,0.479,functional_association,functional
MGAM,HK1,0.922,functional_association,functional
SERPINA3,FDFT1,0.471,functional_association,functional
AKT1,NCOA4,0.42,functional_association,functional
AKT1,TBL1X,0.426,functional_association,functional
AKT1,CYP3A4,0.453,functional_association,functional
AKT1,MTUS2,0.464,functional_association,functional
AKT1,ACACA,0.497,functional_association,functional
LDHA,HK1,0.716,functional_association,functional
AKT1,UCP2,0.517,functional_association,functional
AKT1,PFKFB3,0.527,functional_association,functional
AKT1,HK1,0.552,functional_association,functional
AKT1,H6PD,0.56,functional_association,functional
AKT1,ABCB1,0.616,functional_association,functional
AKT1,ABCG2,0.619,functional_association,functional
MGAM,AKT1,0.45,functional_association,functional
MGAM,H6PD,0.418,functional_association,functional
NR1H4,ABCB11,0.964,functional_association,functional
NR1H4,ABCC2,0.72,functional_association,functional
NR1H4,CYP3A4,0.68,functional_association,functional
NR1H4,LPL,0.568,functional_association,functional
NR1H4,AKT1,0.487,functional_association,functional
NR1H4,ACTB,0.458,functional_association,functional
NR1H4,ABCB1,0.446,functional_association,functional
NR1H4,DGAT1,0.433,functional_association,functional
NR1H4,ACACA,0.432,functional_association,functional
NR1H4,NR1H3,0.426,functional_association,functional
NR1H4,ABCG2,0.402,functional_association,functional
NR1H4,UCP2,0.401,functional_association,functional
LDHA,H6PD,0.966,functional_association,functional
LDHA,PFKFB3,0.852,functional_association,functional
LDHA,ACLY,0.814,functional_association,functional
CHD9,ESR1,0.762,functional_association,functional
CHD9,TBL1X,0.586,functional_association,functional
CHD9,HELZ2,0.582,functional_association,functional
BCL2,CD36,0.417,functional_association,functional
LSS,EPHX2,0.439,functional_association,functional
LSS,ACACA,0.443,functional_association,functional
LSS,HMGA1,0.45,functional_association,functional
LSS,ACLY,0.46,functional_association,functional
LSS,EBP,0.733,functional_association,functional
LSS,FDFT1,0.989,functional_association,functional
BCL2,GCG,0.426,functional_association,functional
INS,IGF1R,0.999,functional_association,functional
BCL2,ADIPOQ,0.442,functional_association,functional
BCL2,CDK5,0.452,functional_association,functional
BCL2,UCP2,0.478,functional_association,functional
BCL2,LDHA,0.479,functional_association,functional
BCL2,NCOA1,0.523,functional_association,functional
BCL2,PFKFB3,0.532,functional_association,functional
LSS,COASY,0.414,functional_association,functional
INS,GCG,0.998,functional_association,functional
BCL2,ABCG2,0.603,functional_association,functional
INS,UCP2,0.814,functional_association,functional
INS,BCL2,0.721,functional_association,functional
INS,GPX5,0.722,functional_association,functional
INS,GPX8,0.725,functional_association,functional
INS,CD36,0.741,functional_association,functional
INS,NR1H4,0.774,functional_association,functional
INS,ACTB,0.801,functional_association,functional
INS,ESR1,0.841,functional_association,functional
INS,ADIPOQ,0.961,functional_association,functional
INS,LPL,0.853,functional_association,functional
INS,MGAM,0.883,functional_association,functional
INS,PPARA,0.898,functional_association,functional
INS,TNF,0.926,functional_association,functional
INS,IL6,0.933,functional_association,functional
INS,AKT1,0.953,functional_association,functional
BCL2,RHOA,0.572,functional_association,functional
BCL2,PPARA,0.649,functional_association,functional
ABCG5,NR1H4,0.876,functional_association,functional
ABCG5,ACACA,0.505,functional_association,functional
SPTLC3,DGAT1,0.401,functional_association,functional
SPTLC3,EPHX2,0.453,functional_association,functional
ABCG5,EPHX2,0.425,functional_association,functional
ABCG5,FDFT1,0.432,functional_association,functional
ABCG5,LPL,0.448,functional_association,functional
ABCG5,DGAT1,0.45,functional_association,functional
ABCG5,ABCC2,0.507,functional_association,functional
HSDL2,ACSL1,0.628,functional_association,functional
ABCG5,CD36,0.51,functional_association,functional
ABCG5,ABCB11,0.517,functional_association,functional
ABCG5,RXRA,0.524,functional_association,functional
ABCG5,PLTP,0.546,functional_association,functional
ABCG5,APOA5,0.581,functional_association,functional
ABCG5,PPARA,0.588,functional_association,functional
HSDL2,PEX5,0.654,functional_association,functional
HSDL2,H6PD,0.486,functional_association,functional
BCL2,ABCB1,0.674,functional_association,functional
BCL2,ESR1,0.897,functional_association,functional
BCL2,GPX5,0.726,functional_association,functional
BCL2,GPX8,0.734,functional_association,functional
BCL2,IGF1R,0.781,functional_association,functional
BCL2,IL6,0.868,functional_association,functional
BCL2,ACTB,0.885,functional_association,functional
BCL2,TNF,0.885,functional_association,functional
BCL2,HIF1A,0.946,functional_association,functional
HSDL2,ACACA,0.454,functional_association,functional
BCL2,AKT1,0.993,functional_association,functional
HMGCLL1,H6PD,0.413,functional_association,functional
HMGCLL1,HSDL2,0.462,functional_association,functional
HMGCLL1,ACLY,0.867,functional_association,functional
HSDL2,COASY,0.419,functional_association,functional
HSDL2,EPHX2,0.425,functional_association,functional
INS,HIF1A,0.679,functional_association,functional
INS,H6PD,0.654,functional_association,functional
INS,LDHA,0.649,functional_association,functional
GAPDH,CD36,0.593,functional_association,functional
GAPDH,NR1H4,0.52,functional_association,functional
GAPDH,TBL1X,0.533,functional_association,functional
GAPDH,DHFR,0.535,functional_association,functional
GAPDH,CDK5,0.555,functional_association,functional
GAPDH,TOP2A,0.564,functional_association,functional
GAPDH,ACACA,0.584,functional_association,functional
GAPDH,ADIPOQ,0.594,functional_association,functional
GAPDH,CEL,0.509,functional_association,functional
GAPDH,IGF1R,0.6,functional_association,functional
GAPDH,ACSL1,0.61,functional_association,functional
GAPDH,GPX5,0.619,functional_association,functional
GAPDH,ABCG2,0.622,functional_association,functional
GAPDH,PPARA,0.634,functional_association,functional
GAPDH,ABCB1,0.635,functional_association,functional
GAPDH,CYP3A4,0.516,functional_association,functional
GAPDH,GCG,0.501,functional_association,functional
INS,ACACA,0.629,functional_association,functional
CYP19A1,ESR1,0.927,functional_association,functional
CYP19A1,H6PD,0.543,functional_association,functional
CYP19A1,IGF1R,0.556,functional_association,functional
CYP19A1,INS,0.658,functional_association,functional
CYP19A1,POR,0.672,functional_association,functional
CYP19A1,AKT1,0.748,functional_association,functional
CYP19A1,DHRS11,0.875,functional_association,functional
CYP19A1,CYP3A4,0.95,functional_association,functional
GAPDH,UCP2,0.471,functional_association,functional
GAPDH,ABCC2,0.415,functional_association,functional
GAPDH,ABCB11,0.417,functional_association,functional
GAPDH,COASY,0.42,functional_association,functional
GAPDH,EPHX2,0.449,functional_association,functional
GAPDH,DHRS11,0.464,functional_association,functional
GAPDH,DGAT1,0.465,functional_association,functional
GAPDH,LPL,0.638,functional_association,functional
GAPDH,GPX8,0.646,functional_association,functional
GAPDH,PFKFB3,0.656,functional_association,functional
INS,LPIN1,0.52,functional_association,functional
INS,TBL1X,0.436,functional_association,functional
INS,ACSL1,0.473,functional_association,functional
INS,APOA5,0.481,functional_association,functional
INS,CEL,0.491,functional_association,functional
INS,ABCG2,0.496,functional_association,functional
INS,PFKFB3,0.519,functional_association,functional
INS,CYP3A4,0.554,functional_association,functional
GAPDH,HK1,0.708,functional_association,functional
INS,CDK5,0.555,functional_association,functional
INS,RHOA,0.569,functional_association,functional
INS,MTTP,0.571,functional_association,functional
INS,ACLY,0.6,functional_association,functional
INS,DGAT1,0.602,functional_association,functional
INS,NR1H3,0.608,functional_association,functional
INS,RXRA,0.434,functional_association,functional
INS,SPTLC3,0.432,functional_association,functional
INS,HK1,0.415,functional_association,functional
INS,ABCG5,0.412,functional_association,functional
GAPDH,H6PD,0.978,functional_association,functional
GAPDH,ACTB,0.975,functional_association,functional
GAPDH,LDHA,0.967,functional_association,functional
GAPDH,AKT1,0.911,functional_association,functional
GAPDH,IL6,0.879,functional_association,functional
GAPDH,BCL2,0.876,functional_association,functional
GAPDH,FDFT1,0.859,functional_association,functional
GAPDH,TNF,0.849,functional_association,functional
GAPDH,INS,0.816,functional_association,functional
GAPDH,RHOA,0.803,functional_association,functional
GAPDH,ESR1,0.8,functional_association,functional
GAPDH,ACLY,0.76,functional_association,functional
GAPDH,HIF1A,0.751,functional_association,functional
ABCG5,MTTP,0.712,functional_association,functional
ABCG5,NR1H3,0.912,functional_association,functional
CHD9,TBL1XR1,0.582,functional_association,functional
ADIPOQ,NR1H3,0.418,functional_association,functional
GCG,AKT1,0.666,functional_association,functional
GCG,NR1H4,0.735,functional_association,functional
GCG,ADIPOQ,0.767,functional_association,functional
GCG,MGAM,0.79,functional_association,functional
ADIPOQ,ACSL1,0.401,functional_association,functional
ADIPOQ,IGF1R,0.414,functional_association,functional
ADIPOQ,LPIN1,0.421,functional_association,functional
GCG,IGF1R,0.59,functional_association,functional
ADIPOQ,ACLY,0.423,functional_association,functional
ADIPOQ,ABCG2,0.437,functional_association,functional
ADIPOQ,MGAM,0.479,functional_association,functional
ADIPOQ,HIF1A,0.48,functional_association,functional
ADIPOQ,NR1H4,0.488,functional_association,functional
ADIPOQ,HELZ2,0.499,functional_association,functional
GCG,TNF,0.619,functional_association,functional
GCG,LPL,0.58,functional_association,functional
ADIPOQ,GPX5,0.538,functional_association,functional
IL6,ADIPOQ,0.89,functional_association,functional
IL6,GPX5,0.732,functional_association,functional
IL6,GPX8,0.749,functional_association,functional
IL6,ESR1,0.792,functional_association,functional
IL6,HIF1A,0.8,functional_association,functional
IL6,ACTB,0.847,functional_association,functional
IL6,AKT1,0.872,functional_association,functional
IL6,TNF,0.994,functional_association,functional
GCG,ACTB,0.512,functional_association,functional
POLR2F,ESR1,0.565,functional_association,functional
POLR2F,ACTB,0.594,functional_association,functional
GCG,ESR1,0.431,functional_association,functional
GCG,GPX5,0.453,functional_association,functional
GCG,CD36,0.477,functional_association,functional
GCG,UCP2,0.506,functional_association,functional
ADIPOQ,GPX8,0.524,functional_association,functional
ADIPOQ,H6PD,0.543,functional_association,functional
NCOA1,NCOA4,0.41,functional_association,functional
DHFR,ABCB1,0.486,functional_association,functional
GPX5,ACTB,0.591,functional_association,functional
GPX5,AKT1,0.635,functional_association,functional
GPX5,TNF,0.728,functional_association,functional
GPX5,H6PD,0.828,functional_association,functional
GPX5,GPX8,0.927,functional_association,functional
DHFR,ABCG2,0.433,functional_association,functional
DHFR,H6PD,0.59,functional_association,functional
GPX5,UCP2,0.494,functional_association,functional
DHFR,TOP2A,0.639,functional_association,functional
CHD9,FDFT1,0.4,functional_association,functional
CHD9,CD36,0.405,functional_association,functional
CHD9,ACSL1,0.42,functional_association,functional
CHD9,APOA5,0.446,functional_association,functional
CHD9,NCOA2,0.447,functional_association,functional
GPX5,HIF1A,0.531,functional_association,functional
GPX5,MGAM,0.466,functional_association,functional
ADIPOQ,ESR1,0.551,functional_association,functional
ADIPOQ,UCP2,0.79,functional_association,functional
ADIPOQ,NCOA2,0.588,functional_association,functional
ADIPOQ,ACTB,0.592,functional_association,functional
ADIPOQ,DGAT1,0.68,functional_association,functional
ADIPOQ,AKT1,0.712,functional_association,functional
ADIPOQ,ACACA,0.739,functional_association,functional
ADIPOQ,RXRA,0.766,functional_association,functional
ADIPOQ,LPL,0.794,functional_association,functional
GPX5,PLTP,0.437,functional_association,functional
ADIPOQ,CD36,0.806,functional_association,functional
ADIPOQ,TNF,0.871,functional_association,functional
PEX5,EPHX2,0.636,functional_association,functional
CHFR,AKT1,0.447,functional_association,functional
GPX5,POR,0.402,functional_association,functional
GPX5,ESR1,0.412,functional_association,functional
IL6,CD36,0.73,functional_association,functional
IL6,GCG,0.726,functional_association,functional
IL6,LPL,0.707,functional_association,functional
PPARA,GPX8,0.526,functional_association,functional
PPARA,PLTP,0.443,functional_association,functional
PPARA,H6PD,0.461,functional_association,functional
PPARA,COASY,0.473,functional_association,functional
PPARA,ABCB11,0.496,functional_association,functional
PPARA,GPX5,0.516,functional_association,functional
PPARA,EPHX2,0.524,functional_association,functional
PPARA,TBL1XR1,0.548,functional_association,functional
NCOA1,RXRA,0.999,functional_association,functional
PPARA,CYP3A4,0.549,functional_association,functional
PPARA,MGAM,0.553,functional_association,functional
PPARA,ACLY,0.578,functional_association,functional
PPARA,TBL1X,0.614,functional_association,functional
PPARA,ESR1,0.618,functional_association,functional
PPARA,FDFT1,0.647,functional_association,functional
NCOA1,ESR1,0.999,functional_association,functional
NCOA1,PPARA,0.998,functional_association,functional
IL6,RHOA,0.601,functional_association,functional
NCOA1,TBL1XR1,0.578,functional_association,functional
NCOA1,APOA5,0.42,functional_association,functional
NCOA1,FDFT1,0.482,functional_association,functional
NCOA1,IGF1R,0.498,functional_association,functional
NCOA1,ACSL1,0.501,functional_association,functional
NCOA1,CHD9,0.509,functional_association,functional
NCOA1,LPL,0.571,functional_association,functional
NCOA1,ADIPOQ,0.582,functional_association,functional
NCOA1,NR1H4,0.997,functional_association,functional
NCOA1,CD36,0.583,functional_association,functional
NCOA1,TBL1X,0.613,functional_association,functional
NCOA1,HIF1A,0.831,functional_association,functional
NCOA1,HELZ2,0.913,functional_association,functional
NCOA1,NR1H3,0.992,functional_association,functional
NCOA1,NCOA2,0.997,functional_association,functional
PPARA,ACTB,0.663,functional_association,functional
PPARA,MTTP,0.679,functional_association,functional
PPARA,GCG,0.68,functional_association,functional
IL6,ABCB1,0.443,functional_association,functional
IL6,EPHX2,0.4,functional_association,functional
IL6,NR1H3,0.408,functional_association,functional
IL6,PFKFB3,0.409,functional_association,functional
IL6,MGAM,0.417,functional_association,functional
IL6,H6PD,0.419,functional_association,functional
IL6,ABCG2,0.435,functional_association,functional
IL6,LDHA,0.459,functional_association,functional
PPARA,AKT1,0.7,functional_association,functional
IL6,UCP2,0.478,functional_association,functional
IL6,MTUS2,0.479,functional_association,functional
IL6,CYP3A4,0.507,functional_association,functional
IL6,SERPINA3,0.526,functional_association,functional
IL6,NR1H4,0.562,functional_association,functional
IL6,IGF1R,0.571,functional_association,functional
PPARA,RXRA,0.999,functional_association,functional
PPARA,LPIN1,0.974,functional_association,functional
PPARA,CD36,0.952,functional_association,functional
PPARA,ADIPOQ,0.914,functional_association,functional
PPARA,NCOA2,0.909,functional_association,functional
PPARA,HELZ2,0.908,functional_association,functional
PPARA,NR1H3,0.86,functional_association,functional
PPARA,LPL,0.836,functional_association,functional
PPARA,UCP2,0.821,functional_association,functional
PPARA,ACSL1,0.82,functional_association,functional
PPARA,CHD9,0.812,functional_association,functional
PPARA,TNF,0.81,functional_association,functional
PPARA,APOA5,0.785,functional_association,functional
PPARA,HIF1A,0.761,functional_association,functional
PPARA,IL6,0.722,functional_association,functional
PPARA,DGAT1,0.721,functional_association,functional
PPARA,ACACA,0.721,functional_association,functional
SCD,ABCA1,0.558,functional_association,functional
SCD,NR1H4,0.52,functional_association,functional
COQ6,DHCR7,0.4,functional_association,functional
DHCR7,ABCA1,0.479,functional_association,functional
DHCR7,ELOVL6,0.429,functional_association,functional
DHCR7,ACACA,0.435,functional_association,functional
DHCR7,CYP19A1,0.45,functional_association,functional
DHCR7,ELOVL5,0.452,functional_association,functional
DHCR7,CYP3A4,0.464,functional_association,functional
DHCR7,ABCG5,0.466,functional_association,functional
DHCR7,CYP17A1,0.492,functional_association,functional
DHCR7,RUSC1,0.412,functional_association,functional
DHCR7,ACLY,0.493,functional_association,functional
DHCR7,POR,0.503,functional_association,functional
DHCR7,SCD,0.663,functional_association,functional
DHCR7,PMVK,0.678,functional_association,functional
DHCR7,HSD3B1,0.682,functional_association,functional
DHCR7,ACAT2,0.759,functional_association,functional
DHCR7,KMO,0.422,functional_association,functional
PRKAA1,PRKAB1,0.999,functional_association,functional
DHCR7,FDPS,0.816,functional_association,functional
PRKAA1,G6PC2,0.472,functional_association,functional
GPX4,GPX6,0.938,functional_association,functional
GPX4,GPX2,0.939,functional_association,functional
PRKAA1,SREBF2,0.401,functional_association,functional
PRKAA1,HIF1A,0.404,functional_association,functional
PRKAA1,ADIPOQ,0.421,functional_association,functional
PRKAA1,SREBF1,0.46,functional_association,functional
PRKAA1,INS,0.599,functional_association,functional
PRKAA1,PRKAG3,0.997,functional_association,functional
PRKAA1,PFKFB1,0.734,functional_association,functional
PRKAA1,PFKFB3,0.751,functional_association,functional
PRKAA1,FOXO1,0.954,functional_association,functional
PRKAA1,MTOR,0.972,functional_association,functional
PRKAA1,ACACA,0.981,functional_association,functional
PRKAA1,PRKAA2,0.984,functional_association,functional
DHCR7,HMGCS2,0.814,functional_association,functional
DHCR7,SREBF1,0.848,functional_association,functional
GPX4,GPX3,0.936,functional_association,functional
SREBF1,PNLIP,0.468,functional_association,functional
SREBF1,GPX2,0.445,functional_association,functional
SREBF1,IGF1R,0.445,functional_association,functional
SREBF1,GPX3,0.449,functional_association,functional
SREBF1,ESR1,0.451,functional_association,functional
SREBF1,APOA5,0.458,functional_association,functional
SREBF1,SOAT1,0.461,functional_association,functional
SREBF1,ABCB11,0.484,functional_association,functional
SREBF1,COASY,0.435,functional_association,functional
SREBF1,GPX8,0.487,functional_association,functional
SREBF1,ACSL3,0.489,functional_association,functional
SREBF1,ZMPSTE24,0.493,functional_association,functional
SREBF1,MYLIP,0.51,functional_association,functional
SREBF1,G6PD,0.517,functional_association,functional
SREBF1,PXDNL,0.52,functional_association,functional
SREBF1,GPX7,0.435,functional_association,functional
SREBF1,GPX6,0.435,functional_association,functional
DHCR7,IDI1,0.864,functional_association,functional
DHCR7,EBP,0.966,functional_association,functional
DHCR7,SREBF2,0.907,functional_association,functional
DHCR7,CEL,0.913,functional_association,functional
DHCR7,LSS,0.925,functional_association,functional
DHCR7,FDFT1,0.938,functional_association,functional
DHCR7,SOAT1,0.942,functional_association,functional
DHCR7,CH25H,0.958,functional_association,functional
DHCR7,NSDHL,0.966,functional_association,functional
SREBF1,GPX5,0.434,functional_association,functional
DHCR7,DHCR24,0.996,functional_association,functional
SREBF1,ACAT2,0.405,functional_association,functional
SREBF1,PTGS2,0.415,functional_association,functional
SREBF1,PLTP,0.422,functional_association,functional
SREBF1,BCL2,0.429,functional_association,functional
SREBF1,CH25H,0.431,functional_association,functional
GPX4,GPX5,0.938,functional_association,functional
GPX4,GPX8,0.929,functional_association,functional
FDPS,HMGA1,0.775,functional_association,functional
GPT2,H6PD,0.587,functional_association,functional
GPT2,AKT1,0.482,functional_association,functional
GPT2,PPARA,0.483,functional_association,functional
GPT2,ACTB,0.484,functional_association,functional
GPT2,CYP3A4,0.494,functional_association,functional
GPT2,ADIPOQ,0.507,functional_association,functional
GPT2,GAPDH,0.562,functional_association,functional
GPT2,LDHA,0.604,functional_association,functional
GPT2,SREBF1,0.45,functional_association,functional
GPT2,TNF,0.612,functional_association,functional
GPT2,GPX3,0.651,functional_association,functional
GPT2,GPX2,0.652,functional_association,functional
GPT2,GPX5,0.654,functional_association,functional
GPT2,GPX6,0.654,functional_association,functional
GPT2,IL6,0.664,functional_association,functional
GPT2,G6PD,0.469,functional_association,functional
GPT2,GCG,0.436,functional_association,functional
GPT2,GPX8,0.676,functional_association,functional
INSIG1,VCP,0.915,functional_association,functional
INSIG1,FDPS,0.742,functional_association,functional
INSIG1,NSDHL,0.748,functional_association,functional
INSIG1,FDFT1,0.774,functional_association,functional
INSIG1,DHCR24,0.806,functional_association,functional
INSIG1,ERLIN2,0.814,functional_association,functional
INSIG1,IDI1,0.86,functional_association,functional
INSIG1,SREBF1,0.969,functional_association,functional
GPT2,MTHFR,0.434,functional_association,functional
INSIG1,SREBF2,0.997,functional_association,functional
GPT2,ACACA,0.401,functional_association,functional
GPT2,BCL2,0.409,functional_association,functional
GPT2,HAO1,0.416,functional_association,functional
GPT2,MGAM,0.419,functional_association,functional
GPT2,PXDNL,0.431,functional_association,functional
GPT2,GPX7,0.675,functional_association,functional
GPT2,INS,0.726,functional_association,functional
GPX4,GPX7,0.921,functional_association,functional
GPX4,FDFT1,0.499,functional_association,functional
GPX4,AKT1,0.445,functional_association,functional
GPX4,GOT1,0.45,functional_association,functional
GPX4,IL6,0.463,functional_association,functional
GPX4,H6PD,0.463,functional_association,functional
GPX4,BCL2,0.464,functional_association,functional
GPX4,POR,0.47,functional_association,functional
GPX4,PPARA,0.517,functional_association,functional
GPX4,TNF,0.436,functional_association,functional
GPX4,ACTB,0.57,functional_association,functional
GPX4,PTGS2,0.572,functional_association,functional
GPX4,PXDNL,0.601,functional_association,functional
GPX4,JUN,0.605,functional_association,functional
GPX4,GAPDH,0.648,functional_association,functional
GPX4,NCOA4,0.706,functional_association,functional
GPX4,G6PD,0.442,functional_association,functional
GPX4,HIF1A,0.434,functional_association,functional
GPT2,GPT,0.921,functional_association,functional
NFYA,PMVK,0.535,functional_association,functional
GPT2,GOT1,0.984,functional_association,functional
NFYA,STIP1,0.404,functional_association,functional
NFYA,DHCR7,0.501,functional_association,functional
NFYA,IDI1,0.507,functional_association,functional
NFYA,FDFT1,0.509,functional_association,functional
NFYA,MBTPS2,0.529,functional_association,functional
NFYA,FOXO1,0.541,functional_association,functional
GPX4,ACSL3,0.421,functional_association,functional
NFYA,FDPS,0.586,functional_association,functional
NFYA,SREBF1,0.601,functional_association,functional
NFYA,SREBF2,0.654,functional_association,functional
NFYA,JUN,0.678,functional_association,functional
GPX4,INS,0.41,functional_association,functional
GPX4,HK1,0.41,functional_association,functional
SREBF1,H6PD,0.523,functional_association,functional
SREBF1,VLDLR,0.529,functional_association,functional
SREBF1,HMGA1,0.54,functional_association,functional
ACOX3,SPTLC3,0.473,functional_association,functional
ACOX3,GPX2,0.413,functional_association,functional
ACOX3,GPT,0.419,functional_association,functional
ACOX3,XPR1,0.423,functional_association,functional
ACOX3,ELOVL5,0.431,functional_association,functional
ACOX3,DHCR24,0.433,functional_association,functional
ACOX3,SREBF2,0.434,functional_association,functional
ACOX3,ADIPOQ,0.474,functional_association,functional
ACOX3,POR,0.404,functional_association,functional
ACOX3,VLDLR,0.475,functional_association,functional
ACOX3,DGAT1,0.477,functional_association,functional
ACOX3,HMGCL,0.484,functional_association,functional
ACOX3,ACLY,0.484,functional_association,functional
ACOX3,HMGCS2,0.49,functional_association,functional
ACOX3,ABCA1,0.492,functional_association,functional
ACOX3,G6PC2,0.407,functional_association,functional
PXDNL,ACTB,0.924,functional_association,functional
ACOX3,INS,0.527,functional_association,functional
PXDNL,HIF1A,0.737,functional_association,functional
PXDNL,GPX5,0.703,functional_association,functional
PXDNL,ESR1,0.708,functional_association,functional
PXDNL,GPX7,0.712,functional_association,functional
PXDNL,GPX3,0.721,functional_association,functional
PXDNL,HAO1,0.728,functional_association,functional
PXDNL,JUN,0.735,functional_association,functional
PXDNL,CEL,0.75,functional_association,functional
PXDNL,GAPDH,0.924,functional_association,functional
PXDNL,MMP9,0.755,functional_association,functional
PXDNL,TNF,0.8,functional_association,functional
PXDNL,INS,0.817,functional_association,functional
PXDNL,IL6,0.821,functional_association,functional
PXDNL,BCL2,0.844,functional_association,functional
PXDNL,AKT1,0.875,functional_association,functional
ACOX3,MTTP,0.523,functional_association,functional
ACOX3,COASY,0.541,functional_association,functional
SREBF1,JUN,0.549,functional_association,functional
FDPS,ACLY,0.541,functional_association,functional
FDPS,GAPDH,0.427,functional_association,functional
FDPS,CH25H,0.443,functional_association,functional
FDPS,LDHA,0.457,functional_association,functional
FDPS,HAO1,0.468,functional_association,functional
FDPS,HAO2,0.485,functional_association,functional
FDPS,ACACA,0.493,functional_association,functional
FDPS,RUSC1,0.549,functional_association,functional
FDPS,ELOVL6,0.41,functional_association,functional
FDPS,ZMPSTE24,0.551,functional_association,functional
FDPS,SCD,0.559,functional_association,functional
FDPS,NDUFAF6,0.562,functional_association,functional
FDPS,SERPINA3,0.592,functional_association,functional
FDPS,COASY,0.592,functional_association,functional
FDPS,UBIAD1,0.665,functional_association,functional
FDPS,G6PD,0.413,functional_association,functional
FDPS,ABCA1,0.41,functional_association,functional
ACOX3,EPHX2,0.541,functional_association,functional
ACOX3,ACSL1,0.684,functional_association,functional
ACOX3,UCP2,0.551,functional_association,functional
ACOX3,H6PD,0.558,functional_association,functional
ACOX3,CD36,0.602,functional_association,functional
ACOX3,ACSL3,0.639,functional_association,functional
ACOX3,LPL,0.656,functional_association,functional
ACOX3,ACACA,0.683,functional_association,functional
ACOX3,SCD,0.712,functional_association,functional
FDPS,PGGT1B,0.407,functional_association,functional
ACOX3,HSDL2,0.818,functional_association,functional
ACOX3,PPARA,0.821,functional_association,functional
ACOX3,PEX5,0.94,functional_association,functional
ACOX3,ACAT2,0.957,functional_association,functional
ACOX3,CPT2,0.961,functional_association,functional
ACOX3,SCP2,0.978,functional_association,functional
PXDNL,GPX6,0.703,functional_association,functional
PXDNL,GPX8,0.697,functional_association,functional
PXDNL,GPX2,0.691,functional_association,functional
SREBF1,PMVK,0.784,functional_association,functional
SREBF1,AKT1,0.76,functional_association,functional
SREBF1,ADIPOQ,0.762,functional_association,functional
SREBF1,CD36,0.765,functional_association,functional
SREBF1,FDPS,0.776,functional_association,functional
SREBF1,DGAT1,0.779,functional_association,functional
SREBF1,FDFT1,0.782,functional_association,functional
SREBF1,ACLY,0.795,functional_association,functional
SREBF1,MTTP,0.748,functional_association,functional
SREBF1,ABCG5,0.801,functional_association,functional
SREBF1,HMGCS2,0.802,functional_association,functional
SREBF1,LPIN1,0.831,functional_association,functional
SREBF1,NR1H4,0.834,functional_association,functional
SREBF1,ABCG1,0.846,functional_association,functional
SREBF1,UCP2,0.848,functional_association,functional
SREBF1,RXRA,0.759,functional_association,functional
SREBF1,LPL,0.732,functional_association,functional
PXDNL,MTOR,0.671,functional_association,functional
SREBF1,GAPDH,0.631,functional_association,functional
SREBF1,DHCR24,0.569,functional_association,functional
SREBF1,GCG,0.599,functional_association,functional
SREBF1,CPT2,0.607,functional_association,functional
SREBF1,TNF,0.608,functional_association,functional
SREBF1,HIF1A,0.608,functional_association,functional
SREBF1,IL6,0.615,functional_association,functional
SREBF1,ACSL1,0.643,functional_association,functional
SREBF1,IDI1,0.706,functional_association,functional
SREBF1,MTOR,0.656,functional_association,functional
SREBF1,ACOX3,0.658,functional_association,functional
SREBF1,G6PC2,0.664,functional_association,functional
SREBF1,ELOVL5,0.664,functional_association,functional
SREBF1,ACTB,0.677,functional_association,functional
SREBF1,GPT,0.682,functional_association,functional
SREBF1,XPR1,0.856,functional_association,functional
SREBF1,LSS,0.857,functional_association,functional
SREBF1,PPARA,0.885,functional_association,functional
PXDNL,IGF1R,0.556,functional_association,functional
PXDNL,ACOX3,0.516,functional_association,functional
PXDNL,GCG,0.534,functional_association,functional
PXDNL,CD36,0.534,functional_association,functional
PXDNL,ABCG2,0.536,functional_association,functional
PXDNL,SCD,0.541,functional_association,functional
PXDNL,ADIPOQ,0.545,functional_association,functional
PXDNL,FOXO1,0.565,functional_association,functional
SREBF1,INS,0.89,functional_association,functional
PXDNL,PPARA,0.568,functional_association,functional
PXDNL,AGT,0.609,functional_association,functional
PXDNL,LDHA,0.609,functional_association,functional
PXDNL,LPL,0.61,functional_association,functional
PXDNL,RHOA,0.615,functional_association,functional
PXDNL,GPT,0.621,functional_association,functional
PXDNL,ABCB1,0.496,functional_association,functional
PXDNL,H6PD,0.459,functional_association,functional
PXDNL,CYP19A1,0.451,functional_association,functional
PXDNL,G6PD,0.447,functional_association,functional
PXDNL,CDK5,0.443,functional_association,functional
PXDNL,TBL1X,0.442,functional_association,functional
PXDNL,CYP1A1,0.432,functional_association,functional
PXDNL,ABCA1,0.425,functional_association,functional
PXDNL,UCP2,0.415,functional_association,functional
SREBF1,ACACA,0.981,functional_association,functional
SREBF1,SCD,0.976,functional_association,functional
SREBF1,NR1H3,0.964,functional_association,functional
SREBF1,SREBF2,0.933,functional_association,functional
SREBF1,ELOVL6,0.927,functional_association,functional
SREBF1,FOXO1,0.924,functional_association,functional
SREBF1,MBTPS2,0.923,functional_association,functional
SREBF1,ABCA1,0.905,functional_association,functional
INSIG1,RNF145,0.728,functional_association,functional
INSIG1,DHCR7,0.709,functional_association,functional
INSIG1,INS,0.702,functional_association,functional
CAV1,ADIPOQ,0.527,functional_association,functional
UBE2G2,AUP1,0.999,functional_association,functional
STARD13,RHOA,0.94,functional_association,functional
CAV1,SREBF1,0.406,functional_association,functional
CAV1,MTOR,0.422,functional_association,functional
CAV1,JUN,0.451,functional_association,functional
CAV1,BCL2,0.478,functional_association,functional
CAV1,NUS1,0.553,functional_association,functional
UBE2G2,RNF145,0.559,functional_association,functional
CAV1,PXDNL,0.578,functional_association,functional
CAV1,ABCB1,0.618,functional_association,functional
CAV1,GAPDH,0.631,functional_association,functional
CAV1,MMP9,0.641,functional_association,functional
CAV1,TNF,0.647,functional_association,functional
CAV1,AGT,0.67,functional_association,functional
UBE2G2,SYVN1,0.858,functional_association,functional
UBE2G2,VCP,0.553,functional_association,functional
CAV1,IL6,0.714,functional_association,functional
PNPLA2,LPIN1,0.842,functional_association,functional
PNPLA2,CD36,0.722,functional_association,functional
PNPLA2,INS,0.729,functional_association,functional
PNPLA2,ACSL4,0.746,functional_association,functional
PNPLA2,PPARA,0.768,functional_association,functional
PNPLA2,ACSL3,0.772,functional_association,functional
PNPLA2,ACSL1,0.83,functional_association,functional
PNPLA2,SREBF1,0.878,functional_association,functional
CYP51A1,ABCG8,0.4,functional_association,functional
PNPLA2,CEL,0.918,functional_association,functional
PNPLA2,DGAT1,0.927,functional_association,functional
PNPLA2,PNLIP,0.956,functional_association,functional
PNPLA2,LPL,0.97,functional_association,functional
UBE2G2,LNP1,0.424,functional_association,functional
UBE2G2,CHFR,0.429,functional_association,functional
CAV1,ABCA1,0.692,functional_association,functional
CAV1,HIF1A,0.715,functional_association,functional
ACSL4,CEL,0.636,functional_association,functional
ACSL4,PTGS2,0.54,functional_association,functional
ACSL4,CYP2C8,0.437,functional_association,functional
ACSL4,SREBF1,0.438,functional_association,functional
ACSL4,FDFT1,0.478,functional_association,functional
ACSL4,HMGCS2,0.478,functional_association,functional
ACSL4,HSDL2,0.524,functional_association,functional
ACSL4,ACACB,0.524,functional_association,functional
ACSL4,CPT2,0.583,functional_association,functional
ACSL4,ELOVL6,0.423,functional_association,functional
ACSL4,PPARA,0.585,functional_association,functional
ACSL4,SCP2,0.611,functional_association,functional
ACSL4,CD36,0.618,functional_association,functional
ACSL4,ACACA,0.62,functional_association,functional
ACSL4,NCOA4,0.623,functional_association,functional
ACSL4,ACOX3,0.63,functional_association,functional
ACSL4,SOAT1,0.429,functional_association,functional
ACSL4,POR,0.42,functional_association,functional
CAV1,SCP2,0.778,functional_association,functional
CAV1,AKT1,0.937,functional_association,functional
CAV1,INS,0.81,functional_association,functional
CAV1,PTGS2,0.826,functional_association,functional
CAV1,FOXO1,0.828,functional_association,functional
CAV1,ACTB,0.87,functional_association,functional
CAV1,RHOA,0.898,functional_association,functional
CAV1,VCP,0.905,functional_association,functional
CAV1,CD36,0.956,functional_association,functional
ACSL4,ELOVL5,0.418,functional_association,functional
CAV1,IGF1R,0.971,functional_association,functional
CAV1,ESR1,0.998,functional_association,functional
ACSL4,LPIN1,0.405,functional_association,functional
ACSL4,ACLY,0.408,functional_association,functional
ACSL4,ACAT2,0.412,functional_association,functional
ACSL4,GAPDH,0.418,functional_association,functional
PNPLA2,ADIPOQ,0.705,functional_association,functional
PNPLA2,ACACA,0.695,functional_association,functional
PNPLA2,MTTP,0.685,functional_association,functional
LIPA,SOAT1,0.565,functional_association,functional
LIPA,LSS,0.414,functional_association,functional
LIPA,LPL,0.438,functional_association,functional
LIPA,DGAT1,0.477,functional_association,functional
LIPA,LDLRAP1,0.502,functional_association,functional
LIPA,CD36,0.516,functional_association,functional
LIPA,ABCG1,0.534,functional_association,functional
LIPA,PNPLA2,0.617,functional_association,functional
SEL1L,SYVN1,0.999,functional_association,functional
LIPA,NPC2,0.709,functional_association,functional
LIPA,ABCA1,0.736,functional_association,functional
LIPA,CH25H,0.881,functional_association,functional
LIPA,PNLIP,0.907,functional_association,functional
LIPA,DHCR24,0.919,functional_association,functional
LIPA,DHCR7,0.928,functional_association,functional
LIPA,ABCG5,0.413,functional_association,functional
SEL1L,AUP1,0.995,functional_association,functional
PNPLA2,SCD,0.652,functional_association,functional
COQ6,LSS,0.73,functional_association,functional
COQ6,EPHX2,0.437,functional_association,functional
COQ6,CH25H,0.449,functional_association,functional
COQ6,IDI1,0.496,functional_association,functional
COQ6,HMGCS2,0.515,functional_association,functional
COQ6,FDFT1,0.602,functional_association,functional
COQ6,NDUFAF6,0.611,functional_association,functional
COQ6,PDSS1,0.904,functional_association,functional
SEL1L,VCP,0.992,functional_association,functional
COQ6,PDSS2,0.927,functional_association,functional
SEL1L,RNF145,0.444,functional_association,functional
SEL1L,MTTP,0.454,functional_association,functional
SEL1L,ERLIN1,0.69,functional_association,functional
SEL1L,ERLIN2,0.826,functional_association,functional
SEL1L,UBE2G2,0.873,functional_association,functional
LIPA,CEL,0.942,functional_association,functional
FBXO40,ACTB,0.42,functional_association,functional
FBXO40,PDSS2,0.46,functional_association,functional
PNPLA2,CAV1,0.528,functional_association,functional
PNPLA2,ESR1,0.498,functional_association,functional
PNPLA2,GAPDH,0.5,functional_association,functional
PNPLA2,ELOVL6,0.508,functional_association,functional
PNPLA2,ACLY,0.517,functional_association,functional
PNPLA2,JUN,0.518,functional_association,functional
PNPLA2,AKT1,0.528,functional_association,functional
PNPLA2,ACACB,0.534,functional_association,functional
FBXO40,NUS1,0.466,functional_association,functional
PNPLA2,UCP2,0.544,functional_association,functional
PNPLA2,FOXO1,0.545,functional_association,functional
PNPLA2,ACTB,0.552,functional_association,functional
PNPLA2,CPT2,0.565,functional_association,functional
PNPLA2,IL6,0.627,functional_association,functional
PNPLA2,GPT,0.634,functional_association,functional
PNPLA2,SREBF2,0.486,functional_association,functional
PNPLA2,ACOX3,0.48,functional_association,functional
PNPLA2,GCG,0.447,functional_association,functional
PNPLA2,PXDNL,0.444,functional_association,functional
PNPLA2,TNF,0.43,functional_association,functional
PNPLA2,AUP1,0.418,functional_association,functional
PNPLA2,LDLRAP1,0.409,functional_association,functional
FBXO40,FDFT1,0.725,functional_association,functional
FBXO40,LSS,0.671,functional_association,functional
FBXO40,IDI1,0.592,functional_association,functional
FBXO40,NDUFAF6,0.561,functional_association,functional
FBXO40,UBIAD1,0.561,functional_association,functional
FBXO40,DHDDS,0.549,functional_association,functional
FBXO40,HMGCS2,0.48,functional_association,functional
FBXO40,PDSS1,0.469,functional_association,functional
FBXO40,HAO1,0.468,functional_association,functional
FBXO40,HAO2,0.468,functional_association,functional
ACSL4,SCD,0.635,functional_association,functional
ACSL4,PNLIP,0.654,functional_association,functional
INSIG1,ABCA1,0.696,functional_association,functional
FOXM1,INS,0.486,functional_association,functional
CYB5A,POR,0.997,functional_association,functional
FOXM1,PXDNL,0.407,functional_association,functional
FOXM1,G6PC2,0.434,functional_association,functional
FOXM1,IGF1R,0.437,functional_association,functional
FOXM1,MMP9,0.469,functional_association,functional
FOXM1,NCOA2,0.481,functional_association,functional
FOXM1,PFKFB1,0.534,functional_association,functional
CYB5A,CYP17A1,0.979,functional_association,functional
FOXM1,ACTB,0.547,functional_association,functional
FOXM1,GAPDH,0.57,functional_association,functional
FOXM1,AKT1,0.621,functional_association,functional
FOXM1,BCL2,0.656,functional_association,functional
FOXM1,HIF1A,0.661,functional_association,functional
FOXM1,JUN,0.679,functional_association,functional
CYB5A,SCD,0.981,functional_association,functional
CYB5A,CYP3A4,0.96,functional_association,functional
FOXM1,TOP2A,0.927,functional_association,functional
CYB5A,G6PD,0.442,functional_association,functional
ACACB,ACAT2,0.949,functional_association,functional
ACACB,ACACA,0.966,functional_association,functional
ACACB,ACLY,0.97,functional_association,functional
CYB5A,HSDL2,0.407,functional_association,functional
CYB5A,DHRS11,0.414,functional_association,functional
CYB5A,LSS,0.422,functional_association,functional
CYB5A,CYP19A1,0.467,functional_association,functional
CYB5A,CYP2D6,0.695,functional_association,functional
CYB5A,SCP2,0.469,functional_association,functional
CYB5A,H6PD,0.525,functional_association,functional
CYB5A,HSD3B1,0.55,functional_association,functional
CYB5A,CYP2C8,0.555,functional_association,functional
CYB5A,CYP2C19,0.586,functional_association,functional
CYB5A,CYP1A1,0.623,functional_association,functional
FOXM1,ESR1,0.79,functional_association,functional
ICMT,SREBF1,0.413,functional_association,functional
ACSL4,COASY,0.72,functional_association,functional
INSIG1,ELOVL6,0.559,functional_association,functional
INSIG1,DGAT1,0.474,functional_association,functional
INSIG1,ERLIN1,0.486,functional_association,functional
INSIG1,ACSL1,0.496,functional_association,functional
INSIG1,ACAT2,0.497,functional_association,functional
INSIG1,PPARA,0.5,functional_association,functional
INSIG1,ACLY,0.53,functional_association,functional
INSIG1,MBTPS2,0.571,functional_association,functional
INSIG1,UBIAD1,0.443,functional_association,functional
INSIG1,SYVN1,0.573,functional_association,functional
INSIG1,LPIN1,0.61,functional_association,functional
INSIG1,ACACA,0.625,functional_association,functional
INSIG1,PMVK,0.625,functional_association,functional
INSIG1,LSS,0.648,functional_association,functional
INSIG1,SCD,0.69,functional_association,functional
INSIG1,HMGCS2,0.451,functional_association,functional
INSIG1,ELOVL5,0.44,functional_association,functional
ICMT,GART,0.486,functional_association,functional
MBTPS1,HMGCS2,0.647,functional_association,functional
ICMT,PGGT1B,0.494,functional_association,functional
ICMT,RHOA,0.546,functional_association,functional
ICMT,ZMPSTE24,0.996,functional_association,functional
MBTPS1,NFYA,0.499,functional_association,functional
MBTPS1,ABCA1,0.509,functional_association,functional
MBTPS1,INSIG1,0.549,functional_association,functional
MBTPS1,SREBF1,0.885,functional_association,functional
INSIG1,ABCG1,0.434,functional_association,functional
MBTPS1,SREBF2,0.9,functional_association,functional
MBTPS1,MBTPS2,0.979,functional_association,functional
INSIG1,CH25H,0.409,functional_association,functional
INSIG1,XPR1,0.422,functional_association,functional
INSIG1,EBP,0.427,functional_association,functional
INSIG1,HMGA1,0.43,functional_association,functional
ACACB,PRKAA1,0.943,functional_association,functional
ACACB,PRKAA2,0.939,functional_association,functional
ACACB,SREBF1,0.939,functional_association,functional
PKLR,SREBF1,0.45,functional_association,functional
LBR,NSDHL,0.718,functional_association,functional
LBR,EBP,0.759,functional_association,functional
LBR,DHCR24,0.95,functional_association,functional
PKLR,PLTP,0.409,functional_association,functional
PKLR,DHCR24,0.427,functional_association,functional
PKLR,GOT1,0.437,functional_association,functional
PKLR,GPT2,0.453,functional_association,functional
LBR,RHOA,0.614,functional_association,functional
PKLR,DHCR7,0.47,functional_association,functional
PKLR,SCD,0.475,functional_association,functional
PKLR,ACACB,0.501,functional_association,functional
PKLR,POLR2F,0.507,functional_association,functional
PKLR,GPT,0.514,functional_association,functional
PKLR,G6PC2,0.532,functional_association,functional
LBR,CH25H,0.646,functional_association,functional
LBR,LSS,0.57,functional_association,functional
ACACB,PRKAB1,0.929,functional_association,functional
LBR,FDPS,0.401,functional_association,functional
ACSL4,ACSL1,0.77,functional_association,functional
ACSL4,ACSL3,0.772,functional_association,functional
ACSL4,DGAT1,0.819,functional_association,functional
ACSL4,GPX4,0.834,functional_association,functional
ACSL4,LPL,0.905,functional_association,functional
LBR,KMO,0.4,functional_association,functional
LBR,PMVK,0.414,functional_association,functional
LBR,FDFT1,0.556,functional_association,functional
LBR,IDI1,0.416,functional_association,functional
LBR,HMGCS2,0.436,functional_association,functional
LBR,ZMPSTE24,0.46,functional_association,functional
LBR,INSIG1,0.505,functional_association,functional
LBR,HMGA1,0.523,functional_association,functional
LBR,HSD3B1,0.556,functional_association,functional
PKLR,GART,0.536,functional_association,functional
PKLR,UGCG,0.545,functional_association,functional
PKLR,ACLY,0.586,functional_association,functional
ACACB,DGAT1,0.585,functional_association,functional
ACACB,LPIN1,0.5,functional_association,functional
ACACB,LDHA,0.509,functional_association,functional
ACACB,INS,0.519,functional_association,functional
ACACB,CD36,0.541,functional_association,functional
ACACB,CPT2,0.559,functional_association,functional
ACACB,ACOX3,0.584,functional_association,functional
ACACB,PPARA,0.598,functional_association,functional
PKLR,HK1,0.591,functional_association,functional
ACACB,ELOVL6,0.651,functional_association,functional
ACACB,ACSL3,0.71,functional_association,functional
ACACB,ACSL1,0.737,functional_association,functional
ACACB,SCD,0.754,functional_association,functional
ACACB,GART,0.92,functional_association,functional
ACACB,PRKAG3,0.925,functional_association,functional
ACACB,SREBF2,0.491,functional_association,functional
ACACB,HSDL2,0.481,functional_association,functional
ACACB,ELOVL5,0.478,functional_association,functional
ACACB,G6PD,0.465,functional_association,functional
ACACB,H6PD,0.456,functional_association,functional
ACACB,ABCB11,0.45,functional_association,functional
ACACB,ADIPOQ,0.449,functional_association,functional
ACACB,GAPDH,0.444,functional_association,functional
ACACB,LPL,0.428,functional_association,functional
PKLR,LDHA,0.986,functional_association,functional
PKLR,H6PD,0.949,functional_association,functional
PKLR,G6PD,0.927,functional_association,functional
PKLR,GAPDH,0.805,functional_association,functional
PKLR,HAO2,0.63,functional_association,functional
PKLR,HAO1,0.613,functional_association,functional
PKLR,ELOVL6,0.608,functional_association,functional
PKLR,ACACA,0.607,functional_association,functional
FDPS,EBP,0.675,functional_association,functional
FDPS,DHCR24,0.795,functional_association,functional
SCD,LSS,0.512,functional_association,functional
PTGS2,CYP2C19,0.927,functional_association,functional
PTGS2,AKT1,0.775,functional_association,functional
PTGS2,MMP9,0.815,functional_association,functional
PTGS2,GAPDH,0.82,functional_association,functional
PTGS2,HIF1A,0.831,functional_association,functional
PTGS2,JUN,0.866,functional_association,functional
PTGS2,TNF,0.916,functional_association,functional
PTGS2,CYP2C8,0.943,functional_association,functional
PTGS2,PPARA,0.729,functional_association,functional
PTGS2,IL6,0.96,functional_association,functional
XPR1,NPC2,0.4,functional_association,functional
XPR1,GPT,0.4,functional_association,functional
XPR1,ACTB,0.401,functional_association,functional
XPR1,ACLY,0.404,functional_association,functional
XPR1,SOAT1,0.416,functional_association,functional
PTGS2,BCL2,0.745,functional_association,functional
PTGS2,ACTB,0.728,functional_association,functional
XPR1,CH25H,0.444,functional_association,functional
PTGS2,NCOA2,0.527,functional_association,functional
PTGS2,CD36,0.484,functional_association,functional
PTGS2,DHFR,0.489,functional_association,functional
PTGS2,RXRA,0.489,functional_association,functional
PTGS2,CYP1A1,0.494,functional_association,functional
PTGS2,DHRS11,0.495,functional_association,functional
PTGS2,ADIPOQ,0.519,functional_association,functional
PTGS2,GPT,0.541,functional_association,functional
PTGS2,GPX3,0.683,functional_association,functional
PTGS2,CYP19A1,0.597,functional_association,functional
PTGS2,INS,0.639,functional_association,functional
PTGS2,ESR1,0.674,functional_association,functional
PTGS2,GPX8,0.679,functional_association,functional
PTGS2,GPX5,0.681,functional_association,functional
PTGS2,GPX2,0.682,functional_association,functional
XPR1,MTTP,0.418,functional_association,functional
XPR1,CYP3A4,0.445,functional_association,functional
PTGS2,EPHX2,0.445,functional_association,functional
SOAT1,FDFT1,0.428,functional_association,functional
XPR1,PPARA,0.97,functional_association,functional
XPR1,NR1H4,0.99,functional_association,functional
SOAT1,CYP19A1,0.41,functional_association,functional
SOAT1,ELOVL6,0.419,functional_association,functional
SOAT1,LPIN1,0.421,functional_association,functional
SOAT1,SCD,0.423,functional_association,functional
SOAT1,ACACA,0.432,functional_association,functional
XPR1,ABCG5,0.919,functional_association,functional
SOAT1,CD36,0.436,functional_association,functional
SOAT1,ABCA1,0.63,functional_association,functional
SOAT1,UBIAD1,0.71,functional_association,functional
SOAT1,CH25H,0.888,functional_association,functional
SOAT1,DHCR24,0.94,functional_association,functional
RUSC1,PMVK,0.419,functional_association,functional
XPR1,ABCA1,0.94,functional_association,functional
XPR1,NR1H3,0.885,functional_association,functional
XPR1,TNF,0.447,functional_association,functional
XPR1,LPL,0.541,functional_association,functional
XPR1,ACACA,0.464,functional_association,functional
XPR1,ADIPOQ,0.471,functional_association,functional
XPR1,PLTP,0.479,functional_association,functional
XPR1,AKT1,0.479,functional_association,functional
XPR1,IL6,0.48,functional_association,functional
XPR1,ESR1,0.506,functional_association,functional
XPR1,ABCB11,0.56,functional_association,functional
XPR1,RXRA,0.84,functional_association,functional
XPR1,DHCR24,0.563,functional_association,functional
XPR1,SCD,0.578,functional_association,functional
XPR1,CD36,0.581,functional_association,functional
XPR1,INS,0.603,functional_association,functional
XPR1,NCOA1,0.613,functional_association,functional
XPR1,NCOA6,0.642,functional_association,functional
PTGS2,RHOA,0.467,functional_association,functional
PTGS2,IGF1R,0.433,functional_association,functional
FDPS,ACAT2,0.829,functional_association,functional
AGT,AKT1,0.821,functional_association,functional
AGT,GAPDH,0.643,functional_association,functional
AGT,ADIPOQ,0.671,functional_association,functional
AGT,MMP9,0.704,functional_association,functional
AGT,GCG,0.748,functional_association,functional
AGT,PPARA,0.767,functional_association,functional
AGT,IL6,0.788,functional_association,functional
AGT,TNF,0.856,functional_association,functional
AGT,RHOA,0.625,functional_association,functional
AGT,INS,0.863,functional_association,functional
HSD11B1,ACACA,0.4,functional_association,functional
HSD11B1,TNF,0.4,functional_association,functional
HSD11B1,VLDLR,0.461,functional_association,functional
HSD11B1,CYP19A1,0.531,functional_association,functional
HSD11B1,GAPDH,0.56,functional_association,functional
AGT,HIF1A,0.634,functional_association,functional
AGT,JUN,0.623,functional_association,functional
HSD11B1,DHRS11,0.597,functional_association,functional
AGT,GPT,0.493,functional_association,functional
AGT,FOXO1,0.435,functional_association,functional
AGT,RXRA,0.455,functional_association,functional
AGT,NCOA1,0.463,functional_association,functional
AGT,CD36,0.465,functional_association,functional
AGT,TBL1X,0.487,functional_association,functional
AGT,ESR1,0.49,functional_association,functional
AGT,GPX2,0.539,functional_association,functional
AGT,PTGS2,0.609,functional_association,functional
AGT,GPX8,0.54,functional_association,functional
AGT,EPHX2,0.541,functional_association,functional
AGT,GPX5,0.541,functional_association,functional
AGT,BCL2,0.561,functional_association,functional
AGT,GPX3,0.571,functional_association,functional
AGT,ACTB,0.582,functional_association,functional
HSD11B1,INS,0.575,functional_association,functional
HSD11B1,ADIPOQ,0.613,functional_association,functional
PTGS2,ABCB1,0.41,functional_association,functional
ACAT2,IDI1,0.828,functional_association,functional
ACAT2,NSDHL,0.64,functional_association,functional
ACAT2,SCP2,0.672,functional_association,functional
ACAT2,PMVK,0.693,functional_association,functional
ACAT2,EBP,0.701,functional_association,functional
ACAT2,LSS,0.758,functional_association,functional
ACAT2,FDFT1,0.822,functional_association,functional
ACAT2,HSDL2,0.892,functional_association,functional
ACAT2,DHCR24,0.526,functional_association,functional
ACAT2,ACLY,0.916,functional_association,functional
ACAT2,HMGCLL1,0.949,functional_association,functional
ACAT2,HMGCL,0.95,functional_association,functional
ACAT2,ACACA,0.959,functional_association,functional
ACAT2,HMGCS2,0.993,functional_association,functional
PTGS2,CYP3A4,0.406,functional_association,functional
ACAT2,SERPINA3,0.541,functional_association,functional
ACAT2,SCD,0.497,functional_association,functional
HSD11B1,G6PD,0.63,functional_association,functional
HSD11B1,HSD3B1,0.962,functional_association,functional
HSD11B1,CD36,0.678,functional_association,functional
HSD11B1,CYP17A1,0.757,functional_association,functional
HSD11B1,CYP2D6,0.927,functional_association,functional
HSD11B1,H6PD,0.931,functional_association,functional
HSD11B1,CYP1A1,0.931,functional_association,functional
HSD11B1,CYP3A4,0.941,functional_association,functional
ACAT2,H6PD,0.4,functional_association,functional
ACAT2,CPT2,0.495,functional_association,functional
ACAT2,ELOVL6,0.405,functional_association,functional
ACAT2,ACSL1,0.411,functional_association,functional
ACAT2,MTTP,0.422,functional_association,functional
ACAT2,ABCG5,0.427,functional_association,functional
ACAT2,DGAT1,0.429,functional_association,functional
ACAT2,HMGA1,0.494,functional_association,functional
RUSC1,HAO1,0.468,functional_association,functional
RUSC1,NUS1,0.47,functional_association,functional
RUSC1,PDSS2,0.471,functional_association,functional
HSD3B1,LSS,0.788,functional_association,functional
HSD3B1,ACTB,0.458,functional_association,functional
HSD3B1,HAO1,0.46,functional_association,functional
HSD3B1,GAPDH,0.473,functional_association,functional
HSD3B1,POR,0.565,functional_association,functional
HSD3B1,ESR1,0.585,functional_association,functional
HSD3B1,CH25H,0.684,functional_association,functional
HSD3B1,FDFT1,0.858,functional_association,functional
HSD3B1,DHCR24,0.429,functional_association,functional
HSD3B1,DHRS11,0.886,functional_association,functional
HSD3B1,CYP3A4,0.947,functional_association,functional
HSD3B1,CYP1A1,0.95,functional_association,functional
HSD3B1,CYP19A1,0.988,functional_association,functional
HSD3B1,CYP17A1,0.995,functional_association,functional
CYP17A1,MTHFR,0.409,functional_association,functional
HSD3B1,H6PD,0.451,functional_association,functional
HSD3B1,INS,0.41,functional_association,functional
CYP17A1,NCOA1,0.429,functional_association,functional
HMGCS2,LSS,0.734,functional_association,functional
HMGCS2,DHCR24,0.584,functional_association,functional
HMGCS2,CPT2,0.598,functional_association,functional
HMGCS2,SCD,0.622,functional_association,functional
HMGCS2,NSDHL,0.623,functional_association,functional
HMGCS2,ABCA1,0.625,functional_association,functional
HMGCS2,HMGA1,0.673,functional_association,functional
HMGCS2,CH25H,0.756,functional_association,functional
HMGCS2,HMGCL,0.99,functional_association,functional
HMGCS2,IDI1,0.813,functional_association,functional
HMGCS2,PPARA,0.887,functional_association,functional
HMGCS2,ACLY,0.896,functional_association,functional
HMGCS2,COASY,0.898,functional_association,functional
HMGCS2,FDFT1,0.962,functional_association,functional
HMGCS2,HMGCLL1,0.98,functional_association,functional
CYP17A1,AKT1,0.427,functional_association,functional
CYP17A1,ACTB,0.441,functional_association,functional
RUSC1,PDSS1,0.474,functional_association,functional
SCD,COASY,0.42,functional_association,functional
NSDHL,LSS,0.957,functional_association,functional
NSDHL,FDFT1,0.961,functional_association,functional
NSDHL,EBP,0.964,functional_association,functional
SCD,HIF1A,0.403,functional_association,functional
SCD,IDI1,0.403,functional_association,functional
SCD,G6PC2,0.414,functional_association,functional
SCD,VLDLR,0.424,functional_association,functional
NSDHL,IDI1,0.856,functional_association,functional
SCD,TNF,0.446,functional_association,functional
SCD,UCP2,0.446,functional_association,functional
SCD,IL6,0.447,functional_association,functional
SCD,ACTB,0.487,functional_association,functional
SCD,AKT1,0.488,functional_association,functional
SCD,GPT,0.498,functional_association,functional
NSDHL,DHCR24,0.858,functional_association,functional
NSDHL,CH25H,0.768,functional_association,functional
CYP17A1,GAPDH,0.458,functional_association,functional
CYP17A1,CYP3A4,0.948,functional_association,functional
CYP17A1,H6PD,0.483,functional_association,functional
CYP17A1,INS,0.544,functional_association,functional
CYP17A1,ESR1,0.661,functional_association,functional
CYP17A1,DHRS11,0.865,functional_association,functional
CYP17A1,POR,0.912,functional_association,functional
CYP17A1,CYP1A1,0.925,functional_association,functional
CYP17A1,CYP19A1,0.971,functional_association,functional
NSDHL,AUP1,0.443,functional_association,functional
PSRC1,ANGPTL3,0.4,functional_association,functional
PSRC1,APOA5,0.562,functional_association,functional
NSDHL,NDUFAF6,0.401,functional_association,functional
NSDHL,ACACA,0.409,functional_association,functional
NSDHL,ACLY,0.415,functional_association,functional
NSDHL,POR,0.424,functional_association,functional
HMGCS2,NR1H3,0.565,functional_association,functional
HMGCS2,RXRA,0.54,functional_association,functional
HMGCS2,HAO1,0.529,functional_association,functional
NUS1,PDSS1,0.947,functional_association,functional
NUS1,HAO1,0.584,functional_association,functional
NUS1,IDI1,0.724,functional_association,functional
NUS1,MBTPS2,0.738,functional_association,functional
NUS1,UBIAD1,0.842,functional_association,functional
NUS1,FDFT1,0.853,functional_association,functional
NUS1,PDSS2,0.945,functional_association,functional
PDSS2,ZMPSTE24,0.408,functional_association,functional
PMVK,IDI1,0.852,functional_association,functional
PDSS2,HMGCS2,0.434,functional_association,functional
PDSS2,HAO1,0.468,functional_association,functional
PDSS2,IDI1,0.552,functional_association,functional
PDSS2,LSS,0.59,functional_association,functional
PDSS2,NDUFAF6,0.623,functional_association,functional
PDSS2,UBIAD1,0.666,functional_association,functional
NUS1,NPC2,0.474,functional_association,functional
PMVK,FDFT1,0.769,functional_association,functional
HMGCS2,NDUFAF6,0.506,functional_association,functional
PMVK,EBP,0.524,functional_association,functional
RUSC1,HMGCS2,0.54,functional_association,functional
RUSC1,NDUFAF6,0.561,functional_association,functional
RUSC1,UBIAD1,0.57,functional_association,functional
RUSC1,IDI1,0.646,functional_association,functional
RUSC1,LSS,0.713,functional_association,functional
RUSC1,FDFT1,0.725,functional_association,functional
PMVK,COASY,0.527,functional_association,functional
PMVK,HMGA1,0.763,functional_association,functional
PMVK,DHCR24,0.584,functional_association,functional
PMVK,SERPINA3,0.662,functional_association,functional
PMVK,NSDHL,0.696,functional_association,functional
PMVK,HMGCS2,0.727,functional_association,functional
PMVK,LSS,0.736,functional_association,functional
PMVK,PEX5,0.753,functional_association,functional
PDSS2,FDFT1,0.933,functional_association,functional
PDSS2,PDSS1,0.981,functional_association,functional
PNLIP,PLTP,0.412,functional_association,functional
HMGCS2,NCOA1,0.465,functional_association,functional
HMGCS2,ABCG5,0.435,functional_association,functional
HMGCS2,TBL1X,0.442,functional_association,functional
HMGCS2,H6PD,0.45,functional_association,functional
HMGCS2,ACACA,0.452,functional_association,functional
HMGCS2,NCOA2,0.456,functional_association,functional
HMGCS2,NR1H4,0.457,functional_association,functional
HMGCS2,HSD3B1,0.465,functional_association,functional
PNLIP,PPARA,0.461,functional_association,functional
HMGCS2,CD36,0.467,functional_association,functional
HMGCS2,DGAT1,0.47,functional_association,functional
HMGCS2,INS,0.472,functional_association,functional
HMGCS2,PDSS1,0.479,functional_association,functional
HMGCS2,EBP,0.483,functional_association,functional
HMGCS2,ACSL1,0.498,functional_association,functional
HMGCS2,ELOVL6,0.434,functional_association,functional
HMGCS2,TBL1XR1,0.417,functional_association,functional
HMGCS2,NCOA6,0.406,functional_association,functional
HMGCS2,CHD9,0.406,functional_association,functional
HMGCS2,APOA5,0.404,functional_association,functional
HMGCS2,HELZ2,0.4,functional_association,functional
PNLIP,CEL,0.983,functional_association,functional
PNLIP,LPL,0.922,functional_association,functional
PNLIP,DGAT1,0.8,functional_association,functional
PNLIP,MGAM,0.722,functional_association,functional
PNLIP,INS,0.717,functional_association,functional
PNLIP,LPIN1,0.701,functional_association,functional
PNLIP,ACSL1,0.69,functional_association,functional
PNLIP,GCG,0.613,functional_association,functional
PNLIP,GPT,0.481,functional_association,functional
PNLIP,UCP2,0.471,functional_association,functional
PNLIP,ADIPOQ,0.466,functional_association,functional
AGT,TBL1XR1,0.419,functional_association,functional
AGT,NCOA2,0.415,functional_association,functional
AGT,NCOA6,0.408,functional_association,functional
SREBF2,ERLIN2,0.405,functional_association,functional
HAO2,PEX5,0.597,functional_association,functional
HAO2,HMGCS2,0.625,functional_association,functional
HAO2,SCP2,0.658,functional_association,functional
HAO2,UBIAD1,0.81,functional_association,functional
HAO2,HAO1,0.929,functional_association,functional
SREBF2,IL6,0.404,functional_association,functional
SREBF2,RNF145,0.412,functional_association,functional
HAO2,NUS1,0.584,functional_association,functional
SREBF2,TNF,0.426,functional_association,functional
SREBF2,HIF1A,0.449,functional_association,functional
SREBF2,GPT,0.455,functional_association,functional
SREBF2,GPX5,0.468,functional_association,functional
SREBF2,NPC2,0.472,functional_association,functional
SREBF2,VLDLR,0.474,functional_association,functional
HAO2,LSS,0.592,functional_association,functional
HAO2,HSD3B1,0.555,functional_association,functional
SREBF2,ADIPOQ,0.478,functional_association,functional
HAO2,EPHX2,0.413,functional_association,functional
DHDDS,UBIAD1,0.844,functional_association,functional
DHDDS,FDFT1,0.876,functional_association,functional
DHDDS,PDSS2,0.953,functional_association,functional
DHDDS,PDSS1,0.965,functional_association,functional
DHDDS,NUS1,0.998,functional_association,functional
HAO2,HMGCL,0.403,functional_association,functional
HAO2,GPT,0.426,functional_association,functional
HAO2,DHCR24,0.506,functional_association,functional
HAO2,H6PD,0.445,functional_association,functional
HAO2,HMGCLL1,0.458,functional_association,functional
HAO2,PDSS1,0.468,functional_association,functional
HAO2,PDSS2,0.468,functional_association,functional
HAO2,RUSC1,0.468,functional_association,functional
HAO2,HSDL2,0.495,functional_association,functional
SREBF2,ELOVL5,0.477,functional_association,functional
SREBF2,MTOR,0.483,functional_association,functional
SREBF2,ABCA1,0.94,functional_association,functional
SREBF2,HMGCS2,0.833,functional_association,functional
SREBF2,ACACA,0.724,functional_association,functional
SREBF2,PMVK,0.743,functional_association,functional
SREBF2,SCD,0.753,functional_association,functional
SREBF2,IDI1,0.804,functional_association,functional
SREBF2,NR1H4,0.814,functional_association,functional
SREBF2,PPARA,0.822,functional_association,functional
SREBF2,ABCG1,0.877,functional_association,functional
SREBF2,INS,0.66,functional_association,functional
SREBF2,NR1H3,0.887,functional_association,functional
SREBF2,FDFT1,0.888,functional_association,functional
SREBF2,LSS,0.914,functional_association,functional
SREBF2,ELOVL6,0.921,functional_association,functional
SREBF2,ABCG5,0.921,functional_association,functional
SREBF2,XPR1,0.922,functional_association,functional
SREBF2,DHCR24,0.708,functional_association,functional
SREBF2,ACLY,0.657,functional_association,functional
SREBF2,GAPDH,0.5,functional_association,functional
SREBF2,ACTB,0.536,functional_association,functional
SREBF2,FOXO1,0.505,functional_association,functional
SREBF2,ACAT2,0.511,functional_association,functional
SREBF2,ABCB11,0.512,functional_association,functional
SREBF2,LPL,0.518,functional_association,functional
SREBF2,DGAT1,0.523,functional_association,functional
SREBF2,NSDHL,0.531,functional_association,functional
SREBF2,SOAT1,0.552,functional_association,functional
SREBF2,ACSL1,0.654,functional_association,functional
SREBF2,LPIN1,0.557,functional_association,functional
SREBF2,AKT1,0.563,functional_association,functional
SREBF2,CD36,0.568,functional_association,functional
SREBF2,CH25H,0.592,functional_association,functional
SREBF2,HMGA1,0.61,functional_association,functional
SREBF2,MTTP,0.652,functional_association,functional
DHDDS,MBTPS2,0.739,functional_association,functional
DHDDS,IDI1,0.738,functional_association,functional
DHDDS,NPC2,0.652,functional_association,functional
ACSL3,ACAT2,0.451,functional_association,functional
MYLIP,ABCA1,0.818,functional_association,functional
MYLIP,XPR1,0.899,functional_association,functional
ACSL3,ABCG2,0.401,functional_association,functional
ACSL3,FDFT1,0.414,functional_association,functional
ACSL3,IDI1,0.418,functional_association,functional
ACSL3,PPARA,0.435,functional_association,functional
ACSL3,ELOVL5,0.489,functional_association,functional
MYLIP,VLDLR,0.765,functional_association,functional
ACSL3,LPIN1,0.493,functional_association,functional
ACSL3,ELOVL6,0.522,functional_association,functional
ACSL3,AUP1,0.522,functional_association,functional
ACSL3,HSDL2,0.524,functional_association,functional
ACSL3,SCP2,0.609,functional_association,functional
ACSL3,CPT2,0.628,functional_association,functional
MYLIP,NR1H3,0.77,functional_association,functional
MYLIP,ABCG1,0.757,functional_association,functional
DHDDS,HAO2,0.584,functional_association,functional
FDPS,DHDDS,0.966,functional_association,functional
FDPS,NSDHL,0.832,functional_association,functional
FDPS,LSS,0.894,functional_association,functional
FDPS,SREBF2,0.896,functional_association,functional
FDPS,PMVK,0.901,functional_association,functional
FDPS,NUS1,0.952,functional_association,functional
FDPS,PDSS2,0.965,functional_association,functional
FDPS,PDSS1,0.975,functional_association,functional
MYLIP,SREBF2,0.709,functional_association,functional
FDPS,HMGCS2,0.982,functional_association,functional
FDPS,IDI1,0.994,functional_association,functional
FDPS,FDFT1,0.995,functional_association,functional
MYLIP,NR1H4,0.613,functional_association,functional
MYLIP,ABCG5,0.659,functional_association,functional
MYLIP,RXRA,0.68,functional_association,functional
ACSL3,COASY,0.637,functional_association,functional
ACSL3,CEL,0.644,functional_association,functional
ACSL3,HMGCS2,0.651,functional_association,functional
VCP,ERLIN2,0.79,functional_association,functional
VCP,ACLY,0.546,functional_association,functional
VCP,SCD,0.556,functional_association,functional
VCP,HIF1A,0.587,functional_association,functional
VCP,ACTB,0.728,functional_association,functional
VCP,AKT1,0.735,functional_association,functional
VCP,GAPDH,0.742,functional_association,functional
VCP,ERLIN1,0.847,functional_association,functional
ACSL3,ACLY,0.656,functional_association,functional
VCP,AUP1,0.943,functional_association,functional
VCP,SYVN1,0.998,functional_association,functional
DHDDS,ZMPSTE24,0.415,functional_association,functional
DHDDS,COASY,0.454,functional_association,functional
DHDDS,RUSC1,0.553,functional_association,functional
DHDDS,HAO1,0.584,functional_association,functional
VCP,HK1,0.464,functional_association,functional
VCP,MTOR,0.456,functional_association,functional
VCP,PEX5,0.42,functional_association,functional
VCP,RHOA,0.414,functional_association,functional
STIP1,VCP,0.684,functional_association,functional
STIP1,GAPDH,0.567,functional_association,functional
STIP1,LDHA,0.493,functional_association,functional
TRIM33,MORC3,0.926,functional_association,functional
TRIM33,NCOA4,0.763,functional_association,functional
TRIM33,JUN,0.575,functional_association,functional
ACSL3,LPL,0.914,functional_association,functional
ACSL3,DGAT1,0.867,functional_association,functional
ACSL3,ACSL1,0.859,functional_association,functional
ACSL3,ACACA,0.797,functional_association,functional
ACSL3,SCD,0.673,functional_association,functional
ACSL3,PNLIP,0.662,functional_association,functional
ACSL3,CD36,0.658,functional_association,functional
SREBF2,MBTPS2,0.93,functional_association,functional
MTOR,CYP3A4,0.4,functional_association,functional
AGT,UCP2,0.402,functional_association,functional
GPX7,IL6,0.75,functional_association,functional
GPX7,AKT1,0.644,functional_association,functional
GPX7,GAPDH,0.666,functional_association,functional
GPX7,PTGS2,0.679,functional_association,functional
GPX7,TNF,0.723,functional_association,functional
GPX7,INS,0.726,functional_association,functional
GPX7,BCL2,0.731,functional_association,functional
GPX7,G6PD,0.808,functional_association,functional
GPX7,JUN,0.577,functional_association,functional
GPX7,GPT,0.813,functional_association,functional
GPX7,H6PD,0.82,functional_association,functional
GPX7,CYP2C8,0.91,functional_association,functional
GPX7,GPX8,0.917,functional_association,functional
GPX7,GPX5,0.923,functional_association,functional
GPX7,GPX3,0.927,functional_association,functional
GPX7,ACTB,0.594,functional_association,functional
GPX7,AGT,0.542,functional_association,functional
ABCG1,HMGCS2,0.406,functional_association,functional
GPX7,FOXO1,0.439,functional_association,functional
GPX6,GPX7,0.921,functional_association,functional
GPX6,GPX8,0.928,functional_association,functional
GPX7,ESR1,0.409,functional_association,functional
GPX7,POR,0.424,functional_association,functional
GPX7,G6PC2,0.427,functional_association,functional
GPX7,HK1,0.428,functional_association,functional
GPX7,PLTP,0.448,functional_association,functional
GPX7,HIF1A,0.536,functional_association,functional
GPX7,MGAM,0.454,functional_association,functional
GPX7,CYP1A1,0.454,functional_association,functional
GPX7,PPARA,0.52,functional_association,functional
GPX7,ADIPOQ,0.521,functional_association,functional
GPX7,UCP2,0.523,functional_association,functional
GPX7,MMP9,0.524,functional_association,functional
GPX7,GPX2,0.935,functional_association,functional
ABCG1,MTTP,0.42,functional_association,functional
MTOR,UCP2,0.404,functional_association,functional
KMO,CH25H,0.461,functional_association,functional
ABCG1,CD36,0.707,functional_association,functional
ABCG1,RXRA,0.815,functional_association,functional
ABCG1,XPR1,0.874,functional_association,functional
ABCG1,NR1H3,0.932,functional_association,functional
KMO,CYP1A1,0.402,functional_association,functional
KMO,EPHX2,0.428,functional_association,functional
KMO,HMGCS2,0.531,functional_association,functional
ABCG1,ABCG5,0.604,functional_association,functional
KMO,IDI1,0.539,functional_association,functional
KMO,NDUFAF6,0.542,functional_association,functional
KMO,FDFT1,0.628,functional_association,functional
KMO,LSS,0.73,functional_association,functional
AGT,CHD9,0.4,functional_association,functional
AGT,HELZ2,0.4,functional_association,functional
ABCG1,PLTP,0.685,functional_association,functional
ABCG1,SOAT1,0.59,functional_association,functional
ABCG1,FDFT1,0.427,functional_association,functional
ABCG1,NPC2,0.471,functional_association,functional
ABCG1,ACACA,0.432,functional_association,functional
ABCG1,SCD,0.447,functional_association,functional
ABCG1,TNF,0.453,functional_association,functional
ABCG1,GAPDH,0.454,functional_association,functional
ABCG1,ACTB,0.461,functional_association,functional
ABCG1,CH25H,0.469,functional_association,functional
ABCG1,IL6,0.478,functional_association,functional
ABCG1,PPARA,0.581,functional_association,functional
ABCG1,VLDLR,0.484,functional_association,functional
ABCG1,NR1H4,0.488,functional_association,functional
ABCG1,INS,0.515,functional_association,functional
ABCG1,DHCR24,0.538,functional_association,functional
ABCG1,ABCA1,0.54,functional_association,functional
ABCG1,LPL,0.571,functional_association,functional
GPX6,GPX2,0.912,functional_association,functional
GPX6,CYP2C8,0.909,functional_association,functional
GPX6,GPX3,0.902,functional_association,functional
MTOR,GAPDH,0.701,functional_association,functional
MTOR,ADIPOQ,0.552,functional_association,functional
MTOR,GCG,0.552,functional_association,functional
MTOR,PTGS2,0.575,functional_association,functional
MTOR,MMP9,0.588,functional_association,functional
MTOR,TNF,0.671,functional_association,functional
MTOR,PPARA,0.68,functional_association,functional
MTOR,JUN,0.715,functional_association,functional
MTOR,PFKFB3,0.539,functional_association,functional
MTOR,ESR1,0.745,functional_association,functional
MTOR,ACTB,0.752,functional_association,functional
MTOR,FOXO1,0.758,functional_association,functional
MTOR,BCL2,0.765,functional_association,functional
MTOR,IL6,0.772,functional_association,functional
MTOR,HIF1A,0.789,functional_association,functional
MTOR,LDHA,0.541,functional_association,functional
MTOR,AGT,0.531,functional_association,functional
GPX6,GPX5,0.902,functional_association,functional
MTOR,GPX2,0.451,functional_association,functional
MTOR,HELZ2,0.409,functional_association,functional
MTOR,CD36,0.416,functional_association,functional
MTOR,SCD,0.431,functional_association,functional
MTOR,GPX3,0.451,functional_association,functional
MTOR,GPX8,0.451,functional_association,functional
MTOR,GPX5,0.451,functional_association,functional
MTOR,GPX6,0.451,functional_association,functional
MTOR,CYP19A1,0.507,functional_association,functional
MTOR,MTUS2,0.452,functional_association,functional
MTOR,GPX7,0.452,functional_association,functional
MTOR,GPT,0.476,functional_association,functional
MTOR,ABCB1,0.476,functional_association,functional
MTOR,ACACA,0.486,functional_association,functional
MTOR,ACLY,0.506,functional_association,functional
MTOR,IGF1R,0.872,functional_association,functional
MTOR,INS,0.882,functional_association,functional
MTOR,PRKAG3,0.924,functional_association,functional
GPX6,PTGS2,0.679,functional_association,functional
GPX6,HIF1A,0.531,functional_association,functional
GPX6,AGT,0.547,functional_association,functional
GPX6,JUN,0.577,functional_association,functional
GPX6,ACTB,0.59,functional_association,functional
GPX6,GAPDH,0.619,functional_association,functional
GPX6,AKT1,0.635,functional_association,functional
GPX6,INS,0.716,functional_association,functional
MTOR,LPIN1,0.944,functional_association,functional
GPX6,BCL2,0.726,functional_association,functional
GPX6,TNF,0.727,functional_association,functional
GPX6,IL6,0.732,functional_association,functional
GPX6,GPT,0.802,functional_association,functional
GPX6,G6PD,0.814,functional_association,functional
GPX6,H6PD,0.828,functional_association,functional
GPX6,ADIPOQ,0.529,functional_association,functional
GPX6,MMP9,0.519,functional_association,functional
GPX6,PPARA,0.517,functional_association,functional
GPX6,UCP2,0.516,functional_association,functional
GPX6,MGAM,0.464,functional_association,functional
GPX6,CYP1A1,0.461,functional_association,functional
GPX6,PLTP,0.439,functional_association,functional
GPX6,FOXO1,0.43,functional_association,functional
GPX6,G6PC2,0.427,functional_association,functional
GPX6,HK1,0.425,functional_association,functional
GPX6,ESR1,0.407,functional_association,functional
GPX6,GCG,0.405,functional_association,functional
GPX6,POR,0.402,functional_association,functional
MTOR,AKT1,0.999,functional_association,functional
MTOR,PRKAA2,0.973,functional_association,functional
MTOR,PRKAB1,0.967,functional_association,functional
MTOR,RHOA,0.958,functional_association,functional
APP,DHFR,0.524,functional_association,functional
CYP51A1,FBXO40,0.4,functional_association,functional
APP,MTOR,0.491,functional_association,functional
LIPE,PRKAA2,0.926,functional_association,functional
LIPE,PRKAA1,0.927,functional_association,functional
LIPE,PNPLA2,0.971,functional_association,functional
LIPE,FABP4,0.999,functional_association,functional
KATNAL2,H6PD,0.406,functional_association,functional
KATNAL2,HMGCR,0.421,functional_association,functional
KATNAL2,HSDL2,0.432,functional_association,functional
KATNAL2,UFD1,0.53,functional_association,functional
KATNAL2,VCP,0.613,functional_association,functional
GOT2,MGLL,0.407,functional_association,functional
GOT2,COASY,0.409,functional_association,functional
GOT2,AKT1,0.414,functional_association,functional
GOT2,ACACB,0.419,functional_association,functional
GOT2,HMGCS2,0.423,functional_association,functional
GOT2,PXDNL,0.439,functional_association,functional
GOT2,ACTB,0.45,functional_association,functional
LIPE,MGLL,0.927,functional_association,functional
LIPE,PRKAG2,0.921,functional_association,functional
GOT2,LPL,0.662,functional_association,functional
LIPE,PRKAG3,0.919,functional_association,functional
LIPE,SREBF1,0.769,functional_association,functional
LIPE,GOT2,0.778,functional_association,functional
LIPE,FASN,0.784,functional_association,functional
LIPE,INS,0.79,functional_association,functional
LIPE,UCP1,0.802,functional_association,functional
LIPE,PPARA,0.807,functional_association,functional
LIPE,SLC2A4,0.81,functional_association,functional
LIPE,PPARG,0.857,functional_association,functional
LIPE,ADIPOQ,0.86,functional_association,functional
LIPE,PLIN2,0.88,functional_association,functional
LIPE,MLXIPL,0.9,functional_association,functional
LIPE,LPL,0.903,functional_association,functional
LIPE,PRKAB2,0.911,functional_association,functional
LIPE,PRKAB1,0.915,functional_association,functional
LIPE,PRKAG1,0.919,functional_association,functional
GOT2,PXDN,0.451,functional_association,functional
GOT2,PKLR,0.456,functional_association,functional
GOT2,G6PD,0.472,functional_association,functional
GOT2,CPT1A,0.479,functional_association,functional
GOT2,CPT2,0.538,functional_association,functional
GOT2,SLC2A4,0.546,functional_association,functional
GOT2,GPX2,0.553,functional_association,functional
GOT2,ADIPOQ,0.557,functional_association,functional
GOT2,GPX8,0.558,functional_association,functional
GOT2,H6PD,0.561,functional_association,functional
GOT2,CYCS,0.564,functional_association,functional
GOT2,FASN,0.566,functional_association,functional
GOT2,ACSL1,0.566,functional_association,functional
GOT2,HMGCR,0.567,functional_association,functional
GOT2,SCP2,0.573,functional_association,functional
GOT2,ACOX3,0.579,functional_association,functional
GOT2,IL6,0.597,functional_association,functional
GOT2,SREBF1,0.605,functional_association,functional
GOT2,ACOX1,0.608,functional_association,functional
GOT2,LEP,0.536,functional_association,functional
GOT2,IL1B,0.514,functional_association,functional
GOT2,PNPLA2,0.511,functional_association,functional
GOT2,MTTP,0.491,functional_association,functional
GOT2,DGAT1,0.481,functional_association,functional
GOT2,APOE,0.482,functional_association,functional
GOT2,GPX3,0.485,functional_association,functional
GOT2,GPX5,0.485,functional_association,functional
GOT2,PPARGC1A,0.486,functional_association,functional
GOT2,GPX6,0.486,functional_association,functional
GOT2,ACAA2,0.495,functional_association,functional
GOT2,TNF,0.51,functional_association,functional
GOT2,ACACA,0.5,functional_association,functional
GOT2,GPX7,0.501,functional_association,functional
GOT2,SCD,0.507,functional_association,functional
GOT2,CANX,0.508,functional_association,functional
GOT2,PPARD,0.509,functional_association,functional
GOT2,TERT,0.51,functional_association,functional
LIPE,LEP,0.76,functional_association,functional
LIPE,APOE,0.751,functional_association,functional
LIPE,DGAT1,0.746,functional_association,functional
LIPE,ABCA1,0.473,functional_association,functional
PTGIS,SQLE,0.729,functional_association,functional
PTGIS,LSS,0.779,functional_association,functional
PTGIS,PTGS2,0.988,functional_association,functional
LIPE,HSPA5,0.401,functional_association,functional
LIPE,CEL,0.401,functional_association,functional
LIPE,NR1H3,0.403,functional_association,functional
LIPE,IL1B,0.411,functional_association,functional
LIPE,ACSL3,0.424,functional_association,functional
LIPE,G6PC2,0.433,functional_association,functional
LIPE,G6PC3,0.438,functional_association,functional
LIPE,ACAA2,0.442,functional_association,functional
LIPE,ALB,0.444,functional_association,functional
LIPE,TNF,0.461,functional_association,functional
LIPE,GAPDH,0.462,functional_association,functional
LIPE,SQLE,0.464,functional_association,functional
PTGIS,CH25H,0.704,functional_association,functional
PTGIS,FAXDC2,0.702,functional_association,functional
PTGIS,MSMO1,0.698,functional_association,functional
PTGIS,ACE,0.55,functional_association,functional
PTGIS,HSD3B1,0.501,functional_association,functional
PTGIS,HSD3B7,0.503,functional_association,functional
PTGIS,NSDHL,0.51,functional_association,functional
PTGIS,LBR,0.519,functional_association,functional
PTGIS,DHCR7,0.547,functional_association,functional
PTGIS,AGT,0.548,functional_association,functional
PTGIS,SC5D,0.557,functional_association,functional
PTGIS,ERG28,0.651,functional_association,functional
PTGIS,CYP27A1,0.562,functional_association,functional
PTGIS,TM7SF2,0.563,functional_association,functional
PTGIS,FDFT1,0.634,functional_association,functional
PTGIS,NOS3,0.637,functional_association,functional
PTGIS,SIGMAR1,0.645,functional_association,functional
PTGIS,HSD17B7,0.648,functional_association,functional
LIPE,STAR,0.472,functional_association,functional
LIPE,ELOVL6,0.473,functional_association,functional
LIPE,CD36,0.707,functional_association,functional
LIPE,FOXO1,0.481,functional_association,functional
LIPE,CAV1,0.598,functional_association,functional
LIPE,UCP2,0.603,functional_association,functional
LIPE,LIPC,0.604,functional_association,functional
LIPE,LIPA,0.623,functional_association,functional
LIPE,LCAT,0.628,functional_association,functional
LIPE,SCD,0.652,functional_association,functional
LIPE,CPT1A,0.661,functional_association,functional
LIPE,ACOX1,0.663,functional_association,functional
LIPE,SCARB2,0.664,functional_association,functional
LIPE,FABP1,0.665,functional_association,functional
LIPE,MTTP,0.674,functional_association,functional
LIPE,SCARB1,0.676,functional_association,functional
LIPE,ACACA,0.68,functional_association,functional
LIPE,PPARGC1A,0.701,functional_association,functional
LIPE,FABP2,0.702,functional_association,functional
LIPE,PNLIP,0.592,functional_association,functional
LIPE,GCG,0.59,functional_association,functional
LIPE,ACOX3,0.579,functional_association,functional
LIPE,PPARD,0.518,functional_association,functional
LIPE,IL6,0.482,functional_association,functional
LIPE,GPT,0.487,functional_association,functional
LIPE,ACTB,0.495,functional_association,functional
LIPE,G6PC,0.496,functional_association,functional
LIPE,HMGCR,0.501,functional_association,functional
LIPE,SREBF2,0.517,functional_association,functional
LIPE,ACLY,0.519,functional_association,functional
LIPE,GPAM,0.575,functional_association,functional
LIPE,LPIN1,0.53,functional_association,functional
LIPE,CPT2,0.533,functional_association,functional
LIPE,AKT1,0.535,functional_association,functional
LIPE,IRS1,0.548,functional_association,functional
LIPE,ACACB,0.559,functional_association,functional
LIPE,ACSL1,0.559,functional_association,functional
GOT2,HADHB,0.621,functional_association,functional
GOT2,PLIN2,0.667,functional_association,functional
CANX,CD81,0.77,functional_association,functional
FNTB,KRAS,0.759,functional_association,functional
FNTB,NUS1,0.917,functional_association,functional
FNTB,PDSS2,0.921,functional_association,functional
FNTB,PDSS1,0.943,functional_association,functional
FNTB,DHDDS,0.95,functional_association,functional
FNTB,FDPS,0.953,functional_association,functional
FNTB,GGPS1,0.958,functional_association,functional
FNTB,ZMPSTE24,0.963,functional_association,functional
FNTB,FNTA,0.999,functional_association,functional
CANX,ADAM10,0.4,functional_association,functional
CANX,ACSL4,0.404,functional_association,functional
CANX,RHOA,0.407,functional_association,functional
CANX,RNF145,0.413,functional_association,functional
CANX,NPC1,0.415,functional_association,functional
CANX,PLIN2,0.418,functional_association,functional
CANX,JUN,0.422,functional_association,functional
FNTB,FDFT1,0.847,functional_association,functional
FNTB,ICMT,0.659,functional_association,functional
GOT2,CAV1,0.67,functional_association,functional
FNTB,PGGT1B,0.553,functional_association,functional
INSIG2,FASN,0.66,functional_association,functional
INSIG2,VCP,0.677,functional_association,functional
INSIG2,FABP2,0.725,functional_association,functional
INSIG2,RNF145,0.742,functional_association,functional
INSIG2,MLXIPL,0.772,functional_association,functional
INSIG2,RNF139,0.839,functional_association,functional
INSIG2,AMFR,0.949,functional_association,functional
INSIG2,SREBF1,0.953,functional_association,functional
INSIG2,INSIG1,0.955,functional_association,functional
INSIG2,SREBF2,0.986,functional_association,functional
INSIG2,SCAP,0.999,functional_association,functional
FNTB,IDI2,0.42,functional_association,functional
FNTB,HMGCR,0.469,functional_association,functional
FNTB,AUP1,0.525,functional_association,functional
CANX,RNF139,0.424,functional_association,functional
CANX,MARCHF6,0.434,functional_association,functional
CANX,MAPK3,0.436,functional_association,functional
CANX,TP53,0.438,functional_association,functional
CANX,CYCS,0.587,functional_association,functional
CANX,MBTPS1,0.616,functional_association,functional
CANX,TNF,0.618,functional_association,functional
CANX,CYB5A,0.631,functional_association,functional
CANX,PXDNL,0.656,functional_association,functional
CANX,AKT1,0.676,functional_association,functional
CANX,CYB5B,0.679,functional_association,functional
CANX,ERLIN2,0.683,functional_association,functional
CANX,AMFR,0.685,functional_association,functional
CANX,ACTB,0.688,functional_association,functional
CANX,DERL1,0.689,functional_association,functional
CANX,APP,0.693,functional_association,functional
CANX,LPA,0.696,functional_association,functional
CANX,PXDN,0.711,functional_association,functional
CANX,BACE1,0.574,functional_association,functional
CANX,SI,0.566,functional_association,functional
CANX,MGAM,0.565,functional_association,functional
CANX,BCL2,0.461,functional_association,functional
CANX,VLDLR,0.445,functional_association,functional
CANX,SIGMAR1,0.447,functional_association,functional
CANX,ABCA1,0.454,functional_association,functional
CANX,UFD1,0.456,functional_association,functional
CANX,INS,0.458,functional_association,functional
CANX,SCARB1,0.46,functional_association,functional
CANX,ZMPSTE24,0.476,functional_association,functional
CANX,MTTP,0.537,functional_association,functional
CANX,INSIG1,0.486,functional_association,functional
CANX,SOAT1,0.489,functional_association,functional
CANX,APOE,0.5,functional_association,functional
CANX,ERLIN1,0.506,functional_association,functional
CANX,CASP3,0.524,functional_association,functional
CANX,ABCG8,0.53,functional_association,functional
INSIG2,FABP4,0.579,functional_association,functional
INSIG2,INS,0.555,functional_association,functional
INSIG2,HSPA5,0.546,functional_association,functional
SLC10A2,SLCO1B1,0.62,functional_association,functional
SLC10A2,UCP1,0.408,functional_association,functional
SLC10A2,HMGCR,0.42,functional_association,functional
SLC10A2,CYP2D6,0.447,functional_association,functional
SLC10A2,ABCG2,0.448,functional_association,functional
SLC10A2,GCG,0.456,functional_association,functional
SLC10A2,PPARD,0.463,functional_association,functional
SLC10A2,CYP3A4,0.467,functional_association,functional
SLC10A2,LIPC,0.481,functional_association,functional
SLC10A2,ABCB1,0.493,functional_association,functional
SLC10A2,G6PC,0.523,functional_association,functional
SLC10A2,ALB,0.533,functional_association,functional
SLC10A2,CYP39A1,0.534,functional_association,functional
SLC10A2,NPC1L1,0.535,functional_association,functional
SLC10A2,SLCO2B1,0.548,functional_association,functional
SLC10A2,ABCG8,0.603,functional_association,functional
GOT2,GOT1,0.982,functional_association,functional
GOT2,GPT,0.978,functional_association,functional
GOT2,GPT2,0.976,functional_association,functional
GOT2,PPARG,0.793,functional_association,functional
GOT2,GLUL,0.697,functional_association,functional
GOT2,CRP,0.742,functional_association,functional
GOT2,INS,0.743,functional_association,functional
GOT2,GAPDH,0.754,functional_association,functional
GOT2,PPARA,0.778,functional_association,functional
GOT2,ALB,0.786,functional_association,functional
GOT2,SCARB2,0.798,functional_association,functional
GOT2,LDHA,0.972,functional_association,functional
GOT2,SCARB1,0.838,functional_association,functional
GOT2,CD36,0.86,functional_association,functional
GOT2,FABP4,0.904,functional_association,functional
GOT2,ACLY,0.909,functional_association,functional
GOT2,FABP2,0.957,functional_association,functional
GOT2,FABP1,0.96,functional_association,functional
SLC10A2,CYP7B1,0.605,functional_association,functional
SLC10A2,CYP27A1,0.631,functional_association,functional
INSIG2,MBTPS2,0.526,functional_association,functional
SLC10A2,ATP4A,0.636,functional_association,functional
INSIG2,ELOVL6,0.442,functional_association,functional
INSIG2,UBIAD1,0.45,functional_association,functional
INSIG2,FAF2,0.452,functional_association,functional
INSIG2,ACACA,0.453,functional_association,functional
INSIG2,GPAM,0.466,functional_association,functional
INSIG2,SCD,0.471,functional_association,functional
INSIG2,CYP7A1,0.474,functional_association,functional
INSIG2,PPARA,0.475,functional_association,functional
INSIG2,SQLE,0.477,functional_association,functional
INSIG2,SC5D,0.478,functional_association,functional
INSIG2,PPARG,0.482,functional_association,functional
INSIG2,NPC1L1,0.489,functional_association,functional
INSIG2,MBTPS1,0.52,functional_association,functional
INSIG2,HMGCS1,0.522,functional_association,functional
INSIG2,NPC1,0.523,functional_association,functional
INSIG2,DHCR24,0.438,functional_association,functional
INSIG2,LPIN1,0.432,functional_association,functional
INSIG2,DHCR7,0.432,functional_association,functional
SLC10A2,NR0B2,0.832,functional_association,functional
SLC10A2,ABCC2,0.637,functional_association,functional
SLC10A2,ABCG5,0.642,functional_association,functional
SLC10A2,CYP8B1,0.734,functional_association,functional
SLC10A2,PPARA,0.754,functional_association,functional
SLC10A2,ABCB11,0.817,functional_association,functional
SLC10A2,SLCO1A2,0.825,functional_association,functional
SLC10A2,ABCB4,0.858,functional_association,functional
INSIG2,ABCA1,0.427,functional_association,functional
SLC10A2,CYP7A1,0.876,functional_association,functional
SLC10A2,NR1H4,0.914,functional_association,functional
INSIG2,DGAT1,0.403,functional_association,functional
INSIG2,CANX,0.404,functional_association,functional
INSIG2,IGF1R,0.408,functional_association,functional
INSIG2,MSMO1,0.418,functional_association,functional
PTGIS,REN,0.498,functional_association,functional
PTGIS,PPARD,0.464,functional_association,functional
PTGIS,HMGCS2,0.447,functional_association,functional
APOB,ADRB2,0.744,functional_association,functional
APOB,IL6,0.751,functional_association,functional
APOB,SOAT2,0.763,functional_association,functional
APOB,GOT2,0.773,functional_association,functional
APOB,ABCG5,0.773,functional_association,functional
APOB,ADIPOQ,0.781,functional_association,functional
APOB,LIPE,0.788,functional_association,functional
APOB,CANX,0.794,functional_association,functional
APOB,PPARA,0.819,functional_association,functional
APOB,CYP7A1,0.833,functional_association,functional
APOB,APP,0.839,functional_association,functional
APOB,CRP,0.85,functional_association,functional
APOB,ABCA1,0.861,functional_association,functional
APOB,INS,0.867,functional_association,functional
APOB,OLR1,0.868,functional_association,functional
APOB,LIPA,0.871,functional_association,functional
APOB,VCP,0.746,functional_association,functional
APOB,ACE,0.743,functional_association,functional
PTGIS,CAV1,0.446,functional_association,functional
APOB,ABCG8,0.74,functional_association,functional
APOB,PLIN2,0.618,functional_association,functional
APOB,PPARG,0.622,functional_association,functional
APOB,LIPG,0.628,functional_association,functional
APOB,DERL1,0.638,functional_association,functional
APOB,DGAT1,0.654,functional_association,functional
APOB,TRIB1,0.656,functional_association,functional
APOB,FABP2,0.664,functional_association,functional
APOB,LEP,0.665,functional_association,functional
APOB,SREBF2,0.675,functional_association,functional
APOB,ABCG1,0.683,functional_association,functional
APOB,NR1H4,0.697,functional_association,functional
APOB,AUP1,0.714,functional_association,functional
APOB,GPT,0.717,functional_association,functional
APOB,SREBF1,0.72,functional_association,functional
APOB,NPC2,0.728,functional_association,functional
APOB,VLDLR,0.873,functional_association,functional
APOB,ANGPTL3,0.877,functional_association,functional
APOB,HMGCR,0.896,functional_association,functional
APOB,FABP1,0.898,functional_association,functional
NT5C1A,TRIM33,0.544,functional_association,functional
NT5C1A,MORC3,0.674,functional_association,functional
APOA1,CHD9,0.4,functional_association,functional
APOA1,ACOX1,0.4,functional_association,functional
APOA1,ABCB11,0.4,functional_association,functional
APOA1,TGS1,0.4,functional_association,functional
APOA1,HELZ2,0.4,functional_association,functional
APOA1,CARM1,0.4,functional_association,functional
APOA1,FASN,0.401,functional_association,functional
APOA1,TRIB1,0.404,functional_association,functional
APOA1,SMARCD3,0.407,functional_association,functional
APOA1,SOAT1,0.407,functional_association,functional
APOA1,TBL1XR1,0.41,functional_association,functional
APOA1,MLXIPL,0.411,functional_association,functional
APOA1,SCD,0.413,functional_association,functional
NT5C1A,TRIT1,0.501,functional_association,functional
NT5C1A,HMGCR,0.456,functional_association,functional
APOB,APOA1,0.999,functional_association,functional
APOB,CD36,0.98,functional_association,functional
APOB,NPC1L1,0.903,functional_association,functional
APOB,LDLRAP1,0.926,functional_association,functional
APOB,LPL,0.94,functional_association,functional
APOB,ALB,0.951,functional_association,functional
APOB,SCARB2,0.962,functional_association,functional
APOB,PLTP,0.964,functional_association,functional
APOB,LIPC,0.983,functional_association,functional
APOB,LPA,0.999,functional_association,functional
APOB,LCAT,0.983,functional_association,functional
APOB,APOA5,0.986,functional_association,functional
APOB,PCSK9,0.987,functional_association,functional
APOB,SCARB1,0.997,functional_association,functional
APOB,APOE,0.999,functional_association,functional
APOB,MTTP,0.999,functional_association,functional
APOB,MYLIP,0.607,functional_association,functional
APOB,TP53,0.605,functional_association,functional
APOB,AGT,0.604,functional_association,functional
APOB,PNLIP,0.487,functional_association,functional
APOB,ACTB,0.437,functional_association,functional
APOB,SOAT1,0.438,functional_association,functional
APOB,GPAM,0.445,functional_association,functional
APOB,ACLY,0.445,functional_association,functional
APOB,MTHFR,0.446,functional_association,functional
APOB,SEC61A1,0.447,functional_association,functional
APOB,NOS3,0.447,functional_association,functional
APOB,UCP2,0.447,functional_association,functional
APOB,ACSL1,0.451,functional_association,functional
APOB,IRS1,0.458,functional_association,functional
APOB,AKT1,0.46,functional_association,functional
APOB,PPARD,0.463,functional_association,functional
APOB,PXDNL,0.476,functional_association,functional
APOB,ACOX3,0.478,functional_association,functional
APOB,ABCB11,0.478,functional_association,functional
APOB,SERPINA3,0.435,functional_association,functional
APOB,SYVN1,0.433,functional_association,functional
APOB,GPX3,0.431,functional_association,functional
APOB,LPIN1,0.41,functional_association,functional
APOB,NPC1,0.405,functional_association,functional
APOB,SLCO1B1,0.407,functional_association,functional
APOB,GPX8,0.409,functional_association,functional
APOB,GPX7,0.409,functional_association,functional
APOB,INSIG2,0.409,functional_association,functional
APOB,INSIG1,0.409,functional_association,functional
APOB,FADS2,0.414,functional_association,functional
APOB,CXCL16,0.431,functional_association,functional
APOB,FOXO1,0.415,functional_association,functional
APOB,GPX2,0.422,functional_association,functional
APOB,PSEN1,0.422,functional_association,functional
APOB,CYP27A1,0.423,functional_association,functional
APOB,G6PC3,0.428,functional_association,functional
APOB,G6PC2,0.431,functional_association,functional
APOB,PXDN,0.48,functional_association,functional
APOB,PNPLA2,0.49,functional_association,functional
APOB,FASN,0.603,functional_association,functional
APOB,HMGCS1,0.491,functional_association,functional
APOB,ABCC2,0.545,functional_association,functional
APOB,SI,0.546,functional_association,functional
APOB,PPARGC1A,0.548,functional_association,functional
APOB,CPT1A,0.556,functional_association,functional
APOB,CEL,0.56,functional_association,functional
APOB,ACOX1,0.564,functional_association,functional
APOB,AMFR,0.565,functional_association,functional
APOB,SCD,0.566,functional_association,functional
APOB,XPR1,0.573,functional_association,functional
APOB,VCAM1,0.581,functional_association,functional
APOB,CD81,0.583,functional_association,functional
APOB,HSPA5,0.586,functional_association,functional
APOB,TNF,0.587,functional_association,functional
APOB,GCG,0.587,functional_association,functional
APOB,MLXIPL,0.597,functional_association,functional
APOB,IL1B,0.542,functional_association,functional
APOB,ESR1,0.536,functional_association,functional
APOB,G6PC,0.533,functional_association,functional
APOB,SLC2A4,0.514,functional_association,functional
APOB,HMGCS2,0.492,functional_association,functional
APOB,DHCR7,0.493,functional_association,functional
APOB,REN,0.494,functional_association,functional
APOB,PSRC1,0.5,functional_association,functional
APOB,TERT,0.503,functional_association,functional
APOB,GAPDH,0.51,functional_association,functional
APOB,ACACA,0.515,functional_association,functional
APOB,NR0B2,0.529,functional_association,functional
APOB,ICAM1,0.516,functional_association,functional
APOB,CELSR2,0.521,functional_association,functional
APOB,GPT2,0.523,functional_association,functional
APOB,FAF2,0.523,functional_association,functional
APOB,CYP3A4,0.524,functional_association,functional
APOB,NR1H3,0.525,functional_association,functional
APOA1,GOT2,0.414,functional_association,functional
APOA1,PLIN2,0.415,functional_association,functional
APOA1,AKT1,0.418,functional_association,functional
EGR2,BCL2,0.555,functional_association,functional
NFYB,GGPS1,0.571,functional_association,functional
NFYB,CREBBP,0.647,functional_association,functional
NFYB,HSPA5,0.667,functional_association,functional
NFYB,HMGCR,0.673,functional_association,functional
NFYB,FOXO1,0.709,functional_association,functional
NFYB,TP53,0.717,functional_association,functional
NFYB,NFYA,0.999,functional_association,functional
NFYB,NFYC,0.999,functional_association,functional
EGR2,ACTB,0.422,functional_association,functional
EGR2,TRIB1,0.423,functional_association,functional
EGR2,GAPDH,0.436,functional_association,functional
EGR2,IL6,0.442,functional_association,functional
EGR2,MMP9,0.448,functional_association,functional
EGR2,PTGS2,0.451,functional_association,functional
EGR2,NCOA6,0.499,functional_association,functional
NFYB,SREBF1,0.568,functional_association,functional
NFYB,SREBF2,0.567,functional_association,functional
NFYB,FDPS,0.562,functional_association,functional
NFYB,DHCR7,0.499,functional_association,functional
APOA1,SCARB1,0.999,functional_association,functional
APOA1,ABCA1,0.999,functional_association,functional
APOA1,LCAT,0.999,functional_association,functional
NFYB,IL6,0.4,functional_association,functional
NFYB,PPARG,0.427,functional_association,functional
NFYB,TM7SF2,0.499,functional_association,functional
NFYB,FDFT1,0.499,functional_association,functional
NFYB,PMVK,0.538,functional_association,functional
NFYB,GPAM,0.504,functional_association,functional
NFYB,FASN,0.507,functional_association,functional
NFYB,IDI1,0.517,functional_association,functional
NFYB,SQLE,0.522,functional_association,functional
NFYB,HMGCS1,0.526,functional_association,functional
NFYB,SC5D,0.532,functional_association,functional
EGR2,TNF,0.543,functional_association,functional
EGR2,RXRA,0.598,functional_association,functional
APOA1,ALB,0.998,functional_association,functional
EGR2,IL1B,0.609,functional_association,functional
SEC61A1,AMFR,0.681,functional_association,functional
SEC61A1,UFD1,0.727,functional_association,functional
SEC61A1,MARCHF6,0.731,functional_association,functional
SEC61A1,SEL1L,0.79,functional_association,functional
SEC61A1,VCP,0.898,functional_association,functional
SEC61A1,SYVN1,0.9,functional_association,functional
SEC61A1,MED1,0.907,functional_association,functional
SEC61A1,DERL1,0.909,functional_association,functional
SEC61A1,CANX,0.914,functional_association,functional
SEC61A1,HSPA5,0.974,functional_association,functional
PTGIS,HMGCS1,0.418,functional_association,functional
PTGIS,HMGCR,0.425,functional_association,functional
PTGIS,CYP3A4,0.428,functional_association,functional
PTGIS,CYP11A1,0.438,functional_association,functional
PTGIS,LPL,0.439,functional_association,functional
SEC61A1,METAP2,0.666,functional_association,functional
SEC61A1,UBE2G2,0.571,functional_association,functional
SEC61A1,ZMPSTE24,0.555,functional_association,functional
SEC61A1,AUP1,0.4,functional_association,functional
EGR2,TP53,0.639,functional_association,functional
EGR2,SREBF2,0.754,functional_association,functional
EGR2,SCD5,0.784,functional_association,functional
EGR2,HMGCR,0.795,functional_association,functional
EGR2,JUN,0.888,functional_association,functional
EGR2,CREBBP,0.92,functional_association,functional
SEC61A1,TNF,0.407,functional_association,functional
SEC61A1,FAF2,0.5,functional_association,functional
SEC61A1,HMGCR,0.434,functional_association,functional
SEC61A1,CYB5A,0.481,functional_association,functional
SEC61A1,MBTPS1,0.487,functional_association,functional
SEC61A1,CYB5B,0.487,functional_association,functional
SEC61A1,RNF139,0.491,functional_association,functional
SEC61A1,GAPDH,0.491,functional_association,functional
APOA1,APOE,0.999,functional_association,functional
APOA1,ABCG1,0.997,functional_association,functional
APOA1,NCOA2,0.419,functional_association,functional
APOA1,GPX7,0.604,functional_association,functional
APOA1,TBL1X,0.507,functional_association,functional
APOA1,ICAM1,0.508,functional_association,functional
APOA1,ACE,0.513,functional_association,functional
APOA1,MAPK3,0.52,functional_association,functional
APOA1,DGAT1,0.522,functional_association,functional
APOA1,IL1B,0.541,functional_association,functional
APOA1,AGT,0.553,functional_association,functional
APOA1,NR1H3,0.555,functional_association,functional
APOA1,RXRA,0.567,functional_association,functional
APOA1,LIPE,0.569,functional_association,functional
APOA1,TNF,0.581,functional_association,functional
APOA1,LEP,0.582,functional_association,functional
APOA1,PPARG,0.592,functional_association,functional
APOA1,NR1H4,0.597,functional_association,functional
APOA1,GPT2,0.601,functional_association,functional
APOA1,SERPINA3,0.503,functional_association,functional
APOA1,SOAT2,0.494,functional_association,functional
APOA1,OLR1,0.485,functional_association,functional
APOA1,NCOA6,0.446,functional_association,functional
APOA1,MED1,0.422,functional_association,functional
APOA1,CYP3A4,0.423,functional_association,functional
APOA1,LIPA,0.431,functional_association,functional
APOA1,CPT1A,0.434,functional_association,functional
APOA1,ACTB,0.438,functional_association,functional
APOA1,CREBBP,0.441,functional_association,functional
APOA1,PPARD,0.446,functional_association,functional
APOA1,NOS3,0.477,functional_association,functional
APOA1,PXDNL,0.448,functional_association,functional
APOA1,NCOA1,0.449,functional_association,functional
APOA1,CYP27A1,0.455,functional_association,functional
APOA1,PXDN,0.457,functional_association,functional
APOA1,GAPDH,0.46,functional_association,functional
APOA1,NR0B2,0.464,functional_association,functional
APOA1,GPX8,0.604,functional_association,functional
APOA1,STAT3,0.606,functional_association,functional
APOA1,APP,0.982,functional_association,functional
APOA1,GPX6,0.607,functional_association,functional
APOA1,HMGCR,0.784,functional_association,functional
APOA1,CRP,0.807,functional_association,functional
APOA1,NPC1L1,0.811,functional_association,functional
APOA1,PPARA,0.828,functional_association,functional
APOA1,LIPG,0.833,functional_association,functional
APOA1,VLDLR,0.835,functional_association,functional
APOA1,FABP1,0.88,functional_association,functional
APOA1,LPL,0.89,functional_association,functional
APOA1,MTTP,0.899,functional_association,functional
APOA1,INS,0.906,functional_association,functional
APOA1,CD36,0.917,functional_association,functional
APOA1,LIPC,0.94,functional_association,functional
APOA1,APOA5,0.951,functional_association,functional
APOA1,PLTP,0.973,functional_association,functional
APOA1,LPA,0.976,functional_association,functional
APOA1,PCSK9,0.781,functional_association,functional
APOA1,GPT,0.779,functional_association,functional
APOA1,ANGPTL3,0.743,functional_association,functional
APOA1,ABCG8,0.658,functional_association,functional
APOA1,GPX5,0.608,functional_association,functional
APOA1,IL6,0.608,functional_association,functional
APOA1,GPX2,0.612,functional_association,functional
APOA1,VCAM1,0.623,functional_association,functional
APOA1,ADIPOQ,0.646,functional_association,functional
APOA1,GPX3,0.656,functional_association,functional
APOA1,FABP2,0.691,functional_association,functional
APOA1,SCARB2,0.738,functional_association,functional
APOA1,SREBF1,0.693,functional_association,functional
APOA1,NPC1,0.694,functional_association,functional
APOA1,XPR1,0.694,functional_association,functional
APOA1,ABCG5,0.705,functional_association,functional
APOA1,SREBF2,0.73,functional_association,functional
APOA1,CYP7A1,0.732,functional_association,functional
CANX,ALB,0.743,functional_association,functional
CANX,GAPDH,0.828,functional_association,functional
APOB,CYP8B1,0.401,functional_association,functional
NR0B2,NCOA1,0.502,functional_association,functional
NR0B2,LIPC,0.514,functional_association,functional
NR0B2,CYP39A1,0.528,functional_association,functional
NR0B2,CYP3A4,0.531,functional_association,functional
NR0B2,CYP17A1,0.547,functional_association,functional
NR0B2,ABCC2,0.579,functional_association,functional
NR0B2,FOXM1,0.586,functional_association,functional
NR0B2,SREBF2,0.589,functional_association,functional
NR0B2,PPARGC1A,0.601,functional_association,functional
NR0B2,ABCB4,0.616,functional_association,functional
NR0B2,PPARD,0.629,functional_association,functional
NR0B2,MED1,0.635,functional_association,functional
NR0B2,VCP,0.643,functional_association,functional
NR0B2,SREBF1,0.647,functional_association,functional
NR0B2,ABCG8,0.656,functional_association,functional
NR0B2,MTTP,0.69,functional_association,functional
NR0B2,NPC1L1,0.503,functional_association,functional
NR0B2,INS,0.49,functional_association,functional
HSD17B7,HSD3B7,0.851,functional_association,functional
NR0B2,STAR,0.486,functional_association,functional
NR0B2,GPT,0.427,functional_association,functional
NR0B2,GCG,0.428,functional_association,functional
NR0B2,NCOA2,0.431,functional_association,functional
NR0B2,GAPDH,0.434,functional_association,functional
NR0B2,G6PC2,0.436,functional_association,functional
NR0B2,AKT1,0.442,functional_association,functional
NR0B2,MLXIPL,0.443,functional_association,functional
NR0B2,G6PC3,0.445,functional_association,functional
NR0B2,CYP11A1,0.448,functional_association,functional
NR0B2,FABP1,0.449,functional_association,functional
NR0B2,ABCA1,0.45,functional_association,functional
NR0B2,SCARB1,0.461,functional_association,functional
NR0B2,ALB,0.477,functional_association,functional
NR0B2,SLCO1B1,0.479,functional_association,functional
NR0B2,HMGCR,0.485,functional_association,functional
NR0B2,SLCO1A2,0.704,functional_association,functional
NR0B2,ABCG5,0.709,functional_association,functional
NR0B2,RXRA,0.753,functional_association,functional
NR0B2,PPARA,0.765,functional_association,functional
HSD17B7,ACAT2,0.505,functional_association,functional
HSD17B7,GGPS1,0.533,functional_association,functional
HSD17B7,CYP17A1,0.554,functional_association,functional
HSD17B7,CYP11A1,0.563,functional_association,functional
HSD17B7,PMVK,0.574,functional_association,functional
HSD17B7,HMGCS2,0.609,functional_association,functional
HSD17B7,IDI2,0.665,functional_association,functional
HSD17B7,CYP8B1,0.687,functional_association,functional
HSD17B7,MVD,0.688,functional_association,functional
HSD17B7,CYP39A1,0.697,functional_association,functional
HSD17B7,CYP7A1,0.707,functional_association,functional
HSD17B7,CYP7B1,0.708,functional_association,functional
HSD17B7,INSIG1,0.741,functional_association,functional
HSD17B7,IDI1,0.805,functional_association,functional
HSD17B7,FDPS,0.813,functional_association,functional
HSD17B7,STARD4,0.48,functional_association,functional
HSD17B7,SIGMAR1,0.467,functional_association,functional
HSD17B7,STAR,0.444,functional_association,functional
NR0B2,NR1H3,0.941,functional_association,functional
NR0B2,CYP7B1,0.77,functional_association,functional
NR0B2,FOXO1,0.773,functional_association,functional
NR0B2,TP53,0.777,functional_association,functional
NR0B2,XPR1,0.816,functional_association,functional
NR0B2,CYP27A1,0.823,functional_association,functional
NR0B2,ESR1,0.852,functional_association,functional
NR0B2,ABCB11,0.948,functional_association,functional
HSD17B7,SREBF2,0.433,functional_association,functional
NR0B2,CYP8B1,0.958,functional_association,functional
NR0B2,CYP7A1,0.974,functional_association,functional
NR0B2,PPARG,0.976,functional_association,functional
NR0B2,NR1H4,0.986,functional_association,functional
HSD17B7,CYP46A1,0.414,functional_association,functional
HSD17B7,ACAT1,0.42,functional_association,functional
NR0B2,STAT3,0.424,functional_association,functional
PRKAB2,PRKAG2,0.999,functional_association,functional
PRKAB2,PRKAA1,0.999,functional_association,functional
G6PC,AKT1,0.694,functional_association,functional
G6PC,LIPC,0.57,functional_association,functional
G6PC,GPT,0.575,functional_association,functional
G6PC,SI,0.586,functional_association,functional
G6PC,MGAM,0.592,functional_association,functional
G6PC,ACACA,0.594,functional_association,functional
G6PC,ACOX1,0.6,functional_association,functional
G6PC,SCD5,0.6,functional_association,functional
G6PC,ADIPOQ,0.607,functional_association,functional
G6PC,ALB,0.607,functional_association,functional
G6PC,LEP,0.607,functional_association,functional
G6PC,FASN,0.638,functional_association,functional
G6PC,CPT1A,0.654,functional_association,functional
G6PC,GPAM,0.659,functional_association,functional
G6PC,ABCB11,0.669,functional_association,functional
G6PC,PKLR,0.685,functional_association,functional
G6PC,CYP7A1,0.547,functional_association,functional
G6PC,GSK3B,0.539,functional_association,functional
G6PC,MTTP,0.53,functional_association,functional
G6PC,SCARB1,0.502,functional_association,functional
G6PC,UCP2,0.484,functional_association,functional
G6PC,CYP3A4,0.487,functional_association,functional
G6PC,HMGCS2,0.487,functional_association,functional
G6PC,IL6,0.488,functional_association,functional
G6PC,PRKAA1,0.489,functional_association,functional
G6PC,SCARB2,0.492,functional_association,functional
G6PC,ACLY,0.506,functional_association,functional
G6PC,CD36,0.527,functional_association,functional
G6PC,HMGCR,0.511,functional_association,functional
G6PC,CYP8B1,0.511,functional_association,functional
G6PC,SLCO1A2,0.512,functional_association,functional
G6PC,ACTB,0.52,functional_association,functional
G6PC,GAPDH,0.522,functional_association,functional
G6PC,UCP1,0.527,functional_association,functional
G6PC,NR0B2,0.691,functional_association,functional
G6PC,IRS1,0.694,functional_association,functional
PRKAB2,PRKAA2,0.999,functional_association,functional
G6PC,MLXIPL,0.702,functional_association,functional
PRKAB2,ADIPOQ,0.576,functional_association,functional
PRKAB2,MLXIPL,0.592,functional_association,functional
PRKAB2,PFKFB1,0.705,functional_association,functional
PRKAB2,PFKFB3,0.742,functional_association,functional
PRKAB2,TP53,0.774,functional_association,functional
PRKAB2,HMGCR,0.921,functional_association,functional
PRKAB2,ACACB,0.929,functional_association,functional
PRKAB2,PPARGC1A,0.933,functional_association,functional
PRKAB2,ACACA,0.934,functional_association,functional
PRKAB2,MTOR,0.935,functional_association,functional
PRKAB2,FOXO1,0.943,functional_association,functional
PRKAB2,STK11,0.976,functional_association,functional
PRKAB2,PRKAB1,0.997,functional_association,functional
PRKAB2,PRKAG1,0.999,functional_association,functional
PRKAB2,PRKAG3,0.999,functional_association,functional
PRKAB2,TRIB1,0.484,functional_association,functional
PRKAB2,PLIN2,0.433,functional_association,functional
PRKAB2,RXRA,0.421,functional_association,functional
G6PC,GCG,0.859,functional_association,functional
G6PC,PPARA,0.712,functional_association,functional
G6PC,SCD,0.714,functional_association,functional
G6PC,NR1H4,0.726,functional_association,functional
G6PC,SREBF1,0.734,functional_association,functional
G6PC,SLC2A4,0.743,functional_association,functional
G6PC,PPARG,0.747,functional_association,functional
G6PC,PPARGC1A,0.884,functional_association,functional
G6PC,H6PD,0.945,functional_association,functional
G6PC,FOXO1,0.891,functional_association,functional
G6PC,G6PC2,0.907,functional_association,functional
G6PC,INS,0.912,functional_association,functional
G6PC,G6PC3,0.917,functional_association,functional
G6PC,HK1,0.941,functional_association,functional
G6PC,G6PD,0.942,functional_association,functional
HSD17B7,HMGCR,0.849,functional_association,functional
HSD17B7,NDUFAF6,0.852,functional_association,functional
CANX,AUP1,0.862,functional_association,functional
KRAS,ADRB2,0.409,functional_association,functional
KRAS,FOXO1,0.422,functional_association,functional
KRAS,DHFR,0.423,functional_association,functional
KRAS,METAP2,0.427,functional_association,functional
KRAS,FOXM1,0.431,functional_association,functional
KRAS,ABCG2,0.447,functional_association,functional
KRAS,LDHA,0.466,functional_association,functional
KRAS,NCOA4,0.48,functional_association,functional
KRAS,RHOA,0.482,functional_association,functional
KRAS,IL1B,0.485,functional_association,functional
KRAS,CYCS,0.485,functional_association,functional
KRAS,CREBBP,0.502,functional_association,functional
KRAS,ABCB1,0.504,functional_association,functional
KRAS,PRKAA1,0.511,functional_association,functional
KRAS,MMP9,0.517,functional_association,functional
KRAS,ERLIN2,0.518,functional_association,functional
KRAS,CAV1,0.408,functional_association,functional
HSD17B7,WDR97,0.852,functional_association,functional
KRAS,GPT,0.408,functional_association,functional
CRP,PIK3C2A,0.775,functional_association,functional
CRP,ICAM1,0.789,functional_association,functional
CRP,MMP9,0.806,functional_association,functional
CRP,GPT2,0.875,functional_association,functional
CRP,ACE,0.878,functional_association,functional
CRP,ADIPOQ,0.882,functional_association,functional
CRP,IL1B,0.886,functional_association,functional
CRP,INS,0.891,functional_association,functional
CRP,LEP,0.914,functional_association,functional
CRP,GPT,0.919,functional_association,functional
CRP,ALB,0.928,functional_association,functional
CRP,TNF,0.938,functional_association,functional
CRP,OLR1,0.965,functional_association,functional
CRP,IL6,0.968,functional_association,functional
KRAS,TOP2A,0.405,functional_association,functional
KRAS,CD209,0.534,functional_association,functional
KRAS,INS,0.541,functional_association,functional
KRAS,ALB,0.559,functional_association,functional
KRAS,PXDNL,0.562,functional_association,functional
KRAS,STAT3,0.817,functional_association,functional
KRAS,IL6,0.823,functional_association,functional
KRAS,MTOR,0.826,functional_association,functional
KRAS,BCL2,0.862,functional_association,functional
KRAS,STK11,0.88,functional_association,functional
KRAS,AKT1,0.904,functional_association,functional
KRAS,ICAM1,0.931,functional_association,functional
KRAS,TP53,0.949,functional_association,functional
KRAS,IGF1R,0.971,functional_association,functional
KRAS,MAPK3,0.982,functional_association,functional
FABP4,HMGCS2,0.41,functional_association,functional
FABP4,FOXO1,0.414,functional_association,functional
FABP4,PXDNL,0.441,functional_association,functional
FABP4,ACAA1,0.442,functional_association,functional
FABP4,NCOA6,0.449,functional_association,functional
KRAS,ICMT,0.81,functional_association,functional
KRAS,ESR1,0.764,functional_association,functional
KRAS,PPARG,0.757,functional_association,functional
KRAS,HIF1A,0.626,functional_association,functional
KRAS,PCSK9,0.565,functional_association,functional
KRAS,GSK3B,0.596,functional_association,functional
KRAS,MTUS1,0.596,functional_association,functional
KRAS,MTUS2,0.598,functional_association,functional
KRAS,JUN,0.624,functional_association,functional
KRAS,FNTA,0.624,functional_association,functional
KRAS,CASP3,0.645,functional_association,functional
KRAS,PTGS2,0.718,functional_association,functional
KRAS,TERT,0.659,functional_association,functional
KRAS,ACTB,0.672,functional_association,functional
KRAS,GAPDH,0.682,functional_association,functional
KRAS,IRS1,0.689,functional_association,functional
KRAS,HK1,0.702,functional_association,functional
KRAS,TNF,0.717,functional_association,functional
CRP,VCAM1,0.774,functional_association,functional
CRP,REN,0.774,functional_association,functional
CRP,AGT,0.707,functional_association,functional
CRP,SLC2A4,0.438,functional_association,functional
HSD17B7,SC5D,0.997,functional_association,functional
HSD17B7,MSMO1,0.998,functional_association,functional
CRP,G6PD,0.4,functional_association,functional
CRP,ESR1,0.401,functional_association,functional
CRP,HIF1A,0.416,functional_association,functional
CRP,MTOR,0.418,functional_association,functional
CRP,CASP3,0.418,functional_association,functional
CRP,MGAM,0.419,functional_association,functional
CRP,MAPK3,0.419,functional_association,functional
CRP,SI,0.42,functional_association,functional
CRP,APOA5,0.423,functional_association,functional
CRP,IRS1,0.431,functional_association,functional
CRP,BCL2,0.431,functional_association,functional
CRP,FABP1,0.434,functional_association,functional
CRP,TP53,0.435,functional_association,functional
HSD17B7,NSDHL,0.996,functional_association,functional
HSD17B7,FDFT1,0.993,functional_association,functional
HSD17B7,LSS,0.992,functional_association,functional
HSD17B7,CYP3A4,0.921,functional_association,functional
HSD17B7,SQLE,0.854,functional_association,functional
HSD17B7,HMGCS1,0.872,functional_association,functional
HSD17B7,HSD3B1,0.881,functional_association,functional
HSD17B7,LBR,0.9,functional_association,functional
HSD17B7,FAXDC2,0.912,functional_association,functional
HSD17B7,CH25H,0.918,functional_association,functional
HSD17B7,CYP1A1,0.932,functional_association,functional
HSD17B7,DHRS11,0.989,functional_association,functional
HSD17B7,TM7SF2,0.946,functional_association,functional
HSD17B7,DHCR7,0.947,functional_association,functional
HSD17B7,EBP,0.961,functional_association,functional
HSD17B7,CYP19A1,0.961,functional_association,functional
HSD17B7,DHCR24,0.978,functional_association,functional
HSD17B7,ERG28,0.988,functional_association,functional
CRP,MTUS1,0.435,functional_association,functional
CRP,GOT1,0.442,functional_association,functional
CRP,LPA,0.707,functional_association,functional
CRP,FABP4,0.443,functional_association,functional
CRP,PCSK9,0.579,functional_association,functional
CRP,GCG,0.593,functional_association,functional
CRP,PTGS2,0.596,functional_association,functional
CRP,HMGCR,0.601,functional_association,functional
CRP,GPX7,0.605,functional_association,functional
CRP,GPX8,0.605,functional_association,functional
CRP,GPX6,0.608,functional_association,functional
CRP,GPX2,0.61,functional_association,functional
CRP,GPX3,0.612,functional_association,functional
CRP,GPX5,0.614,functional_association,functional
CRP,NOS3,0.615,functional_association,functional
CRP,SERPINA3,0.626,functional_association,functional
CRP,LCAT,0.645,functional_association,functional
CRP,ATP4A,0.662,functional_association,functional
CRP,APP,0.68,functional_association,functional
CRP,PPARG,0.578,functional_association,functional
CRP,STAT3,0.574,functional_association,functional
CRP,PXDNL,0.551,functional_association,functional
CRP,CYP3A4,0.473,functional_association,functional
CRP,MTUS2,0.445,functional_association,functional
CRP,ABCA1,0.445,functional_association,functional
CRP,SCARB2,0.448,functional_association,functional
CRP,GAPDH,0.45,functional_association,functional
CRP,JUN,0.451,functional_association,functional
CRP,CXCL16,0.461,functional_association,functional
CRP,CD36,0.474,functional_association,functional
CRP,FABP2,0.534,functional_association,functional
CRP,PPARA,0.479,functional_association,functional
CRP,SCD,0.483,functional_association,functional
CRP,MTHFR,0.506,functional_association,functional
CRP,SCARB1,0.506,functional_association,functional
CRP,LPL,0.507,functional_association,functional
CRP,AKT1,0.53,functional_association,functional
G6PC,LPL,0.479,functional_association,functional
G6PC,PNPLA2,0.478,functional_association,functional
G6PC,IL1B,0.472,functional_association,functional
APOE,MMP9,0.769,functional_association,functional
APOE,BACE1,0.785,functional_association,functional
APOE,ICAM1,0.789,functional_association,functional
APOE,XPR1,0.794,functional_association,functional
APOE,ADIPOQ,0.795,functional_association,functional
APOE,CD36,0.795,functional_association,functional
APOE,SCARB2,0.797,functional_association,functional
APOE,VCAM1,0.799,functional_association,functional
APOE,CAV1,0.801,functional_association,functional
APOE,CRP,0.803,functional_association,functional
APOE,TNF,0.806,functional_association,functional
APOE,HMGCR,0.806,functional_association,functional
APOE,IL6,0.835,functional_association,functional
APOE,MTHFR,0.843,functional_association,functional
APOE,IL1B,0.846,functional_association,functional
APOE,NR1H3,0.85,functional_association,functional
APOE,NOS3,0.777,functional_association,functional
APOE,MTTP,0.749,functional_association,functional
G6PC,SREBF2,0.471,functional_association,functional
APOE,CYP46A1,0.74,functional_association,functional
APOE,NPC1,0.671,functional_association,functional
APOE,OLR1,0.674,functional_association,functional
APOE,GPX2,0.676,functional_association,functional
APOE,TP53,0.678,functional_association,functional
APOE,AKT1,0.697,functional_association,functional
APOE,GSK3B,0.703,functional_association,functional
APOE,LEP,0.715,functional_association,functional
APOE,GPX3,0.715,functional_association,functional
APOE,SREBF1,0.721,functional_association,functional
APOE,CYP7A1,0.725,functional_association,functional
APOE,PCSK9,0.729,functional_association,functional
APOE,LDLRAP1,0.731,functional_association,functional
APOE,REN,0.732,functional_association,functional
APOE,ADAM10,0.733,functional_association,functional
APOE,PPARG,0.74,functional_association,functional
APOE,AGT,0.853,functional_association,functional
APOE,ACE,0.876,functional_association,functional
APOE,SERPINA3,0.916,functional_association,functional
APOE,INS,0.92,functional_association,functional
PXDN,FOXM1,0.419,functional_association,functional
PXDN,PCSK9,0.426,functional_association,functional
PXDN,ABCA1,0.426,functional_association,functional
PXDN,CYP1A1,0.432,functional_association,functional
PXDN,FABP4,0.439,functional_association,functional
PXDN,GPT2,0.44,functional_association,functional
PXDN,PNPLA2,0.444,functional_association,functional
PXDN,TBL1X,0.445,functional_association,functional
PXDN,CDK5,0.448,functional_association,functional
PXDN,G6PD,0.448,functional_association,functional
PXDN,CYP19A1,0.451,functional_association,functional
PXDN,TERT,0.455,functional_association,functional
PXDN,PSEN1,0.462,functional_association,functional
PXDN,FASN,0.472,functional_association,functional
PXDN,HMGCR,0.476,functional_association,functional
PXDN,UCP2,0.416,functional_association,functional
PXDN,INSIG1,0.406,functional_association,functional
PXDN,ADAM10,0.406,functional_association,functional
APOE,PLTP,0.968,functional_association,functional
APOE,ABCG1,0.928,functional_association,functional
APOE,LIPC,0.943,functional_association,functional
APOE,CARM1,0.948,functional_association,functional
APOE,ALB,0.953,functional_association,functional
APOE,PSEN1,0.956,functional_association,functional
APOE,LCAT,0.956,functional_association,functional
APOE,SCARB1,0.968,functional_association,functional
PXDN,GLUL,0.401,functional_association,functional
APOE,LPA,0.971,functional_association,functional
APOE,ABCA1,0.98,functional_association,functional
APOE,LPL,0.982,functional_association,functional
APOE,APOA5,0.992,functional_association,functional
APOE,VLDLR,0.998,functional_association,functional
APOE,APP,0.999,functional_association,functional
APOE,GPX7,0.664,functional_association,functional
APOE,GPX5,0.664,functional_association,functional
APOE,CD81,0.663,functional_association,functional
APOE,HSPA5,0.493,functional_association,functional
APOE,SLC2A4,0.44,functional_association,functional
APOE,DGAT1,0.444,functional_association,functional
APOE,MTOR,0.447,functional_association,functional
APOE,PPARD,0.448,functional_association,functional
APOE,FASN,0.461,functional_association,functional
APOE,PRKAG2,0.471,functional_association,functional
APOE,PSRC1,0.472,functional_association,functional
APOE,PLIN2,0.475,functional_association,functional
APOE,ESR1,0.479,functional_association,functional
APOE,CELSR2,0.484,functional_association,functional
APOE,HIF1A,0.485,functional_association,functional
APOE,GCG,0.485,functional_association,functional
APOE,CYP2C8,0.486,functional_association,functional
APOE,IRS1,0.486,functional_association,functional
APOE,STAT3,0.487,functional_association,functional
APOE,ACOX1,0.437,functional_association,functional
APOE,GPX4,0.421,functional_association,functional
APOE,CYCS,0.418,functional_association,functional
APOE,UCP2,0.404,functional_association,functional
CANX,FAF2,0.875,functional_association,functional
CANX,SYVN1,0.875,functional_association,functional
CANX,SEL1L,0.918,functional_association,functional
CANX,VCP,0.967,functional_association,functional
CANX,HSPA5,0.998,functional_association,functional
APOE,FOXO1,0.401,functional_association,functional
APOE,UCP1,0.405,functional_association,functional
APOE,DHCR24,0.413,functional_association,functional
APOE,RHOA,0.408,functional_association,functional
APOE,CYP2D6,0.409,functional_association,functional
APOE,FABP1,0.409,functional_association,functional
APOE,CYP2C9,0.409,functional_association,functional
APOE,MLXIPL,0.411,functional_association,functional
APOE,SLCO2B1,0.412,functional_association,functional
APOE,BCL2,0.491,functional_association,functional
APOE,LIPA,0.498,functional_association,functional
APOE,GPX6,0.663,functional_association,functional
APOE,MAPK3,0.506,functional_association,functional
APOE,NPC1L1,0.59,functional_association,functional
APOE,PXDNL,0.608,functional_association,functional
APOE,MYLIP,0.61,functional_association,functional
APOE,PXDN,0.611,functional_association,functional
APOE,CASP3,0.614,functional_association,functional
APOE,ABCG8,0.616,functional_association,functional
APOE,SREBF2,0.621,functional_association,functional
APOE,VCP,0.622,functional_association,functional
APOE,ABCG5,0.629,functional_association,functional
APOE,CDK5,0.631,functional_association,functional
APOE,PPARA,0.632,functional_association,functional
APOE,RXRA,0.636,functional_association,functional
APOE,GAPDH,0.636,functional_association,functional
APOE,ACTB,0.643,functional_association,functional
APOE,GPX8,0.663,functional_association,functional
APOE,SLCO1B1,0.583,functional_association,functional
APOE,ANGPTL3,0.577,functional_association,functional
APOE,EPHX2,0.556,functional_association,functional
APOE,NR1H4,0.525,functional_association,functional
APOE,GPT,0.507,functional_association,functional
APOE,NPC2,0.512,functional_association,functional
APOE,FABP4,0.513,functional_association,functional
APOE,NCOA1,0.517,functional_association,functional
APOE,PTGS2,0.521,functional_association,functional
APOE,PPARGC1A,0.522,functional_association,functional
APOE,SCD,0.526,functional_association,functional
APOE,SOAT2,0.549,functional_association,functional
APOE,CH25H,0.542,functional_association,functional
APOE,LIPG,0.542,functional_association,functional
APOE,DHCR7,0.544,functional_association,functional
APOE,SOAT1,0.545,functional_association,functional
APOE,JUN,0.545,functional_association,functional
APOE,CYP27A1,0.545,functional_association,functional
PXDN,H6PD,0.478,functional_association,functional
PXDN,ABCB1,0.496,functional_association,functional
PXDN,SCARB2,0.51,functional_association,functional
ACSS2,HMGCS1,0.659,functional_association,functional
ACSS2,CPT2,0.531,functional_association,functional
ACSS2,INSIG1,0.535,functional_association,functional
ACSS2,DGAT1,0.544,functional_association,functional
ACSS2,HMGCL,0.546,functional_association,functional
ACSS2,THRSP,0.556,functional_association,functional
ACSS2,TP53,0.556,functional_association,functional
ACSS2,HIF1A,0.557,functional_association,functional
ACSS2,LPIN1,0.561,functional_association,functional
ACSS2,FDFT1,0.569,functional_association,functional
ACSS2,LDHA,0.574,functional_association,functional
ACSS2,SCD,0.588,functional_association,functional
ACSS2,HMGCR,0.588,functional_association,functional
ACSS2,SREBF1,0.595,functional_association,functional
ACSS2,SQLE,0.604,functional_association,functional
ACSS2,PPARGC1A,0.63,functional_association,functional
ACSS2,HMGCS2,0.529,functional_association,functional
ACSS2,ELOVL6,0.528,functional_association,functional
ACSS2,NSDHL,0.528,functional_association,functional
ACSS2,PPARG,0.462,functional_association,functional
ACSS2,NOS3,0.449,functional_association,functional
ACSS2,PKLR,0.449,functional_association,functional
ACSS2,GAPDH,0.455,functional_association,functional
ACSS2,DHCR7,0.457,functional_association,functional
ACSS2,SCP2,0.459,functional_association,functional
ACSS2,COASY,0.461,functional_association,functional
ACSS2,ACSL4,0.464,functional_association,functional
ACSS2,FDPS,0.52,functional_association,functional
ACSS2,MLXIPL,0.468,functional_association,functional
ACSS2,SREBF2,0.476,functional_association,functional
ACSS2,MVD,0.477,functional_association,functional
ACSS2,KMO,0.492,functional_association,functional
ACSS2,ACSL3,0.492,functional_association,functional
ACSS2,H6PD,0.513,functional_association,functional
ACSS2,GPAM,0.637,functional_association,functional
ACSS2,ACSL1,0.671,functional_association,functional
ACSS2,PPARA,0.437,functional_association,functional
ACSS2,HSDL2,0.706,functional_association,functional
G6PC,DGAT1,0.421,functional_association,functional
G6PC,PFKFB3,0.424,functional_association,functional
G6PC,ABCG5,0.429,functional_association,functional
G6PC,XPR1,0.431,functional_association,functional
G6PC,HSD11B1,0.431,functional_association,functional
G6PC,ACOX3,0.436,functional_association,functional
G6PC,GPX8,0.44,functional_association,functional
G6PC,GPX7,0.44,functional_association,functional
G6PC,STK11,0.44,functional_association,functional
G6PC,TNF,0.443,functional_association,functional
G6PC,GPX5,0.443,functional_association,functional
G6PC,GPX6,0.444,functional_association,functional
G6PC,GPX3,0.445,functional_association,functional
G6PC,NCOA1,0.447,functional_association,functional
G6PC,GPX2,0.458,functional_association,functional
G6PC,ELOVL6,0.416,functional_association,functional
G6PC,FABP1,0.408,functional_association,functional
G6PC,PFKFB1,0.407,functional_association,functional
ACSS2,ACOX3,0.955,functional_association,functional
ACSS2,FASN,0.77,functional_association,functional
ACSS2,ACLY,0.865,functional_association,functional
ACSS2,ACSS1,0.909,functional_association,functional
ACSS2,ACAA1,0.918,functional_association,functional
ACSS2,HADHB,0.932,functional_association,functional
ACSS2,ACAA2,0.933,functional_association,functional
ACSS2,ACOX1,0.959,functional_association,functional
G6PC,HMGCS1,0.407,functional_association,functional
ACSS2,ACAT2,0.959,functional_association,functional
ACSS2,ACACB,0.96,functional_association,functional
ACSS2,ACAT1,0.96,functional_association,functional
ACSS2,ACACA,0.97,functional_association,functional
G6PC,LDHA,0.402,functional_association,functional
G6PC,MTOR,0.404,functional_association,functional
ACSS2,IDI1,0.449,functional_association,functional
ACSS2,LSS,0.434,functional_association,functional
PXDN,BACE1,0.514,functional_association,functional
PXDN,GSK3B,0.684,functional_association,functional
PXDN,SLC2A4,0.575,functional_association,functional
PXDN,FOXO1,0.575,functional_association,functional
PXDN,GPX4,0.604,functional_association,functional
PXDN,LPL,0.61,functional_association,functional
PXDN,PPARGC1A,0.615,functional_association,functional
PXDN,NOS3,0.615,functional_association,functional
PXDN,AGT,0.615,functional_association,functional
PXDN,LDHA,0.616,functional_association,functional
PXDN,GPT,0.621,functional_association,functional
PXDN,RHOA,0.625,functional_association,functional
PXDN,CAV1,0.626,functional_association,functional
PXDN,ICAM1,0.639,functional_association,functional
PXDN,HSPA5,0.66,functional_association,functional
PXDN,PPARG,0.661,functional_association,functional
PXDN,APP,0.669,functional_association,functional
PXDN,ACOX1,0.574,functional_association,functional
PXDN,IGF1R,0.57,functional_association,functional
PXDN,PPARA,0.568,functional_association,functional
PXDN,GCG,0.534,functional_association,functional
PXDN,SREBF1,0.52,functional_association,functional
PXDN,UCP1,0.522,functional_association,functional
PXDN,ACOX3,0.524,functional_association,functional
PXDN,REN,0.531,functional_association,functional
PXDN,SCARB1,0.532,functional_association,functional
PXDN,CD36,0.534,functional_association,functional
PXDN,ABCG2,0.535,functional_association,functional
PXDN,IRS1,0.567,functional_association,functional
PXDN,ACE,0.54,functional_association,functional
PXDN,ADIPOQ,0.545,functional_association,functional
PXDN,SCD,0.549,functional_association,functional
PXDN,CRP,0.551,functional_association,functional
PXDN,KRAS,0.564,functional_association,functional
PXDN,CD81,0.565,functional_association,functional
PXDN,MTOR,0.674,functional_association,functional
PXDN,GPX2,0.691,functional_association,functional
ACSS2,G6PD,0.432,functional_association,functional
PXDN,GPX5,0.703,functional_association,functional
PXDN,MAPK3,0.848,functional_association,functional
PXDN,AKT1,0.876,functional_association,functional
PXDN,CYCS,0.889,functional_association,functional
PXDN,CASP3,0.918,functional_association,functional
PXDN,GAPDH,0.924,functional_association,functional
PXDN,ACTB,0.925,functional_association,functional
PXDN,ALB,0.938,functional_association,functional
PXDN,PXDNL,0.981,functional_association,functional
ACSS2,ELOVL5,0.402,functional_association,functional
ACSS2,SCARB1,0.414,functional_association,functional
ACSS2,HMGCLL1,0.419,functional_association,functional
ACSS2,MSMO1,0.421,functional_association,functional
ACSS2,SC5D,0.429,functional_association,functional
ACSS2,CPT1A,0.431,functional_association,functional
ACSS2,CD36,0.431,functional_association,functional
PXDN,BCL2,0.844,functional_association,functional
PXDN,IL6,0.825,functional_association,functional
PXDN,STAT3,0.824,functional_association,functional
PXDN,JUN,0.74,functional_association,functional
PXDN,GPX6,0.703,functional_association,functional
PXDN,ESR1,0.708,functional_association,functional
PXDN,GPX7,0.717,functional_association,functional
PXDN,GPX3,0.722,functional_association,functional
PXDN,HAO1,0.727,functional_association,functional
PXDN,GPX8,0.73,functional_association,functional
PXDN,LEP,0.742,functional_association,functional
PXDN,TP53,0.821,functional_association,functional
PXDN,HIF1A,0.744,functional_association,functional
PXDN,CEL,0.75,functional_association,functional
PXDN,MMP9,0.755,functional_association,functional
PXDN,TNF,0.8,functional_association,functional
PXDN,IL1B,0.812,functional_association,functional
PXDN,INS,0.817,functional_association,functional
APOB,FABP4,0.401,functional_association,functional
APOB,GPX5,0.4,functional_association,functional
FABP4,HMGCR,0.455,functional_association,functional
SPTLC2,ABCA1,0.587,functional_association,functional
SPTLC2,UGCG,0.826,functional_association,functional
SPTLC2,SPTLC3,0.942,functional_association,functional
SPTLC2,SPTLC1,0.999,functional_association,functional
SLC10A1,HMGCR,0.402,functional_association,functional
SLC10A1,CYP2C8,0.412,functional_association,functional
SLC10A1,CYP2D6,0.414,functional_association,functional
SLC10A1,CYP2C19,0.424,functional_association,functional
SLC10A1,CPT1A,0.435,functional_association,functional
SLC10A1,PON1,0.438,functional_association,functional
SLC10A1,SYVN1,0.457,functional_association,functional
SLC10A1,HSD3B7,0.484,functional_association,functional
SLC10A1,CH25H,0.485,functional_association,functional
SLC10A1,CYP2C9,0.488,functional_association,functional
SLC10A1,NPC1L1,0.492,functional_association,functional
SLC10A1,ATP12A,0.493,functional_association,functional
SPTLC2,SMPD2,0.798,functional_association,functional
SPTLC2,HMGCR,0.53,functional_association,functional
STS,G6PD,0.465,functional_association,functional
SPTLC2,EPHX2,0.449,functional_association,functional
HMOX1,CYCS,0.827,functional_association,functional
HMOX1,GPX7,0.841,functional_association,functional
HMOX1,GPX6,0.842,functional_association,functional
HMOX1,GPX8,0.842,functional_association,functional
HMOX1,GPX5,0.842,functional_association,functional
HMOX1,GPX3,0.844,functional_association,functional
HMOX1,STAT3,0.849,functional_association,functional
HMOX1,GPX2,0.85,functional_association,functional
HMOX1,BCL2,0.856,functional_association,functional
HMOX1,POR,0.965,functional_association,functional
SPTLC2,AKT1,0.407,functional_association,functional
SPTLC2,CYCS,0.411,functional_association,functional
SPTLC2,DGAT1,0.415,functional_association,functional
SPTLC2,FASN,0.421,functional_association,functional
SPTLC2,INS,0.447,functional_association,functional
SLC10A1,ATP4A,0.495,functional_association,functional
SLC10A1,FDFT1,0.502,functional_association,functional
SLC10A1,PPIG,0.505,functional_association,functional
SLC10A1,GPT,0.521,functional_association,functional
SLC10A1,NR1H4,0.878,functional_association,functional
SLC10A1,SLCO1B1,0.886,functional_association,functional
SLC10A1,CYP7A1,0.909,functional_association,functional
SLC10A1,ABCB11,0.918,functional_association,functional
SLC10A1,SLCO1A2,0.933,functional_association,functional
STS,G6PC,0.401,functional_association,functional
STS,SLCO1A2,0.401,functional_association,functional
STS,G6PC3,0.407,functional_association,functional
STS,GPX5,0.414,functional_association,functional
STS,GPX7,0.418,functional_association,functional
STS,GPX6,0.418,functional_association,functional
STS,GPX2,0.418,functional_association,functional
STS,GPX8,0.418,functional_association,functional
STS,GPX3,0.425,functional_association,functional
STS,HMGCR,0.431,functional_association,functional
SLC10A1,NR0B2,0.866,functional_association,functional
SLC10A1,CYP8B1,0.825,functional_association,functional
SLC10A1,ABCC2,0.792,functional_association,functional
SLC10A1,G6PC,0.641,functional_association,functional
SLC10A1,CYP39A1,0.532,functional_association,functional
SLC10A1,LIPC,0.537,functional_association,functional
SLC10A1,ABCB1,0.599,functional_association,functional
SLC10A1,FOXM1,0.611,functional_association,functional
SLC10A1,ABCG2,0.612,functional_association,functional
SLC10A1,CYP7B1,0.635,functional_association,functional
SLC10A1,CYP3A4,0.651,functional_association,functional
SLC10A1,ABCB4,0.789,functional_association,functional
SLC10A1,PPARA,0.658,functional_association,functional
SLC10A1,ABCG8,0.671,functional_association,functional
SLC10A1,CYP27A1,0.679,functional_association,functional
SLC10A1,ALB,0.687,functional_association,functional
SLC10A1,ABCG5,0.719,functional_association,functional
SLC10A1,SLCO2B1,0.73,functional_association,functional
HMOX1,IL1B,0.817,functional_association,functional
HMOX1,IL6,0.81,functional_association,functional
HMOX1,CASP3,0.806,functional_association,functional
HMOX1,ADIPOQ,0.527,functional_association,functional
HMOX1,LEP,0.424,functional_association,functional
HMOX1,PPIG,0.432,functional_association,functional
HMOX1,PSEN1,0.434,functional_association,functional
HMOX1,SREBF1,0.445,functional_association,functional
HMOX1,IRS1,0.446,functional_association,functional
HMOX1,ACE,0.447,functional_association,functional
HMOX1,SCARB2,0.461,functional_association,functional
HMOX1,FOXO1,0.465,functional_association,functional
HMOX1,UCP2,0.465,functional_association,functional
HMOX1,CD36,0.472,functional_association,functional
HMOX1,REN,0.474,functional_association,functional
HMOX1,CRP,0.474,functional_association,functional
HMOX1,GPT2,0.482,functional_association,functional
HMOX1,SCARB1,0.489,functional_association,functional
HMOX1,H6PD,0.506,functional_association,functional
HMOX1,ACSL4,0.418,functional_association,functional
HMOX1,ESR1,0.409,functional_association,functional
HMOX1,SLC2A4,0.405,functional_association,functional
SIRT1,MTOR,0.937,functional_association,functional
SIRT1,GAPDH,0.892,functional_association,functional
SIRT1,STK11,0.903,functional_association,functional
SIRT1,PPARA,0.906,functional_association,functional
SIRT1,INS,0.91,functional_association,functional
SIRT1,HIF1A,0.927,functional_association,functional
SIRT1,JUN,0.927,functional_association,functional
SIRT1,NFKB1,0.983,functional_association,functional
HMOX1,NCOA4,0.401,functional_association,functional
SIRT1,NAMPT,0.993,functional_association,functional
SIRT1,PPARG,0.998,functional_association,functional
SIRT1,PPARGC1A,0.999,functional_association,functional
SIRT1,FOXO1,0.999,functional_association,functional
SIRT1,TP53,0.999,functional_association,functional
HMOX1,BACE1,0.4,functional_association,functional
HMOX1,APP,0.512,functional_association,functional
HMOX1,G6PD,0.527,functional_association,functional
HMOX1,JUN,0.798,functional_association,functional
HMOX1,MTOR,0.527,functional_association,functional
HMOX1,ICAM1,0.675,functional_association,functional
HMOX1,CAV1,0.678,functional_association,functional
HMOX1,ALB,0.683,functional_association,functional
HMOX1,PXDN,0.696,functional_association,functional
HMOX1,PXDNL,0.696,functional_association,functional
HMOX1,CCL2,0.697,functional_association,functional
HMOX1,HIF1A,0.701,functional_association,functional
HMOX1,GPX4,0.716,functional_association,functional
HMOX1,GAPDH,0.759,functional_association,functional
HMOX1,NOS3,0.77,functional_association,functional
HMOX1,PPARG,0.784,functional_association,functional
HMOX1,ACTB,0.785,functional_association,functional
HMOX1,PTGS2,0.789,functional_association,functional
HMOX1,TNF,0.792,functional_association,functional
HMOX1,AKT1,0.796,functional_association,functional
HMOX1,GPT,0.674,functional_association,functional
HMOX1,MMP9,0.656,functional_association,functional
HMOX1,PPARGC1A,0.654,functional_association,functional
HMOX1,AGT,0.612,functional_association,functional
HMOX1,PON1,0.534,functional_association,functional
HMOX1,CYP1A1,0.545,functional_association,functional
HMOX1,HMGCR,0.562,functional_association,functional
HMOX1,HSPA5,0.564,functional_association,functional
HMOX1,APOE,0.572,functional_association,functional
HMOX1,PPARA,0.576,functional_association,functional
HMOX1,GSK3B,0.618,functional_association,functional
HMOX1,NFKB1,0.652,functional_association,functional
HMOX1,VCAM1,0.62,functional_association,functional
HMOX1,CYB5A,0.628,functional_association,functional
HMOX1,MAPK3,0.629,functional_association,functional
HMOX1,TP53,0.63,functional_association,functional
HMOX1,IFNG,0.633,functional_association,functional
HMOX1,INS,0.64,functional_association,functional
STS,SLCO2B1,0.432,functional_association,functional
STS,ESR1,0.534,functional_association,functional
CYP3A5,MTHFR,0.47,functional_association,functional
PON1,LIPC,0.793,functional_association,functional
PON1,ALB,0.862,functional_association,functional
PON1,LPA,0.875,functional_association,functional
PON1,PLTP,0.897,functional_association,functional
PON1,APOC3,0.933,functional_association,functional
PON1,APOB,0.952,functional_association,functional
PON1,LCAT,0.965,functional_association,functional
PON1,APOE,0.977,functional_association,functional
PON1,APOA1,0.998,functional_association,functional
NAMPT,NFKB1,0.401,functional_association,functional
NAMPT,MMP9,0.401,functional_association,functional
NAMPT,STK11,0.407,functional_association,functional
NAMPT,ACTB,0.412,functional_association,functional
NAMPT,MTOR,0.412,functional_association,functional
NAMPT,UCP1,0.416,functional_association,functional
NAMPT,IRS1,0.416,functional_association,functional
PON1,APOA5,0.854,functional_association,functional
PON1,APP,0.782,functional_association,functional
STS,CYP19A1,0.737,functional_association,functional
PON1,GPX2,0.747,functional_association,functional
PON1,SCARB1,0.541,functional_association,functional
PON1,MTHFR,0.607,functional_association,functional
PON1,ABCA1,0.623,functional_association,functional
PON1,NFYC,0.628,functional_association,functional
PON1,VLDLR,0.631,functional_association,functional
PON1,CYP2C19,0.633,functional_association,functional
PON1,LEP,0.657,functional_association,functional
PON1,ABCB1,0.664,functional_association,functional
PON1,CRP,0.671,functional_association,functional
PON1,LPL,0.734,functional_association,functional
PON1,GPX8,0.742,functional_association,functional
PON1,GPX7,0.743,functional_association,functional
PON1,GPX6,0.744,functional_association,functional
PON1,GPX5,0.745,functional_association,functional
PON1,GPX3,0.745,functional_association,functional
NAMPT,ICAM1,0.432,functional_association,functional
NAMPT,SREBF1,0.433,functional_association,functional
NAMPT,ACSL1,0.434,functional_association,functional
NAMPT,FABP4,0.435,functional_association,functional
NAMPT,HMGCR,0.587,functional_association,functional
NAMPT,PPARG,0.589,functional_association,functional
NAMPT,PPARGC1A,0.63,functional_association,functional
NAMPT,TNF,0.631,functional_association,functional
NAMPT,IL1B,0.661,functional_association,functional
NAMPT,IL6,0.721,functional_association,functional
NAMPT,INS,0.731,functional_association,functional
NAMPT,LEP,0.84,functional_association,functional
NAMPT,ADIPOQ,0.876,functional_association,functional
NAMPT,NT5C1A,0.904,functional_association,functional
CYP3A5,GPT,0.404,functional_association,functional
CYP3A5,AGT,0.408,functional_association,functional
CYP3A5,ALB,0.435,functional_association,functional
CYP3A5,NCOA1,0.435,functional_association,functional
CYP3A5,HMGCR,0.46,functional_association,functional
NAMPT,CRP,0.583,functional_association,functional
NAMPT,CCL2,0.583,functional_association,functional
NAMPT,HIF1A,0.554,functional_association,functional
NAMPT,FOXO1,0.483,functional_association,functional
NAMPT,PFKFB3,0.463,functional_association,functional
NAMPT,SLC2A4,0.472,functional_association,functional
NAMPT,AGT,0.474,functional_association,functional
NAMPT,TP53,0.475,functional_association,functional
NAMPT,SCARB2,0.478,functional_association,functional
NAMPT,GCG,0.478,functional_association,functional
NAMPT,SCARB1,0.483,functional_association,functional
NAMPT,PTGS2,0.543,functional_association,functional
NAMPT,CD36,0.49,functional_association,functional
NAMPT,STAT3,0.493,functional_association,functional
NAMPT,PPARA,0.502,functional_association,functional
NAMPT,GAPDH,0.507,functional_association,functional
NAMPT,MED1,0.507,functional_association,functional
NAMPT,AKT1,0.507,functional_association,functional
PON1,INS,0.53,functional_association,functional
PON1,NOS3,0.527,functional_association,functional
PON1,NFKB1,0.511,functional_association,functional
ATP12A,TNF,0.554,functional_association,functional
ATP12A,MTUS1,0.418,functional_association,functional
ATP12A,MTUS2,0.42,functional_association,functional
ATP12A,PSEN1,0.429,functional_association,functional
ATP12A,ABCG2,0.446,functional_association,functional
ATP12A,MTOR,0.45,functional_association,functional
ATP12A,PIK3C2A,0.451,functional_association,functional
ATP12A,SLCO1B1,0.459,functional_association,functional
ATP12A,CYP2C8,0.467,functional_association,functional
ATP12A,GCG,0.476,functional_association,functional
ATP12A,CYCS,0.486,functional_association,functional
ATP12A,IL6,0.507,functional_association,functional
ATP12A,IL1B,0.507,functional_association,functional
ATP12A,CYP3A5,0.511,functional_association,functional
ATP12A,HMGCR,0.515,functional_association,functional
ATP12A,ABCB1,0.527,functional_association,functional
ATP12A,GPT2,0.415,functional_association,functional
ATP12A,GAPDH,0.413,functional_association,functional
STS,HSD3B1,0.953,functional_association,functional
STS,SOAT2,0.821,functional_association,functional
STS,DHRS11,0.749,functional_association,functional
STS,HSD17B1,0.797,functional_association,functional
STS,CEL,0.805,functional_association,functional
STS,LIPA,0.807,functional_association,functional
STS,DHCR24,0.81,functional_association,functional
STS,DHCR7,0.813,functional_association,functional
STS,SOAT1,0.823,functional_association,functional
STS,CYP17A1,0.945,functional_association,functional
STS,CYP7B1,0.9,functional_association,functional
STS,CYP7A1,0.904,functional_association,functional
STS,CYP3A5,0.907,functional_association,functional
STS,CYP1A1,0.921,functional_association,functional
STS,CYP3A4,0.923,functional_association,functional
STS,CYP11A1,0.934,functional_association,functional
ATP12A,REN,0.551,functional_association,functional
ATP12A,PTGS2,0.595,functional_association,functional
PON1,ABCG1,0.507,functional_association,functional
ATP12A,AKT1,0.609,functional_association,functional
PON1,PPIG,0.416,functional_association,functional
PON1,OLR1,0.418,functional_association,functional
PON1,PPARA,0.42,functional_association,functional
PON1,LIPG,0.421,functional_association,functional
PON1,CYP2D6,0.431,functional_association,functional
PON1,CYP1A1,0.442,functional_association,functional
PON1,PPARG,0.454,functional_association,functional
PON1,CCL2,0.459,functional_association,functional
PON1,IL1B,0.468,functional_association,functional
PON1,TNF,0.477,functional_association,functional
PON1,ADIPOQ,0.479,functional_association,functional
PON1,ACE,0.48,functional_association,functional
PON1,CYP3A4,0.487,functional_association,functional
PON1,CYP2C9,0.492,functional_association,functional
PON1,IL6,0.507,functional_association,functional
PON1,HMGCR,0.409,functional_association,functional
PON1,PSEN1,0.408,functional_association,functional
PON1,GPT,0.402,functional_association,functional
ATP12A,CYP2D6,0.713,functional_association,functional
ATP12A,SLC10A2,0.611,functional_association,functional
ATP12A,GPT,0.617,functional_association,functional
ATP12A,INS,0.634,functional_association,functional
ATP12A,CYP2C9,0.637,functional_association,functional
ATP12A,CRP,0.662,functional_association,functional
ATP12A,PPIG,0.701,functional_association,functional
ATP12A,CYP3A4,0.738,functional_association,functional
PON1,ICAM1,0.401,functional_association,functional
ATP12A,ABCG8,0.744,functional_association,functional
ATP12A,ABCG5,0.752,functional_association,functional
ATP12A,ACE,0.771,functional_association,functional
ATP12A,ALB,0.773,functional_association,functional
ATP12A,ATP4A,0.902,functional_association,functional
ATP12A,CYP2C19,0.947,functional_association,functional
SIRT1,AKT1,0.873,functional_association,functional
SIRT1,SREBF1,0.87,functional_association,functional
SIRT1,ADIPOQ,0.862,functional_association,functional
CETP,LIPE,0.636,functional_association,functional
CETP,ABCG5,0.657,functional_association,functional
CETP,NR1H3,0.718,functional_association,functional
CETP,CYP7A1,0.722,functional_association,functional
CETP,ABCG1,0.742,functional_association,functional
CETP,APP,0.761,functional_association,functional
CETP,LIPG,0.764,functional_association,functional
CETP,HMGCR,0.781,functional_association,functional
CETP,PCSK9,0.782,functional_association,functional
CETP,NPC1L1,0.787,functional_association,functional
CETP,SCARB1,0.8,functional_association,functional
CETP,ABCA1,0.831,functional_association,functional
CETP,PLTP,0.851,functional_association,functional
CETP,VLDLR,0.895,functional_association,functional
CETP,LPA,0.932,functional_association,functional
CETP,APOA5,0.935,functional_association,functional
CETP,ABCG8,0.642,functional_association,functional
CETP,ANGPTL3,0.625,functional_association,functional
SIRT1,NOS3,0.841,functional_association,functional
CETP,MTTP,0.623,functional_association,functional
CETP,ACE,0.449,functional_association,functional
CETP,IL6,0.453,functional_association,functional
CETP,PPARG,0.456,functional_association,functional
CETP,NR1H4,0.459,functional_association,functional
CETP,ADIPOQ,0.471,functional_association,functional
CETP,PSRC1,0.474,functional_association,functional
CETP,SREBF2,0.476,functional_association,functional
CETP,ALB,0.493,functional_association,functional
CETP,TRIB1,0.507,functional_association,functional
CETP,PPARA,0.525,functional_association,functional
CETP,XPR1,0.545,functional_association,functional
CETP,RXRA,0.563,functional_association,functional
CETP,CELSR2,0.571,functional_association,functional
CETP,CRP,0.571,functional_association,functional
CETP,INS,0.6,functional_association,functional
CETP,LPL,0.94,functional_association,functional
CETP,LIPC,0.949,functional_association,functional
CETP,PON1,0.968,functional_association,functional
CETP,APOE,0.974,functional_association,functional
AASDH,HSD3B7,0.438,functional_association,functional
AASDH,PPARG,0.438,functional_association,functional
AASDH,ACAT1,0.445,functional_association,functional
AASDH,MTTP,0.453,functional_association,functional
AASDH,GAPDH,0.456,functional_association,functional
AASDH,GPT,0.468,functional_association,functional
AASDH,SQLE,0.471,functional_association,functional
AASDH,HMGCR,0.472,functional_association,functional
AASDH,HMGCLL1,0.473,functional_association,functional
AASDH,SREBF1,0.475,functional_association,functional
AASDH,AACS,0.477,functional_association,functional
AASDH,NSDHL,0.479,functional_association,functional
AASDH,PTGIS,0.486,functional_association,functional
AASDH,PNPLA2,0.486,functional_association,functional
AASDH,FADS2,0.487,functional_association,functional
AASDH,PLIN2,0.431,functional_association,functional
AASDH,MGLL,0.43,functional_association,functional
AASDH,HSD3B1,0.429,functional_association,functional
AASDH,GLUL,0.405,functional_association,functional
CETP,APOC3,0.977,functional_association,functional
CETP,LCAT,0.987,functional_association,functional
CETP,APOB,0.989,functional_association,functional
CETP,APOA1,0.989,functional_association,functional
AASDH,GPX4,0.4,functional_association,functional
AASDH,PPARD,0.4,functional_association,functional
AASDH,DHCR7,0.406,functional_association,functional
AASDH,TM7SF2,0.425,functional_association,functional
AASDH,GPT2,0.407,functional_association,functional
AASDH,FABP4,0.409,functional_association,functional
AASDH,SPTLC1,0.41,functional_association,functional
AASDH,UGCG,0.41,functional_association,functional
AASDH,MVK,0.413,functional_association,functional
AASDH,INS,0.418,functional_association,functional
CETP,SREBF1,0.436,functional_association,functional
CETP,LDLRAP1,0.433,functional_association,functional
CETP,VCAM1,0.43,functional_association,functional
CYP51A1,EGR2,0.755,functional_association,functional
CYP51A1,CYP2C19,0.53,functional_association,functional
CYP51A1,NFYA,0.532,functional_association,functional
CYP51A1,NFYC,0.538,functional_association,functional
CYP51A1,PCSK9,0.543,functional_association,functional
CYP51A1,NFYB,0.553,functional_association,functional
CYP51A1,AASDH,0.562,functional_association,functional
CYP51A1,SCD,0.58,functional_association,functional
CYP51A1,ACAT1,0.585,functional_association,functional
CYP51A1,CYP7A1,0.594,functional_association,functional
CYP51A1,CYP11A1,0.594,functional_association,functional
CYP51A1,GGPS1,0.613,functional_association,functional
CYP51A1,FASN,0.619,functional_association,functional
CYP51A1,INSIG2,0.636,functional_association,functional
CYP51A1,PMVK,0.679,functional_association,functional
CYP51A1,EBP,0.714,functional_association,functional
CYP51A1,SCAP,0.513,functional_association,functional
CYP51A1,ACSS2,0.511,functional_association,functional
CYP51A1,CYP2C8,0.5,functional_association,functional
CYP51A1,CYP46A1,0.43,functional_association,functional
CYP51A1,ELOVL6,0.403,functional_association,functional
CYP51A1,ACSL3,0.405,functional_association,functional
CYP51A1,ABCG1,0.412,functional_association,functional
CYP51A1,RUSC1,0.418,functional_association,functional
CYP51A1,ACLY,0.42,functional_association,functional
CYP51A1,CYP19A1,0.423,functional_association,functional
CYP51A1,ABCA1,0.433,functional_association,functional
CYP51A1,AACS,0.495,functional_association,functional
CYP51A1,ABCG5,0.439,functional_association,functional
CYP51A1,CYP17A1,0.449,functional_association,functional
CYP51A1,CYCS,0.45,functional_association,functional
CYP51A1,SOAT1,0.471,functional_association,functional
CYP51A1,STARD4,0.484,functional_association,functional
CYP51A1,ACACA,0.494,functional_association,functional
CYP51A1,ACAT2,0.732,functional_association,functional
CYP51A1,CYB5A,0.764,functional_association,functional
CETP,MLXIPL,0.42,functional_association,functional
CYP51A1,CYB5B,0.767,functional_association,functional
CYP51A1,SIGMAR1,0.985,functional_association,functional
CYP51A1,SC5D,0.987,functional_association,functional
CYP51A1,NSDHL,0.989,functional_association,functional
CYP51A1,DHCR24,0.992,functional_association,functional
CYP51A1,LBR,0.993,functional_association,functional
CYP51A1,ERG28,0.995,functional_association,functional
CYP51A1,HSD17B7,0.996,functional_association,functional
CYP51A1,TM7SF2,0.996,functional_association,functional
CYP51A1,MSMO1,0.996,functional_association,functional
CYP51A1,FDFT1,0.997,functional_association,functional
CYP51A1,SQLE,0.998,functional_association,functional
CYP51A1,LSS,0.999,functional_association,functional
CETP,GPT,0.4,functional_association,functional
CETP,CD36,0.413,functional_association,functional
CETP,MTHFR,0.418,functional_association,functional
CYP51A1,HMGCS1,0.984,functional_association,functional
CYP51A1,DHCR7,0.978,functional_association,functional
CYP51A1,CH25H,0.976,functional_association,functional
CYP51A1,MVD,0.869,functional_association,functional
CYP51A1,SREBF1,0.772,functional_association,functional
CYP51A1,MVK,0.782,functional_association,functional
CYP51A1,INSIG1,0.84,functional_association,functional
CYP51A1,HSD3B7,0.844,functional_association,functional
CYP51A1,HSD3B1,0.846,functional_association,functional
CYP51A1,IDI2,0.852,functional_association,functional
CYP51A1,FDPS,0.886,functional_association,functional
CYP51A1,FAXDC2,0.972,functional_association,functional
CYP51A1,PPIG,0.891,functional_association,functional
CYP51A1,SREBF2,0.918,functional_association,functional
CYP51A1,HMGCS2,0.921,functional_association,functional
CYP51A1,IDI1,0.942,functional_association,functional
CYP51A1,HMGCR,0.948,functional_association,functional
CYP51A1,POR,0.96,functional_association,functional
AASDH,SCARB1,0.487,functional_association,functional
AASDH,FDFT1,0.49,functional_association,functional
AASDH,CYP2D6,0.503,functional_association,functional
SIRT1,GPX5,0.611,functional_association,functional
SIRT1,NR1H3,0.579,functional_association,functional
SIRT1,MAPK3,0.58,functional_association,functional
SIRT1,ADAM10,0.58,functional_association,functional
SIRT1,APOE,0.584,functional_association,functional
SIRT1,HMGCR,0.586,functional_association,functional
SIRT1,NR0B2,0.588,functional_association,functional
SIRT1,PTGS2,0.592,functional_association,functional
SIRT1,GCK,0.594,functional_association,functional
SIRT1,TERT,0.595,functional_association,functional
SIRT1,IFNG,0.596,functional_association,functional
SIRT1,MMP9,0.597,functional_association,functional
SIRT1,ACACA,0.598,functional_association,functional
SIRT1,AGT,0.602,functional_association,functional
SIRT1,PPARD,0.604,functional_association,functional
SIRT1,CPT2,0.609,functional_association,functional
SIRT1,CARM1,0.578,functional_association,functional
SIRT1,FOXM1,0.575,functional_association,functional
SIRT1,CCL2,0.575,functional_association,functional
SIRT1,PRKAA2,0.528,functional_association,functional
SIRT1,HSPA5,0.513,functional_association,functional
SIRT1,REN,0.514,functional_association,functional
SIRT1,CPT1A,0.519,functional_association,functional
SIRT1,ABCA1,0.52,functional_association,functional
SIRT1,TOP2A,0.522,functional_association,functional
SIRT1,PNPLA2,0.523,functional_association,functional
SIRT1,MLXIPL,0.53,functional_association,functional
SIRT1,APP,0.572,functional_association,functional
SIRT1,H6PD,0.545,functional_association,functional
SIRT1,PRKAA1,0.553,functional_association,functional
SIRT1,BACE1,0.553,functional_association,functional
SIRT1,ABCB1,0.554,functional_association,functional
SIRT1,G6PC,0.565,functional_association,functional
SIRT1,IGF1R,0.569,functional_association,functional
SIRT1,ALB,0.611,functional_association,functional
SIRT1,GPX6,0.611,functional_association,functional
SIRT1,ICAM1,0.494,functional_association,functional
SIRT1,GPX3,0.612,functional_association,functional
SIRT1,ACSS1,0.707,functional_association,functional
SIRT1,CYCS,0.718,functional_association,functional
SIRT1,IL1B,0.719,functional_association,functional
SIRT1,CASP3,0.725,functional_association,functional
SIRT1,IL6,0.726,functional_association,functional
SIRT1,HMOX1,0.733,functional_association,functional
SIRT1,ESR1,0.733,functional_association,functional
SIRT1,SREBF2,0.736,functional_association,functional
SIRT1,BCL2,0.744,functional_association,functional
SIRT1,TBP,0.745,functional_association,functional
SIRT1,CREBBP,0.754,functional_association,functional
SIRT1,GSK3B,0.758,functional_association,functional
SIRT1,ACTB,0.79,functional_association,functional
SIRT1,STAT3,0.817,functional_association,functional
SIRT1,IRS1,0.823,functional_association,functional
SIRT1,TNF,0.706,functional_association,functional
SIRT1,GCG,0.681,functional_association,functional
SIRT1,CD36,0.678,functional_association,functional
SIRT1,FASN,0.637,functional_association,functional
SIRT1,SLC2A4,0.616,functional_association,functional
SIRT1,CHFR,0.617,functional_association,functional
SIRT1,GPX2,0.619,functional_association,functional
SIRT1,LEP,0.624,functional_association,functional
SIRT1,LPIN1,0.628,functional_association,functional
SIRT1,UCP1,0.631,functional_association,functional
SIRT1,GPX7,0.639,functional_association,functional
SIRT1,SCARB1,0.678,functional_association,functional
SIRT1,GPX8,0.639,functional_association,functional
SIRT1,PXDN,0.639,functional_association,functional
SIRT1,PXDNL,0.639,functional_association,functional
SIRT1,SCARB2,0.661,functional_association,functional
SIRT1,UCP2,0.668,functional_association,functional
SIRT1,NR1H4,0.67,functional_association,functional
SIRT1,GPT,0.51,functional_association,functional
SIRT1,ACLY,0.492,functional_association,functional
AASDH,CYP1A1,0.503,functional_association,functional
AASDH,ACACB,0.598,functional_association,functional
AASDH,LSS,0.543,functional_association,functional
AASDH,HSDL2,0.543,functional_association,functional
AASDH,GOT2,0.545,functional_association,functional
AASDH,ACAA2,0.546,functional_association,functional
AASDH,CD36,0.551,functional_association,functional
AASDH,CYP8B1,0.552,functional_association,functional
AASDH,CYP7B1,0.553,functional_association,functional
AASDH,CYP27A1,0.56,functional_association,functional
AASDH,ACLY,0.565,functional_association,functional
AASDH,PPARA,0.572,functional_association,functional
AASDH,ELOVL5,0.576,functional_association,functional
AASDH,EPHX2,0.582,functional_association,functional
AASDH,HMGCS1,0.583,functional_association,functional
AASDH,HADHB,0.585,functional_association,functional
AASDH,HMGCS2,0.586,functional_association,functional
AASDH,LPL,0.54,functional_association,functional
AASDH,CYP39A1,0.533,functional_association,functional
AASDH,ACAA1,0.532,functional_association,functional
AASDH,CYP2C9,0.514,functional_association,functional
AASDH,CYP2C19,0.503,functional_association,functional
AASDH,LIPA,0.506,functional_association,functional
AASDH,SCD,0.506,functional_association,functional
AASDH,CYP3A5,0.509,functional_association,functional
AASDH,CYP2C8,0.51,functional_association,functional
AASDH,SCARB2,0.513,functional_association,functional
AASDH,ACSS2,0.515,functional_association,functional
AASDH,CYP46A1,0.531,functional_association,functional
AASDH,AUP1,0.52,functional_association,functional
AASDH,CYP17A1,0.522,functional_association,functional
AASDH,CYP19A1,0.526,functional_association,functional
AASDH,CYP11A1,0.527,functional_association,functional
AASDH,HMGCL,0.53,functional_association,functional
AASDH,CYP3A4,0.53,functional_association,functional
AASDH,CYP7A1,0.593,functional_association,functional
AASDH,ACACA,0.615,functional_association,functional
SIRT1,CDK5,0.49,functional_association,functional
AASDH,ACSS1,0.646,functional_association,functional
SIRT1,G6PD,0.439,functional_association,functional
SIRT1,PSEN1,0.446,functional_association,functional
SIRT1,ACAA2,0.449,functional_association,functional
SIRT1,KRAS,0.452,functional_association,functional
SIRT1,ACOX1,0.457,functional_association,functional
SIRT1,TBL1X,0.46,functional_association,functional
SIRT1,G6PC2,0.475,functional_association,functional
SIRT1,LDHA,0.476,functional_association,functional
SIRT1,XPR1,0.479,functional_association,functional
SIRT1,G6PC3,0.483,functional_association,functional
SIRT1,MTHFR,0.484,functional_association,functional
SIRT1,VCAM1,0.485,functional_association,functional
SIRT1,LIPE,0.486,functional_association,functional
SIRT1,ACE,0.489,functional_association,functional
SIRT1,ACSS2,0.49,functional_association,functional
SIRT1,GPX4,0.436,functional_association,functional
SIRT1,SCD,0.434,functional_association,functional
SIRT1,LPL,0.424,functional_association,functional
AASDH,CPT1A,0.873,functional_association,functional
AASDH,LIPE,0.693,functional_association,functional
AASDH,DGAT1,0.749,functional_association,functional
AASDH,ACSL4,0.796,functional_association,functional
AASDH,ACOX1,0.816,functional_association,functional
AASDH,ACOX3,0.846,functional_association,functional
AASDH,DGAT2,0.868,functional_association,functional
AASDH,GART,0.88,functional_association,functional
SIRT1,CRP,0.424,functional_association,functional
AASDH,ACSL3,0.908,functional_association,functional
AASDH,CPT2,0.921,functional_association,functional
AASDH,ACSL1,0.941,functional_association,functional
AASDH,FASN,0.978,functional_association,functional
SIRT1,HMGCS2,0.409,functional_association,functional
SIRT1,FABP4,0.418,functional_association,functional
CYP3A5,SLCO1A2,0.462,functional_association,functional
CYP3A5,SLCO2B1,0.495,functional_association,functional
APOB,GPX6,0.4,functional_association,functional
MVK,LBR,0.464,functional_association,functional
MVK,ICMT,0.468,functional_association,functional
MVK,LIPG,0.475,functional_association,functional
MVK,ACLY,0.481,functional_association,functional
MVK,CH25H,0.498,functional_association,functional
MVK,PDSS1,0.499,functional_association,functional
MVK,NFYA,0.501,functional_association,functional
MVK,HAO1,0.514,functional_association,functional
MVK,NFYC,0.52,functional_association,functional
MVK,COASY,0.527,functional_association,functional
MVK,HAO2,0.532,functional_association,functional
MVK,AACS,0.532,functional_association,functional
MVK,COQ2,0.546,functional_association,functional
MVK,NFYB,0.56,functional_association,functional
MVK,PKLR,0.568,functional_association,functional
MVK,DHDDS,0.611,functional_association,functional
MVK,LCAT,0.464,functional_association,functional
MVK,NUS1,0.462,functional_association,functional
IFNG,LDHA,0.416,functional_association,functional
MVK,RUSC1,0.461,functional_association,functional
DGAT2,LPIN1,0.888,functional_association,functional
DGAT2,PNPLA2,0.91,functional_association,functional
DGAT2,DGAT1,0.999,functional_association,functional
MVK,FBXO40,0.403,functional_association,functional
MVK,THRSP,0.404,functional_association,functional
MVK,ABCA1,0.404,functional_association,functional
MVK,HSD3B7,0.409,functional_association,functional
MVK,ACSS2,0.41,functional_association,functional
MVK,SCD,0.414,functional_association,functional
MVK,SCAP,0.416,functional_association,functional
MVK,TRIB1,0.428,functional_association,functional
MVK,TPI1,0.43,functional_association,functional
MVK,ZMPSTE24,0.434,functional_association,functional
MVK,SPTLC1,0.444,functional_association,functional
MVK,LIPC,0.45,functional_association,functional
MVK,SERPINA3,0.656,functional_association,functional
MVK,EBP,0.669,functional_association,functional
MVK,INSIG1,0.67,functional_association,functional
MVK,HADHB,0.681,functional_association,functional
MVK,SQLE,0.859,functional_association,functional
MVK,HMGCL,0.871,functional_association,functional
MVK,GGPS1,0.872,functional_association,functional
MVK,IDI1,0.879,functional_association,functional
MVK,ACAT2,0.885,functional_association,functional
MVK,ACAT1,0.892,functional_association,functional
MVK,FDFT1,0.895,functional_association,functional
MVK,FDPS,0.911,functional_association,functional
MVK,HMGCS1,0.92,functional_association,functional
MVK,IGHD,0.958,functional_association,functional
MVK,PMVK,0.994,functional_association,functional
MVK,HMGCR,0.999,functional_association,functional
MVK,MVD,0.999,functional_association,functional
IFNG,KMO,0.403,functional_association,functional
IFNG,TBP,0.403,functional_association,functional
MVK,HMGCLL1,0.849,functional_association,functional
MVK,DHCR7,0.833,functional_association,functional
MVK,ACAA2,0.833,functional_association,functional
MVK,SC5D,0.75,functional_association,functional
MVK,ACAA1,0.695,functional_association,functional
MVK,FASN,0.696,functional_association,functional
MVK,HMGA1,0.72,functional_association,functional
MVK,MSMO1,0.722,functional_association,functional
MVK,SREBF1,0.736,functional_association,functional
MVK,DHCR24,0.741,functional_association,functional
MVK,HSD17B7,0.765,functional_association,functional
MVK,HMGCS2,0.83,functional_association,functional
MVK,TM7SF2,0.781,functional_association,functional
MVK,FNTA,0.786,functional_association,functional
MVK,NSDHL,0.811,functional_association,functional
MVK,LSS,0.817,functional_association,functional
MVK,SREBF2,0.82,functional_association,functional
MVK,IDI2,0.83,functional_association,functional
DGAT2,SCD,0.844,functional_association,functional
DGAT2,FASN,0.831,functional_association,functional
DGAT2,LIPC,0.799,functional_association,functional
DGAT2,MGLL,0.55,functional_association,functional
DGAT2,ACOX3,0.447,functional_association,functional
DGAT2,GPT,0.449,functional_association,functional
DGAT2,SCD5,0.449,functional_association,functional
DGAT2,GAPDH,0.455,functional_association,functional
DGAT2,FABP1,0.465,functional_association,functional
DGAT2,AUP1,0.465,functional_association,functional
DGAT2,DHCR24,0.471,functional_association,functional
DGAT2,NR1H3,0.481,functional_association,functional
DGAT2,ACSS2,0.487,functional_association,functional
DGAT2,G6PC,0.489,functional_association,functional
DGAT2,ELOVL5,0.497,functional_association,functional
DGAT2,SLC2A4,0.5,functional_association,functional
DGAT2,PPARGC1A,0.507,functional_association,functional
DGAT2,LEP,0.512,functional_association,functional
DGAT2,ADIPOQ,0.513,functional_association,functional
DGAT2,NR1H4,0.447,functional_association,functional
DGAT2,UCP1,0.444,functional_association,functional
DGAT2,FADS2,0.442,functional_association,functional
DGAT2,ABCA1,0.416,functional_association,functional
APOC3,LPL,0.981,functional_association,functional
APOC3,APOA5,0.995,functional_association,functional
APOC3,APOE,0.999,functional_association,functional
APOC3,APOB,0.999,functional_association,functional
APOC3,APOA1,0.999,functional_association,functional
DGAT2,FABP2,0.413,functional_association,functional
DGAT2,VCP,0.422,functional_association,functional
DGAT2,GOT2,0.44,functional_association,functional
DGAT2,ACTB,0.423,functional_association,functional
DGAT2,ABCG5,0.425,functional_association,functional
DGAT2,CYP7A1,0.43,functional_association,functional
DGAT2,HMGCS1,0.431,functional_association,functional
DGAT2,ABCG8,0.432,functional_association,functional
DGAT2,AMFR,0.433,functional_association,functional
DGAT2,CPT2,0.514,functional_association,functional
DGAT2,SREBF2,0.559,functional_association,functional
DGAT2,FABP4,0.786,functional_association,functional
DGAT2,HMGCR,0.559,functional_association,functional
DGAT2,PPARG,0.654,functional_association,functional
DGAT2,MTTP,0.654,functional_association,functional
DGAT2,APOB,0.676,functional_association,functional
DGAT2,PPARA,0.678,functional_association,functional
DGAT2,CEL,0.679,functional_association,functional
DGAT2,PLIN2,0.68,functional_association,functional
DGAT2,CD36,0.685,functional_association,functional
DGAT2,LIPE,0.701,functional_association,functional
DGAT2,GPAM,0.728,functional_association,functional
DGAT2,LIPG,0.734,functional_association,functional
DGAT2,ACACA,0.735,functional_association,functional
DGAT2,ACSL1,0.748,functional_association,functional
DGAT2,SOAT2,0.758,functional_association,functional
DGAT2,PNLIP,0.774,functional_association,functional
DGAT2,SREBF1,0.778,functional_association,functional
DGAT2,ACOX1,0.647,functional_association,functional
DGAT2,SCARB1,0.638,functional_association,functional
DGAT2,ACSL4,0.636,functional_association,functional
DGAT2,INS,0.604,functional_association,functional
DGAT2,CANX,0.56,functional_association,functional
DGAT2,COASY,0.566,functional_association,functional
DGAT2,SOAT1,0.579,functional_association,functional
DGAT2,ACACB,0.581,functional_association,functional
DGAT2,ACLY,0.583,functional_association,functional
DGAT2,ACSL3,0.59,functional_association,functional
DGAT2,LCAT,0.606,functional_association,functional
DGAT2,MLXIPL,0.634,functional_association,functional
DGAT2,PPARD,0.608,functional_association,functional
DGAT2,ELOVL6,0.611,functional_association,functional
DGAT2,LPL,0.614,functional_association,functional
DGAT2,THRSP,0.615,functional_association,functional
DGAT2,SCARB2,0.632,functional_association,functional
DGAT2,CPT1A,0.633,functional_association,functional
IFNG,PPARD,0.411,functional_association,functional
IFNG,HMGCR,0.416,functional_association,functional
CYP3A5,ATP4A,0.512,functional_association,functional
TPI1,GLUL,0.54,functional_association,functional
TPI1,DHFR,0.576,functional_association,functional
TPI1,PFKFB1,0.617,functional_association,functional
TPI1,FASN,0.647,functional_association,functional
TPI1,ACLY,0.651,functional_association,functional
TPI1,PFKFB3,0.69,functional_association,functional
TPI1,GOT2,0.77,functional_association,functional
TPI1,HK1,0.784,functional_association,functional
TPI1,PKLR,0.874,functional_association,functional
TPI1,LDHA,0.913,functional_association,functional
TPI1,G6PD,0.942,functional_association,functional
TPI1,H6PD,0.951,functional_association,functional
TPI1,GAPDH,0.999,functional_association,functional
TBP,BCL2,0.401,functional_association,functional
TBP,PPARA,0.404,functional_association,functional
TBP,UCP1,0.425,functional_association,functional
TPI1,GOT1,0.576,functional_association,functional
TPI1,ACAA2,0.533,functional_association,functional
IFNG,HSPA5,0.419,functional_association,functional
TPI1,ACSL1,0.531,functional_association,functional
TPI1,TRIT1,0.456,functional_association,functional
TPI1,TOP2A,0.462,functional_association,functional
TPI1,HSPA5,0.467,functional_association,functional
TPI1,STIP1,0.471,functional_association,functional
TPI1,COASY,0.473,functional_association,functional
TPI1,HMGCR,0.474,functional_association,functional
TPI1,PEX5,0.475,functional_association,functional
TPI1,EPHX2,0.479,functional_association,functional
TPI1,GART,0.486,functional_association,functional
TPI1,APOA1,0.494,functional_association,functional
TPI1,HADHB,0.497,functional_association,functional
TPI1,SEC61A1,0.522,functional_association,functional
TPI1,GPT2,0.526,functional_association,functional
TPI1,GPT,0.528,functional_association,functional
TPI1,ACTB,0.53,functional_association,functional
TBP,PPARGC1A,0.432,functional_association,functional
TBP,CASP3,0.438,functional_association,functional
TBP,IL1B,0.447,functional_association,functional
TBP,NCOA2,0.447,functional_association,functional
TBP,AKT1,0.639,functional_association,functional
TBP,PPARG,0.649,functional_association,functional
TBP,ALB,0.671,functional_association,functional
TBP,FDFT1,0.693,functional_association,functional
TBP,NCOA1,0.755,functional_association,functional
TBP,NFYC,0.769,functional_association,functional
TBP,JUN,0.777,functional_association,functional
TBP,NFYB,0.794,functional_association,functional
TBP,GAPDH,0.887,functional_association,functional
TBP,ACTB,0.905,functional_association,functional
TBP,ESR1,0.949,functional_association,functional
TBP,NFYA,0.949,functional_association,functional
TBP,MED1,0.954,functional_association,functional
TBP,POLR2F,0.967,functional_association,functional
TBP,TP53,0.997,functional_association,functional
TBP,CARM1,0.628,functional_association,functional
TBP,CREBBP,0.616,functional_association,functional
TBP,HMGCR,0.613,functional_association,functional
TBP,WDR97,0.485,functional_association,functional
TBP,TNF,0.45,functional_association,functional
TBP,TOP2B,0.454,functional_association,functional
TBP,RXRA,0.46,functional_association,functional
TBP,APOE,0.471,functional_association,functional
TBP,IL6,0.482,functional_association,functional
TBP,NCOA6,0.483,functional_association,functional
TBP,NDUFAF6,0.489,functional_association,functional
TBP,GSK3B,0.564,functional_association,functional
TBP,TBL1X,0.506,functional_association,functional
TBP,HMGA1,0.526,functional_association,functional
TBP,APP,0.53,functional_association,functional
TBP,INS,0.534,functional_association,functional
TBP,PXDNL,0.538,functional_association,functional
TBP,PXDN,0.538,functional_association,functional
TPI1,HMGCL,0.454,functional_association,functional
TPI1,ALB,0.452,functional_association,functional
TPI1,CYCS,0.447,functional_association,functional
IFNG,MTUS1,0.623,functional_association,functional
IFNG,REN,0.553,functional_association,functional
IFNG,GPX7,0.558,functional_association,functional
IFNG,CYCS,0.57,functional_association,functional
IFNG,PPARA,0.574,functional_association,functional
IFNG,GPX8,0.575,functional_association,functional
IFNG,GPX2,0.579,functional_association,functional
IFNG,ACE,0.583,functional_association,functional
IFNG,CXCL16,0.584,functional_association,functional
IFNG,ADIPOQ,0.588,functional_association,functional
IFNG,CAV1,0.595,functional_association,functional
IFNG,IRS1,0.597,functional_association,functional
IFNG,SCARB2,0.597,functional_association,functional
IFNG,SCARB1,0.601,functional_association,functional
IFNG,CD36,0.607,functional_association,functional
IFNG,AGT,0.607,functional_association,functional
IFNG,ESR1,0.552,functional_association,functional
IFNG,APP,0.55,functional_association,functional
IFNG,GPX5,0.549,functional_association,functional
IFNG,OLR1,0.469,functional_association,functional
IFNG,ADRB2,0.428,functional_association,functional
IFNG,RHOA,0.434,functional_association,functional
IFNG,GOT2,0.437,functional_association,functional
IFNG,ABCA1,0.442,functional_association,functional
IFNG,APOB,0.454,functional_association,functional
IFNG,EGR2,0.463,functional_association,functional
IFNG,GSK3B,0.492,functional_association,functional
IFNG,GPX6,0.549,functional_association,functional
IFNG,CD81,0.494,functional_association,functional
IFNG,GPT2,0.507,functional_association,functional
IFNG,NOS3,0.51,functional_association,functional
IFNG,FOXO1,0.514,functional_association,functional
IFNG,KRAS,0.543,functional_association,functional
IFNG,GPX3,0.548,functional_association,functional
IFNG,MTOR,0.61,functional_association,functional
IFNG,MTUS2,0.624,functional_association,functional
TPI1,HAO1,0.436,functional_association,functional
IFNG,GCG,0.664,functional_association,functional
IFNG,TP53,0.834,functional_association,functional
IFNG,APOE,0.838,functional_association,functional
IFNG,MAPK3,0.846,functional_association,functional
IFNG,ALB,0.866,functional_association,functional
IFNG,ICAM1,0.902,functional_association,functional
IFNG,STAT3,0.907,functional_association,functional
IFNG,IL6,0.983,functional_association,functional
IFNG,TNF,0.991,functional_association,functional
IFNG,IL1B,0.998,functional_association,functional
TPI1,DHRS11,0.404,functional_association,functional
TPI1,ACAT1,0.405,functional_association,functional
TPI1,HIF1A,0.411,functional_association,functional
TPI1,ACSS2,0.417,functional_association,functional
TPI1,TOP2B,0.419,functional_association,functional
TPI1,MVD,0.42,functional_association,functional
IFNG,CASP3,0.825,functional_association,functional
IFNG,AKT1,0.817,functional_association,functional
IFNG,PTGS2,0.816,functional_association,functional
IFNG,MMP9,0.751,functional_association,functional
IFNG,HIF1A,0.665,functional_association,functional
IFNG,LEP,0.671,functional_association,functional
IFNG,PPARG,0.671,functional_association,functional
IFNG,GPT,0.707,functional_association,functional
IFNG,JUN,0.711,functional_association,functional
IFNG,VCAM1,0.748,functional_association,functional
IFNG,CD209,0.768,functional_association,functional
IFNG,INS,0.813,functional_association,functional
IFNG,PXDN,0.782,functional_association,functional
IFNG,PXDNL,0.782,functional_association,functional
IFNG,GAPDH,0.794,functional_association,functional
IFNG,BCL2,0.795,functional_association,functional
IFNG,ACTB,0.795,functional_association,functional
IFNG,CRP,0.798,functional_association,functional
APOC3,LCAT,0.958,functional_association,functional
APOC3,LPA,0.957,functional_association,functional
APOC3,FABP1,0.933,functional_association,functional
CCL2,GPX5,0.52,functional_association,functional
CCL2,GPX8,0.522,functional_association,functional
CCL2,GPX7,0.523,functional_association,functional
CCL2,GPX2,0.528,functional_association,functional
CCL2,CD209,0.537,functional_association,functional
CCL2,GPX3,0.541,functional_association,functional
CCL2,ACACA,0.557,functional_association,functional
CCL2,ABCA1,0.584,functional_association,functional
CCL2,TP53,0.6,functional_association,functional
CCL2,BCL2,0.607,functional_association,functional
CCL2,PPARA,0.616,functional_association,functional
CCL2,EGR2,0.624,functional_association,functional
CCL2,ACE,0.625,functional_association,functional
CCL2,NOS3,0.628,functional_association,functional
CCL2,OLR1,0.631,functional_association,functional
CCL2,GPT,0.641,functional_association,functional
CCL2,GPX6,0.522,functional_association,functional
CCL2,SREBF1,0.519,functional_association,functional
APOC3,ALB,0.912,functional_association,functional
CCL2,SLC2A4,0.518,functional_association,functional
CCL2,CYCS,0.447,functional_association,functional
CCL2,ABCG1,0.447,functional_association,functional
CCL2,GSK3B,0.454,functional_association,functional
CCL2,LPL,0.459,functional_association,functional
CCL2,HMGCR,0.47,functional_association,functional
CCL2,UCP1,0.474,functional_association,functional
CCL2,RHOA,0.486,functional_association,functional
CCL2,GCG,0.486,functional_association,functional
CCL2,LPA,0.505,functional_association,functional
CCL2,APP,0.506,functional_association,functional
CCL2,APOA1,0.507,functional_association,functional
CCL2,IRS1,0.507,functional_association,functional
CCL2,APOB,0.507,functional_association,functional
CCL2,PPARGC1A,0.511,functional_association,functional
CCL2,MTOR,0.511,functional_association,functional
CCL2,PXDNL,0.65,functional_association,functional
CCL2,CAV1,0.65,functional_association,functional
CCL2,CASP3,0.654,functional_association,functional
CCL2,ESR1,0.656,functional_association,functional
CCL2,INS,0.78,functional_association,functional
CCL2,MMP9,0.809,functional_association,functional
CCL2,CRP,0.816,functional_association,functional
CCL2,PTGS2,0.867,functional_association,functional
CCL2,STAT3,0.867,functional_association,functional
CCL2,VCAM1,0.907,functional_association,functional
CCL2,ICAM1,0.928,functional_association,functional
CCL2,IFNG,0.938,functional_association,functional
CCL2,IL1B,0.97,functional_association,functional
CCL2,TNF,0.978,functional_association,functional
CCL2,JUN,0.98,functional_association,functional
CCL2,NFKB1,0.982,functional_association,functional
CCL2,IL6,0.985,functional_association,functional
HSD17B1,PPIG,0.404,functional_association,functional
HSD17B1,H6PD,0.411,functional_association,functional
CCL2,ADIPOQ,0.776,functional_association,functional
CCL2,LEP,0.769,functional_association,functional
CCL2,MAPK3,0.747,functional_association,functional
CCL2,HIF1A,0.692,functional_association,functional
CCL2,PXDN,0.657,functional_association,functional
CCL2,CD36,0.67,functional_association,functional
CCL2,SCARB2,0.672,functional_association,functional
CCL2,SCARB1,0.675,functional_association,functional
CCL2,REN,0.676,functional_association,functional
CCL2,CXCL16,0.685,functional_association,functional
CCL2,FABP4,0.695,functional_association,functional
CCL2,APOE,0.746,functional_association,functional
CCL2,ACTB,0.697,functional_association,functional
CCL2,AKT1,0.72,functional_association,functional
CCL2,GAPDH,0.729,functional_association,functional
CCL2,AGT,0.729,functional_association,functional
CCL2,PPARG,0.731,functional_association,functional
CCL2,ALB,0.739,functional_association,functional
CCL2,PPARD,0.447,functional_association,functional
CCL2,CD81,0.419,functional_association,functional
CCL2,HSPA5,0.419,functional_association,functional
GCK,SI,0.512,functional_association,functional
CYP3A5,CYP2C19,0.959,functional_association,functional
CYP3A5,CYP2C9,0.96,functional_association,functional
CYP3A5,CYP1A1,0.971,functional_association,functional
GCK,ALB,0.417,functional_association,functional
GCK,ACTB,0.433,functional_association,functional
GCK,UCP1,0.433,functional_association,functional
GCK,LPL,0.445,functional_association,functional
GCK,ACOX1,0.449,functional_association,functional
GCK,GPT,0.459,functional_association,functional
GCK,SCD,0.464,functional_association,functional
GCK,FDPS,0.469,functional_association,functional
GCK,ADIPOQ,0.476,functional_association,functional
GCK,ACACA,0.502,functional_association,functional
GCK,LDHA,0.503,functional_association,functional
GCK,PPARGC1A,0.505,functional_association,functional
CYP3A5,CYP2C8,0.956,functional_association,functional
CYP3A5,POR,0.953,functional_association,functional
CYP3A5,CYP3A4,0.95,functional_association,functional
CYP3A5,CYB5A,0.855,functional_association,functional
CYP3A5,PTGIS,0.585,functional_association,functional
CYP3A5,CYP2D6,0.612,functional_association,functional
CYP3A5,ABCG2,0.681,functional_association,functional
CYP3A5,CYB5B,0.692,functional_association,functional
CYP3A5,ABCC2,0.708,functional_association,functional
CYP3A5,SLCO1B1,0.799,functional_association,functional
CYP3A5,ABCB1,0.92,functional_association,functional
CYP3A5,CYP19A1,0.944,functional_association,functional
CYP3A5,HSD17B7,0.922,functional_association,functional
CYP3A5,PPIG,0.926,functional_association,functional
CYP3A5,HSD17B1,0.928,functional_association,functional
CYP3A5,CYP7A1,0.936,functional_association,functional
CYP3A5,HSD3B1,0.937,functional_association,functional
CYP3A5,CYP17A1,0.941,functional_association,functional
GCK,MGAM,0.512,functional_association,functional
GCK,AKT1,0.516,functional_association,functional
CCL2,GPT2,0.418,functional_association,functional
GCK,GAPDH,0.518,functional_association,functional
GCK,GCG,0.826,functional_association,functional
GCK,PFKFB1,0.83,functional_association,functional
GCK,PFKFB3,0.891,functional_association,functional
GCK,HK1,0.917,functional_association,functional
GCK,INS,0.945,functional_association,functional
GCK,G6PD,0.967,functional_association,functional
GCK,H6PD,0.974,functional_association,functional
GCK,G6PC3,0.983,functional_association,functional
GCK,G6PC,0.986,functional_association,functional
GCK,G6PC2,0.989,functional_association,functional
CCL2,LIPE,0.4,functional_association,functional
CCL2,KRAS,0.41,functional_association,functional
CCL2,FASN,0.41,functional_association,functional
CCL2,CH25H,0.413,functional_association,functional
CCL2,FOXO1,0.416,functional_association,functional
GCK,FOXO1,0.765,functional_association,functional
GCK,IRS1,0.735,functional_association,functional
GCK,PKLR,0.727,functional_association,functional
GCK,PPARG,0.582,functional_association,functional
GCK,CPT1A,0.527,functional_association,functional
GCK,IGF1R,0.543,functional_association,functional
GCK,ACLY,0.549,functional_association,functional
GCK,GSK3B,0.568,functional_association,functional
GCK,TPI1,0.569,functional_association,functional
GCK,PPARA,0.578,functional_association,functional
GCK,UCP2,0.59,functional_association,functional
GCK,SLC2A4,0.669,functional_association,functional
GCK,LEP,0.595,functional_association,functional
GCK,FASN,0.619,functional_association,functional
GCK,HMGCR,0.623,functional_association,functional
GCK,BCL2,0.645,functional_association,functional
GCK,MLXIPL,0.654,functional_association,functional
GCK,SREBF1,0.666,functional_association,functional
HSD17B1,FASN,0.418,functional_association,functional
HSD17B1,MLXIPL,0.541,functional_association,functional
HSD17B1,HMGCR,0.577,functional_association,functional
APOC3,PSRC1,0.451,functional_association,functional
NFKB1,IL1B,0.996,functional_association,functional
NFKB1,TNF,0.999,functional_association,functional
APOC3,SERPINA3,0.402,functional_association,functional
APOC3,IL6,0.402,functional_association,functional
APOC3,PPARD,0.405,functional_association,functional
APOC3,CYP8B1,0.406,functional_association,functional
APOC3,ACOX1,0.413,functional_association,functional
APOC3,SPTLC3,0.415,functional_association,functional
APOC3,AGT,0.415,functional_association,functional
APOC3,GPT,0.419,functional_association,functional
APOC3,CD36,0.424,functional_association,functional
APOC3,DGAT1,0.425,functional_association,functional
APOC3,LEP,0.433,functional_association,functional
APOC3,ABCG1,0.433,functional_association,functional
APOC3,DGAT2,0.438,functional_association,functional
NFKB1,JUN,0.994,functional_association,functional
NFKB1,IL6,0.994,functional_association,functional
NFKB1,TP53,0.989,functional_association,functional
NFKB1,INS,0.875,functional_association,functional
NFKB1,KRAS,0.805,functional_association,functional
NFKB1,HIF1A,0.816,functional_association,functional
NFKB1,BCL2,0.818,functional_association,functional
NFKB1,CASP3,0.821,functional_association,functional
NFKB1,PTGS2,0.842,functional_association,functional
NFKB1,APP,0.87,functional_association,functional
NFKB1,MAPK3,0.881,functional_association,functional
NFKB1,PPARG,0.972,functional_association,functional
NFKB1,AKT1,0.896,functional_association,functional
NFKB1,ICAM1,0.903,functional_association,functional
NFKB1,CREBBP,0.913,functional_association,functional
NFKB1,IFNG,0.932,functional_association,functional
NFKB1,ESR1,0.957,functional_association,functional
NFKB1,STAT3,0.962,functional_association,functional
APOC3,ADRB2,0.445,functional_association,functional
APOC3,DHCR24,0.461,functional_association,functional
NFKB1,GAPDH,0.783,functional_association,functional
APOC3,HMGCS2,0.468,functional_association,functional
APOC3,CRP,0.609,functional_association,functional
APOC3,INS,0.647,functional_association,functional
APOC3,NR1H4,0.67,functional_association,functional
APOC3,PPARA,0.709,functional_association,functional
APOC3,FOXO1,0.72,functional_association,functional
APOC3,LIPE,0.72,functional_association,functional
APOC3,PCSK9,0.734,functional_association,functional
APOC3,ABCA1,0.744,functional_association,functional
APOC3,VLDLR,0.765,functional_association,functional
APOC3,APP,0.766,functional_association,functional
APOC3,MTTP,0.799,functional_association,functional
APOC3,SCARB1,0.842,functional_association,functional
APOC3,ANGPTL3,0.848,functional_association,functional
APOC3,PLTP,0.884,functional_association,functional
APOC3,LIPC,0.908,functional_association,functional
APOC3,CYP7A1,0.607,functional_association,functional
APOC3,G6PC,0.601,functional_association,functional
APOC3,ABCG8,0.601,functional_association,functional
APOC3,MLXIPL,0.53,functional_association,functional
APOC3,GPAM,0.479,functional_association,functional
APOC3,GPX3,0.481,functional_association,functional
APOC3,FABP2,0.485,functional_association,functional
APOC3,HMGCR,0.505,functional_association,functional
APOC3,ADIPOQ,0.513,functional_association,functional
APOC3,CYP3A4,0.527,functional_association,functional
APOC3,NR0B2,0.542,functional_association,functional
APOC3,LIPG,0.586,functional_association,functional
APOC3,TNF,0.543,functional_association,functional
APOC3,PPARG,0.556,functional_association,functional
APOC3,SREBF1,0.57,functional_association,functional
APOC3,SOAT2,0.573,functional_association,functional
APOC3,ABCG5,0.581,functional_association,functional
APOC3,NPC1L1,0.583,functional_association,functional
NFKB1,MMP9,0.802,functional_association,functional
NFKB1,NCOA1,0.781,functional_association,functional
HSD17B1,ESR1,0.611,functional_association,functional
NFKB1,ADIPOQ,0.507,functional_association,functional
NFKB1,LDHA,0.412,functional_association,functional
NFKB1,CAV1,0.415,functional_association,functional
NFKB1,PPIG,0.417,functional_association,functional
NFKB1,TERT,0.423,functional_association,functional
NFKB1,ABCB1,0.43,functional_association,functional
NFKB1,SLC2A4,0.434,functional_association,functional
NFKB1,SREBF1,0.444,functional_association,functional
NFKB1,CARM1,0.446,functional_association,functional
NFKB1,LBR,0.448,functional_association,functional
NFKB1,GPT,0.457,functional_association,functional
NFKB1,ACE,0.476,functional_association,functional
NFKB1,TBL1XR1,0.48,functional_association,functional
NFKB1,IRS1,0.482,functional_association,functional
NFKB1,REN,0.487,functional_association,functional
NFKB1,BACE1,0.497,functional_association,functional
NFKB1,ABCA1,0.412,functional_association,functional
NFKB1,HMGCR,0.411,functional_association,functional
NFKB1,CD209,0.41,functional_association,functional
HSD17B1,CYP1A1,0.955,functional_association,functional
HSD17B1,HSD11B1,0.618,functional_association,functional
HSD17B1,STAR,0.662,functional_association,functional
HSD17B1,CYP11A1,0.835,functional_association,functional
HSD17B1,CYP17A1,0.852,functional_association,functional
HSD17B1,HSD3B1,0.88,functional_association,functional
HSD17B1,CYP3A4,0.939,functional_association,functional
HSD17B1,CYP19A1,0.984,functional_association,functional
NFKB1,TBP,0.407,functional_association,functional
HSD17B1,HSD17B7,0.991,functional_association,functional
HSD17B1,DHRS11,0.997,functional_association,functional
NFKB1,OLR1,0.4,functional_association,functional
NFKB1,EGR2,0.4,functional_association,functional
NFKB1,ABCG2,0.402,functional_association,functional
NFKB1,NCOA6,0.406,functional_association,functional
NFKB1,IGF1R,0.506,functional_association,functional
NFKB1,NR1H4,0.509,functional_association,functional
NFKB1,PPARGC1A,0.77,functional_association,functional
NFKB1,SEC61A1,0.511,functional_association,functional
NFKB1,PXDNL,0.625,functional_association,functional
NFKB1,PXDN,0.631,functional_association,functional
NFKB1,HMGA1,0.643,functional_association,functional
NFKB1,VCP,0.655,functional_association,functional
NFKB1,SCARB2,0.681,functional_association,functional
NFKB1,CD36,0.693,functional_association,functional
NFKB1,SCARB1,0.697,functional_association,functional
NFKB1,HSPA5,0.704,functional_association,functional
NFKB1,FOXO1,0.71,functional_association,functional
NFKB1,GSK3B,0.713,functional_association,functional
NFKB1,PPARD,0.719,functional_association,functional
NFKB1,RHOA,0.735,functional_association,functional
NFKB1,MTOR,0.76,functional_association,functional
NFKB1,ACTB,0.766,functional_association,functional
NFKB1,VCAM1,0.769,functional_association,functional
NFKB1,ALB,0.621,functional_association,functional
NFKB1,CYCS,0.616,functional_association,functional
NFKB1,GPX8,0.61,functional_association,functional
NFKB1,GPX6,0.551,functional_association,functional
NFKB1,MTHFR,0.514,functional_association,functional
NFKB1,LEP,0.525,functional_association,functional
NFKB1,NOS3,0.528,functional_association,functional
NFKB1,TBL1X,0.532,functional_association,functional
NFKB1,RXRA,0.548,functional_association,functional
NFKB1,GPX5,0.551,functional_association,functional
NFKB1,GPX7,0.552,functional_association,functional
NFKB1,FOXM1,0.599,functional_association,functional
NFKB1,APOE,0.554,functional_association,functional
NFKB1,GPX2,0.554,functional_association,functional
NFKB1,GPX3,0.579,functional_association,functional
NFKB1,PPARA,0.581,functional_association,functional
NFKB1,AGT,0.588,functional_association,functional
NFKB1,CRP,0.596,functional_association,functional
FABP4,THRSP,0.45,functional_association,functional
FABP4,ABCA1,0.458,functional_association,functional
APP,HIF1A,0.483,functional_association,functional
CPT1A,CYP7A1,0.55,functional_association,functional
CPT1A,ABCA1,0.57,functional_association,functional
CPT1A,MTTP,0.572,functional_association,functional
CPT1A,LPL,0.579,functional_association,functional
CPT1A,ABCG1,0.59,functional_association,functional
CPT1A,RXRA,0.594,functional_association,functional
CPT1A,HMGCR,0.6,functional_association,functional
CPT1A,LDHA,0.611,functional_association,functional
CPT1A,MLXIPL,0.612,functional_association,functional
CPT1A,PPARD,0.616,functional_association,functional
CPT1A,PLIN2,0.618,functional_association,functional
CPT1A,INS,0.651,functional_association,functional
CPT1A,ACLY,0.652,functional_association,functional
CPT1A,DGAT1,0.656,functional_association,functional
CPT1A,FABP1,0.676,functional_association,functional
CPT1A,HMGCS2,0.679,functional_association,functional
CPT1A,SLC2A4,0.557,functional_association,functional
CPT1A,G6PC3,0.543,functional_association,functional
ABCB4,ABCG8,0.523,functional_association,functional
CPT1A,G6PC2,0.542,functional_association,functional
CPT1A,TBL1X,0.458,functional_association,functional
CPT1A,LIPC,0.472,functional_association,functional
CPT1A,NCOA1,0.473,functional_association,functional
CPT1A,FOXO1,0.477,functional_association,functional
CPT1A,AKT1,0.479,functional_association,functional
CPT1A,LPIN1,0.494,functional_association,functional
CPT1A,ACAA1,0.495,functional_association,functional
CPT1A,ELOVL5,0.496,functional_association,functional
CPT1A,GAPDH,0.511,functional_association,functional
CPT1A,LEP,0.515,functional_association,functional
CPT1A,TP53,0.515,functional_association,functional
CPT1A,HMGCS1,0.517,functional_association,functional
CPT1A,ACTB,0.52,functional_association,functional
CPT1A,ADIPOQ,0.532,functional_association,functional
CPT1A,ELOVL6,0.535,functional_association,functional
CPT1A,PNPLA2,0.685,functional_association,functional
CPT1A,SCD,0.701,functional_association,functional
CPT1A,ACOX3,0.704,functional_association,functional
CPT1A,HADHB,0.743,functional_association,functional
ABCB4,TBL1XR1,0.418,functional_association,functional
ABCB4,HELZ2,0.423,functional_association,functional
ABCB4,MED1,0.423,functional_association,functional
ABCB4,NCOA6,0.426,functional_association,functional
ABCB4,CHD9,0.426,functional_association,functional
ABCB4,ACACA,0.431,functional_association,functional
ABCB4,XPR1,0.438,functional_association,functional
ABCB4,NCOA1,0.444,functional_association,functional
ABCB4,ABCG2,0.453,functional_association,functional
ABCB4,CARM1,0.455,functional_association,functional
ABCB4,TBL1X,0.455,functional_association,functional
ABCB4,CYP3A4,0.474,functional_association,functional
ABCB4,ABCG5,0.492,functional_association,functional
ABCB4,NPC1L1,0.501,functional_association,functional
ABCB4,CYP7B1,0.515,functional_association,functional
ABCB4,ACACB,0.417,functional_association,functional
ABCB4,NCOA2,0.417,functional_association,functional
ABCB4,ACOX1,0.404,functional_association,functional
CPT1A,SREBF1,0.813,functional_association,functional
CPT1A,UCP2,0.75,functional_association,functional
CPT1A,SREBF2,0.762,functional_association,functional
CPT1A,ACAA2,0.784,functional_association,functional
CPT1A,PPARG,0.806,functional_association,functional
CPT1A,FASN,0.809,functional_association,functional
CPT1A,CD36,0.811,functional_association,functional
CPT1A,ACOX1,0.837,functional_association,functional
CPT1A,ACACB,0.987,functional_association,functional
CPT1A,ACACA,0.848,functional_association,functional
CPT1A,PPARA,0.92,functional_association,functional
CPT1A,ACSL4,0.954,functional_association,functional
CPT1A,ACSL3,0.955,functional_association,functional
CPT1A,CPT2,0.963,functional_association,functional
CPT1A,ACSL1,0.975,functional_association,functional
CPT1A,NR1H3,0.453,functional_association,functional
CPT1A,GPT,0.448,functional_association,functional
CPT1A,HMGCL,0.447,functional_association,functional
SCAP,INS,0.572,functional_association,functional
SCAP,RNF145,0.442,functional_association,functional
SCAP,PCSK9,0.442,functional_association,functional
SCAP,DGAT1,0.458,functional_association,functional
SCAP,FDPS,0.458,functional_association,functional
SCAP,ACLY,0.467,functional_association,functional
SCAP,ABCG5,0.473,functional_association,functional
SCAP,CH25H,0.482,functional_association,functional
SCAP,ACACA,0.507,functional_association,functional
SCAP,FDFT1,0.513,functional_association,functional
SCAP,SOAT1,0.527,functional_association,functional
SCAP,ABCG1,0.541,functional_association,functional
SCAP,ABCA1,0.542,functional_association,functional
SCAP,AMFR,0.546,functional_association,functional
SCAP,SQLE,0.548,functional_association,functional
SCAP,SCD,0.551,functional_association,functional
SCAP,COASY,0.435,functional_association,functional
SCAP,MYLIP,0.435,functional_association,functional
SCAP,DHCR7,0.433,functional_association,functional
GPAM,SCD,0.839,functional_association,functional
GPAM,PPARG,0.709,functional_association,functional
GPAM,ACACA,0.727,functional_association,functional
GPAM,PPARA,0.73,functional_association,functional
GPAM,DGAT1,0.741,functional_association,functional
GPAM,FASN,0.746,functional_association,functional
GPAM,SREBF1,0.836,functional_association,functional
GPAM,SCD5,0.858,functional_association,functional
SCAP,CYP7A1,0.432,functional_association,functional
SCAP,HMGCS2,0.4,functional_association,functional
SCAP,GGPS1,0.405,functional_association,functional
SCAP,ABCG8,0.405,functional_association,functional
SCAP,MTOR,0.408,functional_association,functional
SCAP,MLXIPL,0.409,functional_association,functional
SCAP,LSS,0.417,functional_association,functional
SCAP,XPR1,0.553,functional_association,functional
SCAP,HMGCS1,0.581,functional_association,functional
CPT1A,NCOA2,0.447,functional_association,functional
SCAP,NFYA,0.598,functional_association,functional
CPT1A,NCOA6,0.408,functional_association,functional
CPT1A,ACSS1,0.41,functional_association,functional
CPT1A,COASY,0.416,functional_association,functional
CPT1A,IL6,0.418,functional_association,functional
CPT1A,G6PD,0.421,functional_association,functional
CPT1A,HELZ2,0.422,functional_association,functional
CPT1A,PFKFB3,0.423,functional_association,functional
CPT1A,ACAT1,0.426,functional_association,functional
CPT1A,H6PD,0.428,functional_association,functional
CPT1A,CARM1,0.429,functional_association,functional
CPT1A,HIF1A,0.431,functional_association,functional
CPT1A,IRS1,0.433,functional_association,functional
CPT1A,NR1H4,0.437,functional_association,functional
CPT1A,MED1,0.444,functional_association,functional
CPT1A,PRKAA1,0.445,functional_association,functional
CPT1A,ALB,0.405,functional_association,functional
CPT1A,TBL1XR1,0.403,functional_association,functional
CPT1A,MTOR,0.403,functional_association,functional
SCAP,RNF139,0.741,functional_association,functional
SCAP,HSPA5,0.609,functional_association,functional
SCAP,FASN,0.62,functional_association,functional
SCAP,ERLIN2,0.621,functional_association,functional
SCAP,HMGA1,0.641,functional_association,functional
SCAP,NPC2,0.71,functional_association,functional
SCAP,MBTPS2,0.918,functional_association,functional
CPT1A,FADS2,0.402,functional_association,functional
SCAP,MBTPS1,0.948,functional_association,functional
SCAP,SREBF1,0.998,functional_association,functional
SCAP,SREBF2,0.999,functional_association,functional
SCAP,INSIG1,0.999,functional_association,functional
CPT1A,CHD9,0.4,functional_association,functional
CPT1A,TNF,0.401,functional_association,functional
ABCB4,RXRA,0.52,functional_association,functional
ABCB4,GPT,0.534,functional_association,functional
CYP11A1,HSD3B7,0.544,functional_association,functional
SQLE,SCD,0.692,functional_association,functional
SQLE,FASN,0.73,functional_association,functional
SQLE,CYP39A1,0.751,functional_association,functional
SQLE,PMVK,0.753,functional_association,functional
SQLE,INSIG1,0.773,functional_association,functional
SQLE,GGPS1,0.787,functional_association,functional
SQLE,COQ2,0.795,functional_association,functional
SQLE,ACAT2,0.797,functional_association,functional
SQLE,CYP8B1,0.801,functional_association,functional
SQLE,CYP7B1,0.808,functional_association,functional
SQLE,HSD3B1,0.81,functional_association,functional
SQLE,HSD3B7,0.819,functional_association,functional
SQLE,SREBF1,0.822,functional_association,functional
SQLE,CYP7A1,0.827,functional_association,functional
SQLE,DHCR24,0.856,functional_association,functional
SQLE,IDI2,0.876,functional_association,functional
SQLE,EBP,0.697,functional_association,functional
SQLE,AACS,0.612,functional_association,functional
ABCB4,HMGCR,0.587,functional_association,functional
SQLE,CYB5B,0.597,functional_association,functional
SQLE,NFYA,0.51,functional_association,functional
SQLE,NFYC,0.517,functional_association,functional
SQLE,ABCA1,0.524,functional_association,functional
SQLE,FADS2,0.535,functional_association,functional
SQLE,WDR97,0.542,functional_association,functional
SQLE,POR,0.556,functional_association,functional
SQLE,ACLY,0.558,functional_association,functional
SQLE,CYB5A,0.559,functional_association,functional
SQLE,FADS1,0.56,functional_association,functional
SQLE,NDUFAF6,0.562,functional_association,functional
SQLE,CYP19A1,0.567,functional_association,functional
SQLE,ACACA,0.568,functional_association,functional
SQLE,STARD4,0.571,functional_association,functional
SQLE,SOAT1,0.578,functional_association,functional
SQLE,HMGA1,0.594,functional_association,functional
SQLE,SREBF2,0.892,functional_association,functional
SQLE,MARCHF6,0.894,functional_association,functional
SQLE,MVD,0.906,functional_association,functional
SQLE,LBR,0.91,functional_association,functional
PIK3C2A,ACE,0.479,functional_association,functional
PIK3C2A,ALB,0.621,functional_association,functional
PIK3C2A,GPT2,0.624,functional_association,functional
PIK3C2A,GPT,0.8,functional_association,functional
CYP11A1,NSDHL,0.406,functional_association,functional
CYP11A1,HMGCS1,0.407,functional_association,functional
CYP11A1,CYP3A4,0.417,functional_association,functional
CYP11A1,HMGCR,0.424,functional_association,functional
CYP11A1,LSS,0.426,functional_association,functional
CYP11A1,FASN,0.445,functional_association,functional
CYP11A1,ACTB,0.45,functional_association,functional
CYP11A1,GAPDH,0.45,functional_association,functional
CYP11A1,CYP8B1,0.456,functional_association,functional
CYP11A1,INS,0.491,functional_association,functional
CYP11A1,H6PD,0.492,functional_association,functional
PIK3C2A,INS,0.471,functional_association,functional
PIK3C2A,DHRS11,0.47,functional_association,functional
PIK3C2A,HMGCR,0.466,functional_association,functional
SQLE,HMGCR,0.973,functional_association,functional
SQLE,HMGCS2,0.916,functional_association,functional
SQLE,FDPS,0.942,functional_association,functional
SQLE,FAXDC2,0.949,functional_association,functional
SQLE,IDI1,0.957,functional_association,functional
SQLE,TM7SF2,0.969,functional_association,functional
SQLE,CH25H,0.971,functional_association,functional
SQLE,SIGMAR1,0.974,functional_association,functional
PIK3C2A,IL6,0.434,functional_association,functional
SQLE,NSDHL,0.982,functional_association,functional
SQLE,DHCR7,0.983,functional_association,functional
SQLE,HMGCS1,0.986,functional_association,functional
SQLE,LSS,0.999,functional_association,functional
SQLE,FDFT1,0.999,functional_association,functional
PIK3C2A,MORC3,0.41,functional_association,functional
SQLE,ELOVL6,0.504,functional_association,functional
SQLE,ACAA2,0.5,functional_association,functional
SQLE,SOAT2,0.491,functional_association,functional
ACAT1,HADHB,0.944,functional_association,functional
ACAT1,CPT2,0.493,functional_association,functional
ACAT1,SERPINA3,0.584,functional_association,functional
ACAT1,HMGA1,0.591,functional_association,functional
ACAT1,LSS,0.606,functional_association,functional
ACAT1,IDI1,0.641,functional_association,functional
ACAT1,FDFT1,0.654,functional_association,functional
ACAT1,SQLE,0.662,functional_association,functional
ACAT1,IDI2,0.682,functional_association,functional
ACAT1,FDPS,0.689,functional_association,functional
ACAT1,SCP2,0.724,functional_association,functional
ACAT1,GGPS1,0.735,functional_association,functional
ACAT1,PMVK,0.758,functional_association,functional
ACAT1,HMGCR,0.78,functional_association,functional
ACAT1,MVD,0.861,functional_association,functional
ACAT1,HSDL2,0.909,functional_association,functional
ACAT1,FASN,0.481,functional_association,functional
ACAT1,COASY,0.468,functional_association,functional
ACAT1,SIGMAR1,0.466,functional_association,functional
ABCB4,NR1H4,0.753,functional_association,functional
ABCB4,SLCO1A2,0.599,functional_association,functional
ABCB4,FABP1,0.61,functional_association,functional
ABCB4,CYP8B1,0.657,functional_association,functional
ABCB4,ABCB1,0.666,functional_association,functional
ABCB4,ABCC2,0.715,functional_association,functional
ABCB4,PPARA,0.719,functional_association,functional
ABCB4,CYP7A1,0.761,functional_association,functional
ACAT1,ACSL4,0.441,functional_association,functional
ACAT1,DHCR7,0.421,functional_association,functional
ACAT1,ACSL3,0.422,functional_association,functional
ACAT1,TM7SF2,0.425,functional_association,functional
ACAT1,ACSL1,0.428,functional_association,functional
ACAT1,PLIN2,0.429,functional_association,functional
ACAT1,H6PD,0.43,functional_association,functional
ACAT1,ACLY,0.915,functional_association,functional
ACAT1,ACAA1,0.946,functional_association,functional
SQLE,ABCG1,0.48,functional_association,functional
ACAT1,ACAT2,0.95,functional_association,functional
SQLE,SCD5,0.415,functional_association,functional
SQLE,RNF145,0.417,functional_association,functional
SQLE,ACSL3,0.437,functional_association,functional
SQLE,LIPA,0.441,functional_association,functional
SQLE,EPHX2,0.441,functional_association,functional
SQLE,GPT,0.441,functional_association,functional
SQLE,RUSC1,0.443,functional_association,functional
SQLE,CYP11A1,0.444,functional_association,functional
SQLE,ACSL4,0.446,functional_association,functional
SQLE,ABCG5,0.448,functional_association,functional
SQLE,RNF139,0.449,functional_association,functional
SQLE,ELOVL5,0.462,functional_association,functional
SQLE,ACSS1,0.464,functional_association,functional
SQLE,GSK3B,0.465,functional_association,functional
SQLE,CYP17A1,0.468,functional_association,functional
SQLE,CYP3A4,0.412,functional_association,functional
SQLE,ABCG8,0.411,functional_association,functional
SQLE,GPT2,0.41,functional_association,functional
ACAT1,ACSS1,0.964,functional_association,functional
ACAT1,ACACB,0.953,functional_association,functional
ACAT1,HMGCLL1,0.955,functional_association,functional
ACAT1,AACS,0.962,functional_association,functional
ACAT1,ACACA,0.962,functional_association,functional
ACAT1,ACOX3,0.962,functional_association,functional
ACAT1,ACAA2,0.963,functional_association,functional
ACAT1,ACOX1,0.968,functional_association,functional
SQLE,CYP1A1,0.408,functional_association,functional
ACAT1,HMGCL,0.972,functional_association,functional
ACAT1,HMGCS1,0.997,functional_association,functional
ACAT1,HMGCS2,0.997,functional_association,functional
SQLE,GAPDH,0.4,functional_association,functional
SQLE,ACOX1,0.406,functional_association,functional
SQLE,MYLIP,0.407,functional_association,functional
GPAM,LPIN1,0.658,functional_association,functional
GPAM,ELOVL6,0.65,functional_association,functional
GPAM,ACACB,0.634,functional_association,functional
PPARGC1A,MLXIPL,0.605,functional_association,functional
PPARGC1A,PXDNL,0.615,functional_association,functional
PPARGC1A,CPT2,0.619,functional_association,functional
PPARGC1A,TNF,0.646,functional_association,functional
PPARGC1A,CYP7A1,0.667,functional_association,functional
PPARGC1A,G6PC3,0.667,functional_association,functional
PPARGC1A,IRS1,0.667,functional_association,functional
PPARGC1A,STK11,0.668,functional_association,functional
PPARGC1A,IL6,0.67,functional_association,functional
PPARGC1A,G6PC2,0.673,functional_association,functional
PPARGC1A,SCARB2,0.674,functional_association,functional
PPARGC1A,GAPDH,0.678,functional_association,functional
PPARGC1A,FASN,0.685,functional_association,functional
PPARGC1A,ACOX1,0.694,functional_association,functional
PPARGC1A,JUN,0.7,functional_association,functional
PPARGC1A,MTOR,0.703,functional_association,functional
PPARGC1A,CASP3,0.613,functional_association,functional
PPARGC1A,SCD,0.603,functional_association,functional
GPAM,NR1H3,0.617,functional_association,functional
PPARGC1A,ALB,0.599,functional_association,functional
PPARGC1A,ACLY,0.507,functional_association,functional
PPARGC1A,ACSL1,0.51,functional_association,functional
PPARGC1A,GPT,0.517,functional_association,functional
PPARGC1A,PTGS2,0.521,functional_association,functional
PPARGC1A,ACACB,0.527,functional_association,functional
PPARGC1A,HMGCR,0.532,functional_association,functional
PPARGC1A,LDHA,0.537,functional_association,functional
PPARGC1A,ACOX3,0.544,functional_association,functional
PPARGC1A,NCOA6,0.557,functional_association,functional
PPARGC1A,AGT,0.558,functional_association,functional
PPARGC1A,SREBF2,0.571,functional_association,functional
PPARGC1A,DGAT1,0.583,functional_association,functional
PPARGC1A,NOS3,0.583,functional_association,functional
PPARGC1A,NR1H3,0.594,functional_association,functional
PPARGC1A,ACACA,0.597,functional_association,functional
PPARGC1A,PNPLA2,0.708,functional_association,functional
PPARGC1A,XPR1,0.714,functional_association,functional
PPARGC1A,CPT1A,0.721,functional_association,functional
PPARGC1A,ACTB,0.725,functional_association,functional
PPARGC1A,PRKAG2,0.933,functional_association,functional
PPARGC1A,PRKAB1,0.936,functional_association,functional
PPARGC1A,PRKAG3,0.937,functional_association,functional
PPARGC1A,ADIPOQ,0.944,functional_association,functional
PPARGC1A,LPIN1,0.947,functional_association,functional
PPARGC1A,NCOA1,0.952,functional_association,functional
PPARGC1A,GPX7,0.957,functional_association,functional
PPARGC1A,GPX6,0.957,functional_association,functional
PPARGC1A,GPX8,0.957,functional_association,functional
PPARGC1A,GPX5,0.957,functional_association,functional
PPARGC1A,GPX3,0.958,functional_association,functional
PPARGC1A,GPX2,0.958,functional_association,functional
PPARGC1A,PRKAA1,0.962,functional_association,functional
PPARGC1A,PRKAA2,0.964,functional_association,functional
PPARGC1A,PPARD,0.969,functional_association,functional
PPARGC1A,INS,0.93,functional_association,functional
PPARGC1A,UCP2,0.928,functional_association,functional
PPARGC1A,PRKAG1,0.927,functional_association,functional
PPARGC1A,LPL,0.797,functional_association,functional
PPARGC1A,NCOA2,0.738,functional_association,functional
PPARGC1A,BCL2,0.744,functional_association,functional
PPARGC1A,CYCS,0.746,functional_association,functional
PPARGC1A,AKT1,0.756,functional_association,functional
PPARGC1A,HIF1A,0.758,functional_association,functional
PPARGC1A,GCG,0.758,functional_association,functional
PPARGC1A,GSK3B,0.809,functional_association,functional
PPARGC1A,RXRA,0.913,functional_association,functional
PPARGC1A,MED1,0.83,functional_association,functional
PPARGC1A,CD36,0.843,functional_association,functional
PPARGC1A,SREBF1,0.862,functional_association,functional
PPARGC1A,SLC2A4,0.884,functional_association,functional
PPARGC1A,TP53,0.887,functional_association,functional
PPARGC1A,LEP,0.903,functional_association,functional
PPARGC1A,ABCB11,0.5,functional_association,functional
PPARGC1A,APP,0.493,functional_association,functional
PPARGC1A,HMGCS2,0.49,functional_association,functional
ICAM1,PXDNL,0.633,functional_association,functional
ICAM1,GPX8,0.501,functional_association,functional
ICAM1,GPX5,0.501,functional_association,functional
ICAM1,ABCA1,0.505,functional_association,functional
ICAM1,GPX3,0.511,functional_association,functional
ICAM1,PPARA,0.521,functional_association,functional
ICAM1,NR1H4,0.524,functional_association,functional
ICAM1,RHOA,0.541,functional_association,functional
ICAM1,ADRB2,0.543,functional_association,functional
ICAM1,REN,0.57,functional_association,functional
ICAM1,LEP,0.578,functional_association,functional
ICAM1,ACE,0.581,functional_association,functional
ICAM1,CXCL16,0.59,functional_association,functional
ICAM1,APP,0.595,functional_association,functional
ICAM1,ADIPOQ,0.597,functional_association,functional
ICAM1,OLR1,0.615,functional_association,functional
ICAM1,GPX6,0.501,functional_association,functional
ICAM1,GPX7,0.501,functional_association,functional
ICAM1,GPX2,0.5,functional_association,functional
ICAM1,MTOR,0.413,functional_association,functional
STAT3,FOXO1,0.964,functional_association,functional
STAT3,AKT1,0.966,functional_association,functional
STAT3,IL6,0.984,functional_association,functional
STAT3,HIF1A,0.994,functional_association,functional
STAT3,TP53,0.994,functional_association,functional
STAT3,JUN,0.995,functional_association,functional
ICAM1,GSK3B,0.417,functional_association,functional
ICAM1,GPT,0.492,functional_association,functional
ICAM1,ESR1,0.421,functional_association,functional
ICAM1,PFKFB3,0.434,functional_association,functional
ICAM1,HSPA5,0.448,functional_association,functional
ICAM1,ABCG1,0.45,functional_association,functional
ICAM1,VLDLR,0.466,functional_association,functional
ICAM1,HMGCR,0.475,functional_association,functional
ICAM1,BCL2,0.618,functional_association,functional
ICAM1,CASP3,0.635,functional_association,functional
PPARGC1A,PLIN2,0.469,functional_association,functional
ICAM1,PPARG,0.636,functional_association,functional
ICAM1,IL6,0.947,functional_association,functional
ICAM1,VCAM1,0.999,functional_association,functional
PPARGC1A,INSIG1,0.402,functional_association,functional
PPARGC1A,IGF1R,0.402,functional_association,functional
PPARGC1A,H6PD,0.403,functional_association,functional
PPARGC1A,ACE,0.404,functional_association,functional
PPARGC1A,HADHB,0.407,functional_association,functional
PPARGC1A,ADRB2,0.41,functional_association,functional
PPARGC1A,HSPA5,0.418,functional_association,functional
PPARGC1A,ELOVL6,0.418,functional_association,functional
PPARGC1A,REN,0.43,functional_association,functional
PPARGC1A,MTTP,0.44,functional_association,functional
PPARGC1A,ACSS1,0.451,functional_association,functional
PPARGC1A,PFKFB3,0.464,functional_association,functional
PPARGC1A,ABCA1,0.466,functional_association,functional
ICAM1,TNF,0.944,functional_association,functional
ICAM1,CAV1,0.934,functional_association,functional
ICAM1,CD209,0.894,functional_association,functional
ICAM1,ACTB,0.697,functional_association,functional
ICAM1,JUN,0.655,functional_association,functional
ICAM1,AGT,0.659,functional_association,functional
ICAM1,GAPDH,0.663,functional_association,functional
ICAM1,INS,0.668,functional_association,functional
ICAM1,CYCS,0.682,functional_association,functional
ICAM1,HIF1A,0.684,functional_association,functional
ICAM1,AKT1,0.704,functional_association,functional
ICAM1,PTGS2,0.835,functional_association,functional
ICAM1,ALB,0.709,functional_association,functional
ICAM1,NOS3,0.709,functional_association,functional
ICAM1,TP53,0.722,functional_association,functional
ICAM1,MMP9,0.791,functional_association,functional
ICAM1,CD36,0.806,functional_association,functional
ICAM1,SCARB2,0.811,functional_association,functional
PPARGC1A,ESR1,0.98,functional_association,functional
PPARGC1A,NR1H4,0.983,functional_association,functional
PPARGC1A,PPARG,0.999,functional_association,functional
MGLL,ACSL3,0.866,functional_association,functional
MGLL,SCD,0.437,functional_association,functional
MGLL,SREBF1,0.447,functional_association,functional
MGLL,INS,0.447,functional_association,functional
MGLL,ACOX1,0.478,functional_association,functional
MGLL,ACACA,0.48,functional_association,functional
MGLL,CD36,0.48,functional_association,functional
MGLL,SREBF2,0.508,functional_association,functional
MGLL,LIPA,0.544,functional_association,functional
MGLL,LSS,0.563,functional_association,functional
MGLL,PTGS2,0.563,functional_association,functional
MGLL,PLIN2,0.569,functional_association,functional
MGLL,FASN,0.577,functional_association,functional
MGLL,PPARG,0.599,functional_association,functional
MGLL,PPARA,0.607,functional_association,functional
MGLL,DGAT1,0.631,functional_association,functional
MGLL,GART,0.437,functional_association,functional
MGLL,GPX5,0.433,functional_association,functional
MGLL,ACLY,0.432,functional_association,functional
SCARB2,PPARG,0.862,functional_association,functional
SCARB2,ABCG1,0.809,functional_association,functional
SCARB2,DGAT1,0.811,functional_association,functional
SCARB2,LPL,0.812,functional_association,functional
SCARB2,ACSL1,0.826,functional_association,functional
SCARB2,ABCA1,0.83,functional_association,functional
SCARB2,OLR1,0.853,functional_association,functional
SCARB2,FABP1,0.864,functional_association,functional
MGLL,CPT1A,0.42,functional_association,functional
SCARB2,PPARA,0.909,functional_association,functional
SCARB2,CAV1,0.945,functional_association,functional
MGLL,LEP,0.4,functional_association,functional
MGLL,AUP1,0.401,functional_association,functional
MGLL,GAPDH,0.405,functional_association,functional
MGLL,HMGCR,0.415,functional_association,functional
MGLL,EPHX2,0.698,functional_association,functional
MGLL,ACSL4,0.868,functional_association,functional
SCARB2,VCAM1,0.771,functional_association,functional
MGLL,ACSL1,0.883,functional_association,functional
GPAM,NFYC,0.509,functional_association,functional
GPAM,SREBF2,0.514,functional_association,functional
GPAM,ACLY,0.516,functional_association,functional
GPAM,DHCR24,0.526,functional_association,functional
GPAM,MLXIPL,0.528,functional_association,functional
GPAM,INSIG1,0.529,functional_association,functional
GPAM,CD36,0.543,functional_association,functional
GPAM,CPT1A,0.551,functional_association,functional
GPAM,PPARD,0.553,functional_association,functional
GPAM,ACSL1,0.584,functional_association,functional
GPAM,LEP,0.585,functional_association,functional
GPAM,THRSP,0.586,functional_association,functional
GPAM,PNPLA2,0.589,functional_association,functional
GPAM,ELOVL5,0.601,functional_association,functional
GPAM,INS,0.602,functional_association,functional
GPAM,PLIN2,0.506,functional_association,functional
GPAM,LPL,0.501,functional_association,functional
GPAM,ANGPTL3,0.5,functional_association,functional
GPAM,MTTP,0.454,functional_association,functional
MGLL,CEL,0.925,functional_association,functional
MGLL,LIPC,0.934,functional_association,functional
MGLL,PNLIP,0.94,functional_association,functional
MGLL,LPL,0.967,functional_association,functional
MGLL,PNPLA2,0.979,functional_association,functional
GPAM,SPTLC3,0.429,functional_association,functional
GPAM,HMGCS1,0.457,functional_association,functional
GPAM,NFYA,0.499,functional_association,functional
GPAM,HMGCR,0.466,functional_association,functional
GPAM,ESR1,0.471,functional_association,functional
GPAM,ACSL3,0.477,functional_association,functional
GPAM,SOAT2,0.477,functional_association,functional
GPAM,ACOX1,0.486,functional_association,functional
GPAM,ACOX3,0.496,functional_association,functional
SCARB2,CPT1A,0.788,functional_association,functional
SCARB2,PPARD,0.763,functional_association,functional
PPARGC1A,FOXO1,0.999,functional_association,functional
SCARB2,IGF1R,0.53,functional_association,functional
SCARB2,SOAT1,0.46,functional_association,functional
SCARB2,CASP3,0.468,functional_association,functional
SCARB2,AGT,0.469,functional_association,functional
SCARB2,PTGS2,0.479,functional_association,functional
SCARB2,PXDNL,0.485,functional_association,functional
SCARB2,NR1H4,0.489,functional_association,functional
SCARB2,ACACB,0.489,functional_association,functional
SCARB2,ABCG5,0.494,functional_association,functional
SCARB2,CD209,0.494,functional_association,functional
SCARB2,GPAM,0.508,functional_association,functional
SCARB2,IRS1,0.515,functional_association,functional
SCARB2,CYP7A1,0.517,functional_association,functional
SCARB2,LIPA,0.522,functional_association,functional
SCARB2,FABP2,0.523,functional_association,functional
SCARB2,HIF1A,0.525,functional_association,functional
SCARB2,GCG,0.452,functional_association,functional
SCARB2,NPC2,0.451,functional_association,functional
SCARB2,JUN,0.448,functional_association,functional
SCARB2,ABCG8,0.421,functional_association,functional
PPARGC1A,PPARA,0.999,functional_association,functional
SCARB2,ELOVL6,0.4,functional_association,functional
SCARB2,LIPC,0.404,functional_association,functional
SCARB2,HADHB,0.405,functional_association,functional
SCARB2,MTOR,0.415,functional_association,functional
SCARB2,TP53,0.416,functional_association,functional
SCARB2,NPC1,0.426,functional_association,functional
SCARB2,LPIN1,0.448,functional_association,functional
SCARB2,FOXO1,0.427,functional_association,functional
SCARB2,NOS3,0.433,functional_association,functional
SCARB2,HMGCS2,0.433,functional_association,functional
SCARB2,MGLL,0.436,functional_association,functional
SCARB2,CXCL16,0.437,functional_association,functional
SCARB2,GPT,0.448,functional_association,functional
SCARB2,ACLY,0.53,functional_association,functional
SCARB2,SREBF2,0.533,functional_association,functional
SCARB2,ADIPOQ,0.757,functional_association,functional
SCARB2,MMP9,0.534,functional_association,functional
SCARB2,ACAA2,0.618,functional_association,functional
SCARB2,APP,0.647,functional_association,functional
SCARB2,ACACA,0.648,functional_association,functional
SCARB2,ACSL3,0.649,functional_association,functional
SCARB2,SCD,0.678,functional_association,functional
SCARB2,PLIN2,0.68,functional_association,functional
SCARB2,TNF,0.68,functional_association,functional
SCARB2,ACOX1,0.69,functional_association,functional
SCARB2,PNPLA2,0.694,functional_association,functional
SCARB2,SLC2A4,0.698,functional_association,functional
SCARB2,IL6,0.709,functional_association,functional
SCARB2,SREBF1,0.72,functional_association,functional
SCARB2,INS,0.722,functional_association,functional
SCARB2,FASN,0.725,functional_association,functional
SCARB2,PCSK9,0.734,functional_association,functional
SCARB2,LEP,0.612,functional_association,functional
SCARB2,ACTB,0.611,functional_association,functional
SCARB2,CPT2,0.605,functional_association,functional
SCARB2,LDLRAP1,0.566,functional_association,functional
SCARB2,MLXIPL,0.541,functional_association,functional
SCARB2,NPC1L1,0.546,functional_association,functional
SCARB2,MTTP,0.548,functional_association,functional
SCARB2,NR1H3,0.55,functional_association,functional
SCARB2,UCP2,0.564,functional_association,functional
SCARB2,ACOX3,0.564,functional_association,functional
SCARB2,REN,0.574,functional_association,functional
SCARB2,ACSL4,0.602,functional_association,functional
SCARB2,VLDLR,0.576,functional_association,functional
SCARB2,XPR1,0.58,functional_association,functional
SCARB2,HMGCR,0.586,functional_association,functional
SCARB2,AKT1,0.588,functional_association,functional
SCARB2,GAPDH,0.593,functional_association,functional
SCARB2,ALB,0.596,functional_association,functional
CYP11A1,CYP1A1,0.51,functional_association,functional
CYP11A1,REN,0.573,functional_association,functional
STAT3,TNF,0.939,functional_association,functional
PLIN2,FABP1,0.658,functional_association,functional
PLIN2,ABCA1,0.681,functional_association,functional
PLIN2,DGAT1,0.695,functional_association,functional
PLIN2,CD36,0.712,functional_association,functional
PLIN2,SREBF1,0.72,functional_association,functional
PLIN2,PPARG,0.727,functional_association,functional
PLIN2,ACSL1,0.758,functional_association,functional
PLIN2,PPARA,0.817,functional_association,functional
PLIN2,PNPLA2,0.854,functional_association,functional
SIGMAR1,LSS,0.416,functional_association,functional
SIGMAR1,MVD,0.454,functional_association,functional
SIGMAR1,HMGCR,0.459,functional_association,functional
SIGMAR1,AUP1,0.46,functional_association,functional
SIGMAR1,CYP2D6,0.471,functional_association,functional
SIGMAR1,FDFT1,0.475,functional_association,functional
SIGMAR1,VCP,0.522,functional_association,functional
PLIN2,FASN,0.661,functional_association,functional
PLIN2,SCD,0.619,functional_association,functional
IDI2,DHCR7,0.67,functional_association,functional
PLIN2,LPL,0.61,functional_association,functional
PLIN2,MTTP,0.485,functional_association,functional
PLIN2,SLC2A4,0.495,functional_association,functional
PLIN2,SREBF2,0.499,functional_association,functional
PLIN2,LEP,0.5,functional_association,functional
PLIN2,GAPDH,0.501,functional_association,functional
PLIN2,LPIN1,0.529,functional_association,functional
PLIN2,ACOX1,0.537,functional_association,functional
PLIN2,PRKAA2,0.557,functional_association,functional
PLIN2,INS,0.562,functional_association,functional
PLIN2,ACSL3,0.563,functional_association,functional
PLIN2,ADIPOQ,0.567,functional_association,functional
PLIN2,RXRA,0.574,functional_association,functional
PLIN2,PPARD,0.58,functional_association,functional
PLIN2,ACACA,0.588,functional_association,functional
PLIN2,ACTB,0.601,functional_association,functional
SIGMAR1,PPARG,0.527,functional_association,functional
SIGMAR1,APP,0.533,functional_association,functional
SIGMAR1,HMGCS2,0.562,functional_association,functional
SIGMAR1,COQ6,0.575,functional_association,functional
IDI2,WDR97,0.406,functional_association,functional
IDI2,LBR,0.427,functional_association,functional
IDI2,EBP,0.435,functional_association,functional
IDI2,ACAA2,0.446,functional_association,functional
IDI2,COQ6,0.496,functional_association,functional
IDI2,HMGA1,0.505,functional_association,functional
IDI2,FAXDC2,0.521,functional_association,functional
IDI2,KMO,0.531,functional_association,functional
IDI2,PDSS2,0.552,functional_association,functional
IDI2,TM7SF2,0.562,functional_association,functional
IDI2,CH25H,0.578,functional_association,functional
IDI2,DHCR24,0.578,functional_association,functional
IDI2,PDSS1,0.602,functional_association,functional
IDI2,FBXO40,0.607,functional_association,functional
IDI2,NSDHL,0.632,functional_association,functional
IDI2,NDUFAF6,0.404,functional_association,functional
SIGMAR1,HSPA5,0.992,functional_association,functional
SIGMAR1,DHCR7,0.891,functional_association,functional
SIGMAR1,CYP7B1,0.669,functional_association,functional
SIGMAR1,KMO,0.582,functional_association,functional
SIGMAR1,BCL2,0.603,functional_association,functional
SIGMAR1,HMGCS1,0.611,functional_association,functional
SIGMAR1,AKT1,0.626,functional_association,functional
SIGMAR1,CYP8B1,0.645,functional_association,functional
SIGMAR1,CYP7A1,0.651,functional_association,functional
SIGMAR1,EBP,0.677,functional_association,functional
SIGMAR1,FAXDC2,0.888,functional_association,functional
SIGMAR1,HSD3B7,0.744,functional_association,functional
SIGMAR1,HSD3B1,0.749,functional_association,functional
SIGMAR1,NSDHL,0.764,functional_association,functional
SIGMAR1,LBR,0.884,functional_association,functional
SIGMAR1,TM7SF2,0.886,functional_association,functional
SIGMAR1,CH25H,0.888,functional_association,functional
PLIN2,TBL1X,0.479,functional_association,functional
PLIN2,HELZ2,0.478,functional_association,functional
PLIN2,PRKAG1,0.475,functional_association,functional
STAR,HMGCR,0.432,functional_association,functional
CYP39A1,HMGCS1,0.584,functional_association,functional
CYP39A1,HSD3B1,0.587,functional_association,functional
CYP39A1,NSDHL,0.595,functional_association,functional
CYP39A1,TM7SF2,0.605,functional_association,functional
CYP39A1,DHCR7,0.61,functional_association,functional
CYP39A1,SIGMAR1,0.655,functional_association,functional
CYP39A1,FAXDC2,0.692,functional_association,functional
CYP39A1,FDFT1,0.702,functional_association,functional
CYP39A1,LSS,0.803,functional_association,functional
CYP39A1,NR1H4,0.808,functional_association,functional
CYP39A1,CH25H,0.841,functional_association,functional
CYP39A1,HSD3B7,0.978,functional_association,functional
STAR,ACTB,0.405,functional_association,functional
STAR,AGT,0.415,functional_association,functional
STAR,LEP,0.416,functional_association,functional
CYP39A1,HMGCR,0.573,functional_association,functional
CYP39A1,PPARA,0.566,functional_association,functional
CYP39A1,ABCG5,0.522,functional_association,functional
CYP39A1,IDI1,0.414,functional_association,functional
MARCHF6,RNF139,0.788,functional_association,functional
MARCHF6,SEL1L,0.894,functional_association,functional
MARCHF6,VCP,0.899,functional_association,functional
MARCHF6,AMFR,0.948,functional_association,functional
MARCHF6,SYVN1,0.975,functional_association,functional
MARCHF6,UBE2G2,0.996,functional_association,functional
CYP39A1,FASN,0.414,functional_association,functional
CYP39A1,LBR,0.519,functional_association,functional
CYP39A1,HMGCS2,0.437,functional_association,functional
CYP39A1,DHCR24,0.45,functional_association,functional
CYP39A1,CYP2D6,0.464,functional_association,functional
CYP39A1,CYP7A1,0.47,functional_association,functional
CYP39A1,ESR1,0.476,functional_association,functional
CYP39A1,ABCB11,0.508,functional_association,functional
STAR,CYB5A,0.426,functional_association,functional
STAR,INS,0.436,functional_association,functional
PLIN2,CPT2,0.473,functional_association,functional
STAR,STARD13,0.47,functional_association,functional
PLIN2,NCOA6,0.434,functional_association,functional
PLIN2,PRKAG3,0.435,functional_association,functional
PLIN2,CARM1,0.436,functional_association,functional
PLIN2,CHD9,0.436,functional_association,functional
PLIN2,HMGCR,0.438,functional_association,functional
PLIN2,TBL1XR1,0.439,functional_association,functional
PLIN2,PRKAB1,0.448,functional_association,functional
PLIN2,PRKAG2,0.449,functional_association,functional
PLIN2,CYP3A4,0.457,functional_association,functional
PLIN2,MED1,0.457,functional_association,functional
PLIN2,ELOVL6,0.459,functional_association,functional
PLIN2,NCOA1,0.466,functional_association,functional
PLIN2,AUP1,0.466,functional_association,functional
PLIN2,NCOA2,0.467,functional_association,functional
PLIN2,LIPA,0.472,functional_association,functional
PLIN2,MLXIPL,0.43,functional_association,functional
PLIN2,ALB,0.428,functional_association,functional
PLIN2,AKT1,0.421,functional_association,functional
STAR,SREBF1,0.716,functional_association,functional
STAR,PTGS2,0.512,functional_association,functional
STAR,HSD11B1,0.527,functional_association,functional
STAR,ESR1,0.541,functional_association,functional
STAR,NR1H3,0.65,functional_association,functional
STAR,NPC2,0.672,functional_association,functional
STAR,STARD4,0.687,functional_association,functional
STAR,SIGMAR1,0.72,functional_association,functional
PLIN2,HMGCS2,0.407,functional_association,functional
STAR,DHRS11,0.738,functional_association,functional
STAR,SCP2,0.767,functional_association,functional
STAR,CYP19A1,0.878,functional_association,functional
STAR,HSD3B1,0.903,functional_association,functional
STAR,CYP17A1,0.95,functional_association,functional
PLIN2,IL6,0.403,functional_association,functional
IDI2,RUSC1,0.646,functional_association,functional
IDI2,MTHFR,0.709,functional_association,functional
CYP11A1,ESR1,0.583,functional_association,functional
THRSP,ELOVL6,0.761,functional_association,functional
THRSP,FASN,0.852,functional_association,functional
GGPS1,PGGT1B,0.432,functional_association,functional
GGPS1,EBP,0.456,functional_association,functional
GGPS1,HAO2,0.468,functional_association,functional
GGPS1,HAO1,0.477,functional_association,functional
GGPS1,DHCR24,0.489,functional_association,functional
GGPS1,ACAA2,0.53,functional_association,functional
GGPS1,NFYA,0.55,functional_association,functional
GGPS1,WDR97,0.561,functional_association,functional
GGPS1,COASY,0.564,functional_association,functional
GGPS1,NDUFAF6,0.565,functional_association,functional
GGPS1,DHCR7,0.592,functional_association,functional
GGPS1,FBXO40,0.612,functional_association,functional
GGPS1,RUSC1,0.615,functional_association,functional
GGPS1,SERPINA3,0.621,functional_association,functional
THRSP,ACACA,0.784,functional_association,functional
THRSP,ACLY,0.7,functional_association,functional
IDI2,ACAT2,0.711,functional_association,functional
THRSP,ACACB,0.67,functional_association,functional
THRSP,FDPS,0.453,functional_association,functional
THRSP,HMGCS1,0.462,functional_association,functional
THRSP,PPARG,0.462,functional_association,functional
THRSP,PKLR,0.464,functional_association,functional
THRSP,MLXIPL,0.466,functional_association,functional
THRSP,AACS,0.472,functional_association,functional
THRSP,PLTP,0.476,functional_association,functional
THRSP,LPIN1,0.485,functional_association,functional
THRSP,INSIG1,0.485,functional_association,functional
THRSP,HMGCR,0.53,functional_association,functional
THRSP,NR1H4,0.534,functional_association,functional
THRSP,DHCR7,0.556,functional_association,functional
THRSP,ADIPOQ,0.581,functional_association,functional
THRSP,SREBF1,0.59,functional_association,functional
THRSP,SCD,0.598,functional_association,functional
GGPS1,NSDHL,0.646,functional_association,functional
GGPS1,UBIAD1,0.676,functional_association,functional
GGPS1,SREBF1,0.703,functional_association,functional
GGPS1,ACAT2,0.703,functional_association,functional
APP,IGF1R,0.406,functional_association,functional
APP,CYP2C8,0.407,functional_association,functional
APP,LEP,0.416,functional_association,functional
APP,LDLRAP1,0.421,functional_association,functional
APP,HMGCR,0.431,functional_association,functional
APP,ESR1,0.435,functional_association,functional
APP,GPX3,0.449,functional_association,functional
APP,GPX5,0.449,functional_association,functional
APP,GPX2,0.449,functional_association,functional
APP,GPX6,0.449,functional_association,functional
APP,GPX7,0.45,functional_association,functional
APP,GPX8,0.45,functional_association,functional
APP,RHOA,0.458,functional_association,functional
APP,IRS1,0.47,functional_association,functional
APP,SOAT1,0.481,functional_association,functional
GGPS1,FDPS,0.996,functional_association,functional
GGPS1,MVD,0.992,functional_association,functional
GGPS1,IDI1,0.987,functional_association,functional
GGPS1,LSS,0.837,functional_association,functional
GGPS1,NFYC,0.719,functional_association,functional
GGPS1,COQ2,0.73,functional_association,functional
GGPS1,HMGA1,0.773,functional_association,functional
GGPS1,PMVK,0.777,functional_association,functional
GGPS1,SREBF2,0.78,functional_association,functional
GGPS1,HMGCS2,0.795,functional_association,functional
GGPS1,HMGCS1,0.846,functional_association,functional
GGPS1,FDFT1,0.986,functional_association,functional
GGPS1,HMGCR,0.886,functional_association,functional
GGPS1,PDSS2,0.95,functional_association,functional
GGPS1,NUS1,0.952,functional_association,functional
GGPS1,PDSS1,0.961,functional_association,functional
GGPS1,FNTA,0.962,functional_association,functional
GGPS1,DHDDS,0.967,functional_association,functional
THRSP,CD36,0.413,functional_association,functional
THRSP,LEP,0.405,functional_association,functional
THRSP,ELOVL5,0.4,functional_association,functional
FADS2,SREBF1,0.662,functional_association,functional
FADS2,ACSL1,0.443,functional_association,functional
FADS2,HMGCS1,0.445,functional_association,functional
FADS2,ACOX3,0.456,functional_association,functional
FADS2,FDFT1,0.465,functional_association,functional
FADS2,HMGCR,0.467,functional_association,functional
FADS2,SREBF2,0.479,functional_association,functional
FADS2,ACACA,0.504,functional_association,functional
FADS2,INS,0.509,functional_association,functional
FADS2,ACLY,0.514,functional_association,functional
FADS2,DGAT1,0.515,functional_association,functional
FADS2,DHCR7,0.516,functional_association,functional
FADS2,ACOX1,0.521,functional_association,functional
FADS2,PPARA,0.532,functional_association,functional
FADS2,FAXDC2,0.544,functional_association,functional
FADS2,CH25H,0.544,functional_association,functional
FADS2,ACSL4,0.441,functional_association,functional
FADS2,ACAT2,0.438,functional_association,functional
FADS2,ACSL3,0.437,functional_association,functional
IDI2,PMVK,0.822,functional_association,functional
IDI2,NUS1,0.72,functional_association,functional
IDI2,DHDDS,0.738,functional_association,functional
IDI2,HMGCS2,0.784,functional_association,functional
IDI2,FDFT1,0.796,functional_association,functional
IDI2,UBIAD1,0.81,functional_association,functional
IDI2,HMGCR,0.816,functional_association,functional
IDI2,COQ2,0.888,functional_association,functional
FADS2,PPARG,0.424,functional_association,functional
IDI2,HMGCS1,0.899,functional_association,functional
IDI2,IDI1,0.904,functional_association,functional
IDI2,LSS,0.953,functional_association,functional
IDI2,GGPS1,0.986,functional_association,functional
IDI2,FDPS,0.988,functional_association,functional
IDI2,MVD,0.997,functional_association,functional
FADS2,SCD5,0.606,functional_association,functional
FADS2,ELOVL6,0.703,functional_association,functional
TM7SF2,EBP,0.991,functional_association,functional
FADS2,FASN,0.712,functional_association,functional
TM7SF2,HMGCR,0.656,functional_association,functional
TM7SF2,HSD3B7,0.665,functional_association,functional
TM7SF2,IDI1,0.681,functional_association,functional
TM7SF2,FDPS,0.687,functional_association,functional
TM7SF2,PMVK,0.69,functional_association,functional
TM7SF2,CH25H,0.692,functional_association,functional
TM7SF2,SREBF2,0.718,functional_association,functional
TM7SF2,MVD,0.727,functional_association,functional
TM7SF2,FAXDC2,0.755,functional_association,functional
TM7SF2,HMGCS1,0.762,functional_association,functional
TM7SF2,FDFT1,0.766,functional_association,functional
TM7SF2,LSS,0.779,functional_association,functional
TM7SF2,NSDHL,0.869,functional_association,functional
TM7SF2,LBR,0.906,functional_association,functional
TM7SF2,DHCR24,0.976,functional_association,functional
TM7SF2,CYP7B1,0.654,functional_association,functional
TM7SF2,SREBF1,0.642,functional_association,functional
TM7SF2,CYP7A1,0.635,functional_association,functional
TM7SF2,AACS,0.457,functional_association,functional
FADS2,ELOVL5,0.84,functional_association,functional
FADS2,SCD,0.971,functional_association,functional
TM7SF2,DHCR7,0.402,functional_association,functional
TM7SF2,INSIG1,0.414,functional_association,functional
TM7SF2,KMO,0.417,functional_association,functional
TM7SF2,COQ6,0.432,functional_association,functional
TM7SF2,CYP2D6,0.469,functional_association,functional
TM7SF2,HSD3B1,0.62,functional_association,functional
TM7SF2,NFYA,0.499,functional_association,functional
TM7SF2,ACAT2,0.514,functional_association,functional
TM7SF2,NFYC,0.52,functional_association,functional
TM7SF2,GGPS1,0.581,functional_association,functional
TM7SF2,HMGCS2,0.589,functional_association,functional
TM7SF2,CYP8B1,0.599,functional_association,functional
MARCHF6,RNF145,0.73,functional_association,functional
MARCHF6,AUP1,0.711,functional_association,functional
MARCHF6,HMGCR,0.629,functional_association,functional
TP53,ACACA,0.432,functional_association,functional
TP53,PCSK9,0.433,functional_association,functional
TP53,CYP3A4,0.437,functional_association,functional
TP53,ADIPOQ,0.444,functional_association,functional
TP53,NCOA4,0.444,functional_association,functional
TP53,TBL1X,0.474,functional_association,functional
TP53,HMGCR,0.479,functional_association,functional
TP53,SLC2A4,0.482,functional_association,functional
TP53,TRIB1,0.495,functional_association,functional
TP53,MORC3,0.501,functional_association,functional
TP53,ACLY,0.502,functional_association,functional
TP53,VCAM1,0.503,functional_association,functional
TP53,NOS3,0.506,functional_association,functional
TP53,GPT,0.507,functional_association,functional
TP53,ADRB2,0.532,functional_association,functional
TP53,FASN,0.533,functional_association,functional
TP53,ZMPSTE24,0.432,functional_association,functional
TP53,ACE,0.426,functional_association,functional
MARCHF6,INSIG1,0.435,functional_association,functional
TP53,CD36,0.421,functional_association,functional
NPC1,UGCG,0.584,functional_association,functional
NPC1,CYP7A1,0.637,functional_association,functional
NPC1,LIPA,0.677,functional_association,functional
NPC1,STAR,0.686,functional_association,functional
NPC1,HMGCR,0.789,functional_association,functional
NPC1,ABCG1,0.796,functional_association,functional
NPC1,ABCA1,0.816,functional_association,functional
NPC1,SREBF1,0.858,functional_association,functional
NPC1,SREBF2,0.93,functional_association,functional
NPC1,NPC2,0.999,functional_association,functional
TP53,PPARD,0.4,functional_association,functional
TP53,UCP2,0.411,functional_association,functional
TP53,PFKFB3,0.418,functional_association,functional
TP53,GCG,0.419,functional_association,functional
TP53,MTHFR,0.42,functional_association,functional
TP53,PRKAG3,0.534,functional_association,functional
TP53,PPARA,0.541,functional_association,functional
TP53,MTUS2,0.542,functional_association,functional
TP53,LEP,0.545,functional_association,functional
TP53,NCOA2,0.671,functional_association,functional
TP53,SYVN1,0.69,functional_association,functional
TP53,CYP1A1,0.697,functional_association,functional
TP53,IRS1,0.702,functional_association,functional
TP53,DHCR24,0.706,functional_association,functional
TP53,VCP,0.709,functional_association,functional
TP53,NFYC,0.711,functional_association,functional
TP53,APP,0.714,functional_association,functional
TP53,HMGA1,0.72,functional_association,functional
TP53,ALB,0.722,functional_association,functional
TP53,GPX4,0.73,functional_association,functional
TP53,PRKAA1,0.764,functional_association,functional
TP53,IL6,0.777,functional_association,functional
TP53,NCOA6,0.782,functional_association,functional
TP53,DHFR,0.785,functional_association,functional
TP53,PRKAB1,0.664,functional_association,functional
TP53,RHOA,0.662,functional_association,functional
TP53,PRKAA2,0.645,functional_association,functional
TP53,GPX6,0.603,functional_association,functional
TP53,ACSL4,0.55,functional_association,functional
TP53,INSIG1,0.566,functional_association,functional
TP53,PRKAG1,0.569,functional_association,functional
TP53,PRKAG2,0.574,functional_association,functional
TP53,CAV1,0.574,functional_association,functional
TP53,CYP19A1,0.574,functional_association,functional
TP53,GPX5,0.603,functional_association,functional
TP53,LDHA,0.621,functional_association,functional
TP53,AGT,0.605,functional_association,functional
TP53,GPX7,0.606,functional_association,functional
TP53,GPX3,0.609,functional_association,functional
TP53,ABCG2,0.615,functional_association,functional
TP53,ABCB1,0.617,functional_association,functional
TP53,GPX8,0.618,functional_association,functional
NPC1,INSIG1,0.539,functional_association,functional
NPC1,CAV1,0.535,functional_association,functional
NPC1,SOAT1,0.52,functional_association,functional
G6PC3,GSK3B,0.44,functional_association,functional
G6PC3,NOS3,0.418,functional_association,functional
G6PC3,ACOX3,0.421,functional_association,functional
G6PC3,IL6,0.423,functional_association,functional
G6PC3,CD36,0.423,functional_association,functional
G6PC3,HMGCR,0.424,functional_association,functional
G6PC3,SCD,0.429,functional_association,functional
G6PC3,GPX3,0.43,functional_association,functional
G6PC3,GPX2,0.431,functional_association,functional
G6PC3,GPX7,0.433,functional_association,functional
G6PC3,LPL,0.434,functional_association,functional
G6PC3,GPX6,0.435,functional_association,functional
G6PC3,GPX5,0.435,functional_association,functional
G6PC3,GPX8,0.435,functional_association,functional
G6PC3,UCP2,0.435,functional_association,functional
G6PC3,GAPDH,0.436,functional_association,functional
G6PC3,ACLY,0.411,functional_association,functional
G6PC3,PNPLA2,0.401,functional_association,functional
CYP11A1,HSD3B1,0.997,functional_association,functional
CYP11A1,CEL,0.827,functional_association,functional
CYP11A1,CYB5A,0.584,functional_association,functional
CYP11A1,CYP19A1,0.601,functional_association,functional
CYP11A1,SCP2,0.641,functional_association,functional
CYP11A1,HSD11B1,0.655,functional_association,functional
CYP11A1,CYB5B,0.719,functional_association,functional
CYP11A1,DHRS11,0.765,functional_association,functional
CYP11A1,LIPA,0.833,functional_association,functional
CYP11A1,STAR,0.979,functional_association,functional
CYP11A1,SOAT2,0.843,functional_association,functional
CYP11A1,SOAT1,0.853,functional_association,functional
CYP11A1,DHCR24,0.877,functional_association,functional
CYP11A1,DHCR7,0.904,functional_association,functional
CYP11A1,CYP7B1,0.948,functional_association,functional
CYP11A1,CYP17A1,0.965,functional_association,functional
G6PC3,MTTP,0.437,functional_association,functional
G6PC3,CYP7A1,0.44,functional_association,functional
NPC1,NR1H4,0.503,functional_association,functional
G6PC3,PRKAA1,0.466,functional_association,functional
G6PC3,GCG,0.808,functional_association,functional
G6PC3,INS,0.868,functional_association,functional
G6PC3,G6PC2,0.913,functional_association,functional
G6PC3,G6PD,0.943,functional_association,functional
G6PC3,HK1,0.943,functional_association,functional
G6PC3,H6PD,0.945,functional_association,functional
NPC1,SOAT2,0.401,functional_association,functional
NPC1,UCP2,0.403,functional_association,functional
NPC1,ABCG8,0.441,functional_association,functional
NPC1,APP,0.447,functional_association,functional
NPC1,DHCR7,0.46,functional_association,functional
NPC1,ABCB11,0.464,functional_association,functional
NPC1,ABCG5,0.479,functional_association,functional
NPC1,XPR1,0.482,functional_association,functional
NPC1,STARD4,0.491,functional_association,functional
G6PC3,PPARG,0.709,functional_association,functional
G6PC3,FOXO1,0.702,functional_association,functional
G6PC3,SLC2A4,0.699,functional_association,functional
G6PC3,LEP,0.547,functional_association,functional
G6PC3,NR1H4,0.476,functional_association,functional
G6PC3,ACOX1,0.478,functional_association,functional
G6PC3,ALB,0.485,functional_association,functional
G6PC3,ACACA,0.494,functional_association,functional
G6PC3,GPT,0.507,functional_association,functional
G6PC3,FASN,0.525,functional_association,functional
G6PC3,MGAM,0.55,functional_association,functional
G6PC3,SREBF1,0.672,functional_association,functional
G6PC3,ADIPOQ,0.558,functional_association,functional
G6PC3,PKLR,0.558,functional_association,functional
G6PC3,MLXIPL,0.591,functional_association,functional
G6PC3,PPARA,0.607,functional_association,functional
G6PC3,IRS1,0.629,functional_association,functional
G6PC3,AKT1,0.635,functional_association,functional
TP53,FOXM1,0.79,functional_association,functional
TP53,SREBF1,0.801,functional_association,functional
TP53,GPX2,0.802,functional_association,functional
ABCG8,MTTP,0.624,functional_association,functional
ABCG8,ABCA1,0.468,functional_association,functional
ABCG8,DHCR7,0.469,functional_association,functional
ABCG8,ACACA,0.47,functional_association,functional
ABCG8,FASN,0.477,functional_association,functional
ABCG8,RXRA,0.493,functional_association,functional
ABCG8,ABCB11,0.521,functional_association,functional
ABCG8,LIPC,0.531,functional_association,functional
ABCG8,FABP1,0.536,functional_association,functional
ABCG8,FOXO1,0.536,functional_association,functional
ABCG8,PPARA,0.537,functional_association,functional
ABCG8,PLTP,0.548,functional_association,functional
ABCG8,HMGCS1,0.574,functional_association,functional
ABCG8,SOAT2,0.584,functional_association,functional
ABCG8,SCD,0.597,functional_association,functional
ABCG8,APOA5,0.608,functional_association,functional
ABCG8,ANGPTL3,0.466,functional_association,functional
ABCG8,ABCC2,0.442,functional_association,functional
ABCG8,CD36,0.439,functional_association,functional
REN,ALB,0.83,functional_association,functional
REN,GCG,0.66,functional_association,functional
REN,LEP,0.702,functional_association,functional
REN,TNF,0.703,functional_association,functional
REN,NOS3,0.724,functional_association,functional
REN,IL6,0.735,functional_association,functional
REN,INS,0.821,functional_association,functional
REN,ACE,0.987,functional_association,functional
ABCG8,CYP39A1,0.435,functional_association,functional
REN,AGT,0.999,functional_association,functional
ABCG8,LIPA,0.408,functional_association,functional
ABCG8,SLCO1A2,0.423,functional_association,functional
ABCG8,EPHX2,0.424,functional_association,functional
ABCG8,HMGCS2,0.424,functional_association,functional
ABCG8,LPL,0.432,functional_association,functional
ABCG8,MYLIP,0.618,functional_association,functional
ABCG8,LDLRAP1,0.674,functional_association,functional
REN,PPARG,0.608,functional_association,functional
ABCG8,PCSK9,0.675,functional_association,functional
FABP2,INS,0.493,functional_association,functional
FABP2,IL6,0.513,functional_association,functional
FABP2,ACOX3,0.518,functional_association,functional
FABP2,ELOVL5,0.542,functional_association,functional
FABP2,ACOX1,0.547,functional_association,functional
FABP2,AMFR,0.55,functional_association,functional
FABP2,HMGCR,0.569,functional_association,functional
FABP2,CD36,0.574,functional_association,functional
FABP2,PPARA,0.58,functional_association,functional
FABP2,MTTP,0.582,functional_association,functional
FABP2,DGAT1,0.593,functional_association,functional
FABP2,INSIG1,0.598,functional_association,functional
FABP2,PPARG,0.629,functional_association,functional
FABP2,MLXIPL,0.651,functional_association,functional
FABP2,FABP1,0.965,functional_association,functional
FABP2,HMGCS2,0.488,functional_association,functional
FABP2,TNF,0.455,functional_association,functional
FABP2,HMGCL,0.447,functional_association,functional
ABCG8,NPC1L1,0.894,functional_association,functional
ABCG8,CYP8B1,0.677,functional_association,functional
ABCG8,SREBF1,0.776,functional_association,functional
ABCG8,HMGCR,0.794,functional_association,functional
ABCG8,CYP7B1,0.812,functional_association,functional
ABCG8,NR1H4,0.858,functional_association,functional
ABCG8,CYP7A1,0.884,functional_association,functional
ABCG8,XPR1,0.902,functional_association,functional
FABP2,ABCG5,0.434,functional_association,functional
ABCG8,NR1H3,0.903,functional_association,functional
ABCG8,SREBF2,0.914,functional_association,functional
ABCG8,ABCG5,0.999,functional_association,functional
FABP2,NPC1L1,0.407,functional_association,functional
FABP2,LPL,0.411,functional_association,functional
FABP2,APOA5,0.416,functional_association,functional
REN,ADIPOQ,0.659,functional_association,functional
REN,AKT1,0.595,functional_association,functional
TP53,PXDNL,0.821,functional_association,functional
CELSR2,ABCG8,0.555,functional_association,functional
TP53,CASP3,0.956,functional_association,functional
TP53,CDK5,0.967,functional_association,functional
TP53,STK11,0.97,functional_association,functional
TP53,PTGS2,0.974,functional_association,functional
TP53,SREBF2,0.978,functional_association,functional
TP53,G6PD,0.986,functional_association,functional
TP53,GSK3B,0.992,functional_association,functional
TP53,ESR1,0.992,functional_association,functional
TP53,AKT1,0.994,functional_association,functional
TP53,JUN,0.997,functional_association,functional
TP53,HIF1A,0.999,functional_association,functional
TP53,BCL2,0.999,functional_association,functional
CELSR2,ANGPTL3,0.437,functional_association,functional
CELSR2,TRIB1,0.479,functional_association,functional
CELSR2,LIPC,0.48,functional_association,functional
TP53,PPARG,0.949,functional_association,functional
TP53,CARM1,0.93,functional_association,functional
TP53,CYCS,0.911,functional_association,functional
TP53,NFYA,0.865,functional_association,functional
TP53,HSPA5,0.824,functional_association,functional
TP53,NCOA1,0.826,functional_association,functional
TP53,MMP9,0.838,functional_association,functional
TP53,TOP2A,0.843,functional_association,functional
TP53,IGF1R,0.853,functional_association,functional
TP53,TNF,0.865,functional_association,functional
TP53,MTOR,0.874,functional_association,functional
TP53,MED1,0.906,functional_association,functional
TP53,ACTB,0.879,functional_association,functional
TP53,INS,0.879,functional_association,functional
TP53,H6PD,0.879,functional_association,functional
TP53,FOXO1,0.886,functional_association,functional
TP53,GAPDH,0.886,functional_association,functional
TP53,TERT,0.902,functional_association,functional
CELSR2,ABCA1,0.546,functional_association,functional
CELSR2,APOA5,0.57,functional_association,functional
REN,GPT,0.587,functional_association,functional
CELSR2,HMGCR,0.602,functional_association,functional
REN,GPX7,0.476,functional_association,functional
REN,FABP1,0.477,functional_association,functional
REN,GPX5,0.479,functional_association,functional
REN,PPARA,0.481,functional_association,functional
REN,SLC2A4,0.497,functional_association,functional
REN,ADRB2,0.507,functional_association,functional
REN,ACTB,0.513,functional_association,functional
REN,HSD3B1,0.52,functional_association,functional
REN,PXDNL,0.531,functional_association,functional
REN,HMGCR,0.548,functional_association,functional
REN,GAPDH,0.55,functional_association,functional
REN,MMP9,0.558,functional_association,functional
REN,CD36,0.57,functional_association,functional
REN,VCAM1,0.581,functional_association,functional
REN,PTGS2,0.583,functional_association,functional
REN,JUN,0.476,functional_association,functional
REN,GPX8,0.476,functional_association,functional
REN,GPX3,0.475,functional_association,functional
REN,RHOA,0.443,functional_association,functional
CELSR2,PCSK9,0.799,functional_association,functional
CELSR2,PSRC1,0.986,functional_association,functional
REN,MGAM,0.41,functional_association,functional
REN,CYCS,0.414,functional_association,functional
REN,ESR1,0.434,functional_association,functional
REN,BCL2,0.44,functional_association,functional
REN,IRS1,0.449,functional_association,functional
REN,CASP3,0.474,functional_association,functional
REN,HIF1A,0.462,functional_association,functional
REN,MTOR,0.466,functional_association,functional
REN,CYP17A1,0.467,functional_association,functional
REN,CYP3A4,0.468,functional_association,functional
REN,GPX2,0.473,functional_association,functional
REN,GPX6,0.473,functional_association,functional
STAT3,BCL2,0.959,functional_association,functional
STAT3,LEP,0.933,functional_association,functional
FABP4,LPIN1,0.461,functional_association,functional
MSMO1,CYP46A1,0.542,functional_association,functional
MSMO1,FASN,0.577,functional_association,functional
MSMO1,STARD4,0.608,functional_association,functional
MSMO1,PMVK,0.61,functional_association,functional
MSMO1,SCD,0.613,functional_association,functional
MSMO1,FADS2,0.631,functional_association,functional
MSMO1,FADS1,0.67,functional_association,functional
MSMO1,SREBF1,0.696,functional_association,functional
MSMO1,HSD3B1,0.716,functional_association,functional
MSMO1,EBP,0.74,functional_association,functional
MSMO1,IDI2,0.741,functional_association,functional
MSMO1,CYP39A1,0.749,functional_association,functional
MSMO1,CYP8B1,0.752,functional_association,functional
MSMO1,MVD,0.752,functional_association,functional
MSMO1,HMGCS2,0.762,functional_association,functional
MSMO1,CYP7B1,0.765,functional_association,functional
MSMO1,CYB5A,0.549,functional_association,functional
MSMO1,GGPS1,0.533,functional_association,functional
SCARB1,CASP3,0.459,functional_association,functional
MSMO1,WDR97,0.479,functional_association,functional
MSMO1,ABCG1,0.404,functional_association,functional
MSMO1,CYP11A1,0.405,functional_association,functional
MSMO1,SOAT2,0.412,functional_association,functional
MSMO1,ELOVL5,0.418,functional_association,functional
MSMO1,ACAT1,0.428,functional_association,functional
MSMO1,ABCA1,0.433,functional_association,functional
MSMO1,POR,0.446,functional_association,functional
MSMO1,SCAP,0.449,functional_association,functional
MSMO1,ACACA,0.45,functional_association,functional
MSMO1,ELOVL6,0.451,functional_association,functional
MSMO1,COQ6,0.462,functional_association,functional
MSMO1,KMO,0.464,functional_association,functional
MSMO1,SOAT1,0.47,functional_association,functional
MSMO1,CYB5B,0.471,functional_association,functional
MSMO1,NDUFAF6,0.479,functional_association,functional
MSMO1,SREBF2,0.772,functional_association,functional
MSMO1,CYP7A1,0.777,functional_association,functional
MSMO1,INSIG1,0.779,functional_association,functional
MSMO1,HSD3B7,0.784,functional_association,functional
SCARB1,G6PC3,0.414,functional_association,functional
SCARB1,ACE,0.414,functional_association,functional
SCARB1,ABCB4,0.416,functional_association,functional
SCARB1,BCL2,0.42,functional_association,functional
SCARB1,ELOVL6,0.42,functional_association,functional
SCARB1,NPC2,0.426,functional_association,functional
SCARB1,MTOR,0.429,functional_association,functional
SCARB1,HSD11B1,0.43,functional_association,functional
SCARB1,MGLL,0.432,functional_association,functional
SCARB1,TP53,0.439,functional_association,functional
SCARB1,RHOA,0.44,functional_association,functional
SCARB1,INSIG1,0.442,functional_association,functional
SCARB1,FOXO1,0.447,functional_association,functional
SCARB1,CYP8B1,0.449,functional_association,functional
SCARB1,LPIN1,0.45,functional_association,functional
SCARB1,CYP7B1,0.411,functional_association,functional
SCARB1,HADHB,0.41,functional_association,functional
SCARB1,DHRS11,0.4,functional_association,functional
MSMO1,LSS,0.958,functional_association,functional
MSMO1,FDPS,0.787,functional_association,functional
MSMO1,ACAT2,0.803,functional_association,functional
MSMO1,SIGMAR1,0.893,functional_association,functional
MSMO1,HMGCR,0.902,functional_association,functional
MSMO1,DHCR7,0.925,functional_association,functional
MSMO1,IDI1,0.926,functional_association,functional
MSMO1,HMGCS1,0.964,functional_association,functional
MSMO1,NSDHL,0.997,functional_association,functional
MSMO1,LBR,0.976,functional_association,functional
MSMO1,DHCR24,0.987,functional_association,functional
MSMO1,TM7SF2,0.987,functional_association,functional
MSMO1,SC5D,0.991,functional_association,functional
MSMO1,FDFT1,0.991,functional_association,functional
MSMO1,SQLE,0.992,functional_association,functional
LIPG,PNPLA2,0.928,functional_association,functional
LIPG,MGLL,0.926,functional_association,functional
LIPG,PNLIP,0.921,functional_association,functional
PPIG,STIP1,0.759,functional_association,functional
PPIG,GAPDH,0.545,functional_association,functional
PPIG,SLCO2B1,0.55,functional_association,functional
PPIG,CYP7A1,0.587,functional_association,functional
PPIG,CYP11A1,0.588,functional_association,functional
PPIG,G6PD,0.59,functional_association,functional
PPIG,ABCB11,0.595,functional_association,functional
PPIG,H6PD,0.599,functional_association,functional
PPIG,ABCC2,0.626,functional_association,functional
PPIG,SLCO1A2,0.629,functional_association,functional
PPIG,GPT,0.638,functional_association,functional
PPIG,ALB,0.661,functional_association,functional
PPIG,ABCG2,0.693,functional_association,functional
PPIG,ATP4A,0.701,functional_association,functional
PPIG,EPHX2,0.732,functional_association,functional
PPIG,HMGCR,0.739,functional_association,functional
PPIG,ESR1,0.542,functional_association,functional
PPIG,CYP8B1,0.521,functional_association,functional
PPIG,INS,0.515,functional_association,functional
PPIG,GPX7,0.47,functional_association,functional
PPIG,GPX8,0.46,functional_association,functional
PPIG,GPX6,0.46,functional_association,functional
PPIG,GPX5,0.461,functional_association,functional
PPIG,ADRB2,0.466,functional_association,functional
PPIG,ACTB,0.468,functional_association,functional
PPIG,ACE,0.47,functional_association,functional
PPIG,AKT1,0.471,functional_association,functional
PPIG,IL6,0.515,functional_association,functional
PPIG,HSPA5,0.472,functional_association,functional
PPIG,GPX2,0.472,functional_association,functional
PPIG,CYP46A1,0.482,functional_association,functional
PPIG,TNF,0.488,functional_association,functional
PPIG,NR1H4,0.506,functional_association,functional
PPIG,PPARA,0.507,functional_association,functional
PPIG,CYP19A1,0.757,functional_association,functional
PPIG,CYP17A1,0.767,functional_association,functional
LIPG,CEL,0.917,functional_association,functional
PPIG,ABCB1,0.809,functional_association,functional
LIPG,ABCG1,0.527,functional_association,functional
LIPG,SCARB1,0.577,functional_association,functional
LIPG,PCSK9,0.589,functional_association,functional
LIPG,ABCA1,0.638,functional_association,functional
LIPG,APOA5,0.641,functional_association,functional
LIPG,ACSL4,0.66,functional_association,functional
LIPG,PLTP,0.673,functional_association,functional
LIPG,ACSL3,0.68,functional_association,functional
LIPG,LCAT,0.692,functional_association,functional
LIPG,ACSL1,0.7,functional_association,functional
LIPG,DGAT1,0.728,functional_association,functional
LIPG,LPIN1,0.749,functional_association,functional
LIPG,ANGPTL3,0.777,functional_association,functional
LIPG,LPL,0.907,functional_association,functional
LIPG,LIPC,0.91,functional_association,functional
LIPG,TRIB1,0.477,functional_association,functional
LIPG,LIPA,0.46,functional_association,functional
LIPG,TNF,0.456,functional_association,functional
PPIG,CYP2D6,0.962,functional_association,functional
PPIG,CYB5A,0.885,functional_association,functional
PPIG,CYB5B,0.886,functional_association,functional
PPIG,CYP1A1,0.934,functional_association,functional
PPIG,POR,0.944,functional_association,functional
PPIG,CYP2C8,0.957,functional_association,functional
PPIG,CYP2C19,0.958,functional_association,functional
PPIG,CYP3A4,0.973,functional_association,functional
LIPG,ACOX3,0.453,functional_association,functional
LIPG,ABCG5,0.426,functional_association,functional
LIPG,SPTLC3,0.429,functional_association,functional
LIPG,LEP,0.434,functional_association,functional
LIPG,ABCG8,0.439,functional_association,functional
LIPG,DHCR24,0.448,functional_association,functional
LIPG,HMGCR,0.453,functional_association,functional
SCARB1,APOA5,0.456,functional_association,functional
SCARB1,SOAT2,0.471,functional_association,functional
FAF2,INSIG1,0.807,functional_association,functional
AARS1,GART,0.412,functional_association,functional
AARS1,HSPA5,0.498,functional_association,functional
CYP46A1,CYP17A1,0.4,functional_association,functional
CYP46A1,HMGCS2,0.402,functional_association,functional
CYP46A1,CYP2D6,0.405,functional_association,functional
CYP46A1,SCAP,0.406,functional_association,functional
CYP46A1,MTHFR,0.41,functional_association,functional
CYP46A1,FAXDC2,0.415,functional_association,functional
CYP46A1,CYP1A1,0.425,functional_association,functional
CYP46A1,FASN,0.426,functional_association,functional
CYP46A1,CYB5A,0.428,functional_association,functional
CYP46A1,CYB5B,0.43,functional_association,functional
CYP46A1,LCAT,0.438,functional_association,functional
CYP46A1,ACE,0.459,functional_association,functional
CYP46A1,NSDHL,0.46,functional_association,functional
CYP46A1,NPC1,0.464,functional_association,functional
AARS1,H6PD,0.478,functional_association,functional
AARS1,HMGCR,0.41,functional_association,functional
SCARB1,ABCC2,0.472,functional_association,functional
SCARB1,CD81,0.995,functional_association,functional
SCARB1,PCSK9,0.796,functional_association,functional
SCARB1,DGAT1,0.815,functional_association,functional
SCARB1,ACSL1,0.815,functional_association,functional
SCARB1,ICAM1,0.815,functional_association,functional
SCARB1,PPARG,0.821,functional_association,functional
SCARB1,LPL,0.833,functional_association,functional
SCARB1,ABCG1,0.849,functional_association,functional
SCARB1,OLR1,0.856,functional_association,functional
SCARB1,CYP7A1,0.875,functional_association,functional
SCARB1,FABP1,0.877,functional_association,functional
SCARB1,PPARA,0.896,functional_association,functional
SCARB1,ALB,0.899,functional_association,functional
SCARB1,ABCA1,0.934,functional_association,functional
SCARB1,NPC1L1,0.937,functional_association,functional
SCARB1,CAV1,0.952,functional_association,functional
CYP46A1,CYP3A4,0.466,functional_association,functional
CYP46A1,VLDLR,0.478,functional_association,functional
CYP46A1,SC5D,0.51,functional_association,functional
CYP46A1,XPR1,0.53,functional_association,functional
CYP46A1,SOAT1,0.895,functional_association,functional
CYP46A1,DHCR24,0.913,functional_association,functional
CYP46A1,DHCR7,0.915,functional_association,functional
CYP46A1,POR,0.928,functional_association,functional
CYP46A1,CH25H,0.978,functional_association,functional
CYP46A1,CYP7A1,0.979,functional_association,functional
CYP46A1,CYP39A1,0.98,functional_association,functional
FAF2,ACSL3,0.427,functional_association,functional
FAF2,MTTP,0.482,functional_association,functional
FAF2,HIF1A,0.514,functional_association,functional
FAF2,SQLE,0.525,functional_association,functional
FAF2,RNF145,0.538,functional_association,functional
FAF2,RHOA,0.581,functional_association,functional
FAF2,RNF139,0.717,functional_association,functional
CYP46A1,LIPA,0.846,functional_association,functional
CYP46A1,SOAT2,0.839,functional_association,functional
CYP46A1,CEL,0.828,functional_association,functional
CYP46A1,HSD11B1,0.608,functional_association,functional
CYP46A1,CYP11A1,0.53,functional_association,functional
CYP46A1,TM7SF2,0.53,functional_association,functional
CYP46A1,FDFT1,0.53,functional_association,functional
CYP46A1,HMGCS1,0.531,functional_association,functional
CYP46A1,SREBF2,0.543,functional_association,functional
CYP46A1,CYP8B1,0.553,functional_association,functional
CYP46A1,LSS,0.632,functional_association,functional
CYP46A1,CYP7B1,0.827,functional_association,functional
CYP46A1,HMGCR,0.638,functional_association,functional
CYP46A1,ABCG1,0.649,functional_association,functional
CYP46A1,APP,0.652,functional_association,functional
CYP46A1,ABCA1,0.653,functional_association,functional
CYP46A1,HSD3B7,0.672,functional_association,functional
CYP46A1,SQLE,0.694,functional_association,functional
SCARB1,LCAT,0.794,functional_association,functional
SCARB1,HMGCR,0.787,functional_association,functional
SCARB1,CPT1A,0.787,functional_association,functional
SCARB1,LEP,0.622,functional_association,functional
SCARB1,FABP2,0.547,functional_association,functional
SCARB1,MMP9,0.557,functional_association,functional
SCARB1,HSD3B1,0.558,functional_association,functional
SCARB1,STAR,0.558,functional_association,functional
SCARB1,ACOX3,0.562,functional_association,functional
SCARB1,UCP2,0.564,functional_association,functional
SCARB1,CEL,0.571,functional_association,functional
SCARB1,CYP17A1,0.571,functional_association,functional
SCARB1,MLXIPL,0.579,functional_association,functional
SCARB1,ACSL4,0.579,functional_association,functional
SCARB1,REN,0.593,functional_association,functional
SCARB1,NR1H4,0.594,functional_association,functional
SCARB1,UCP1,0.601,functional_association,functional
SCARB1,CPT2,0.605,functional_association,functional
SCARB1,AKT1,0.613,functional_association,functional
SCARB1,IRS1,0.54,functional_association,functional
SCARB1,ACLY,0.537,functional_association,functional
SCARB1,PXDNL,0.526,functional_association,functional
SCARB1,MAPK3,0.487,functional_association,functional
SCARB1,GCG,0.473,functional_association,functional
SCARB1,STAT3,0.483,functional_association,functional
SCARB1,CXCL16,0.484,functional_association,functional
SCARB1,NPC1,0.484,functional_association,functional
SCARB1,ABCB11,0.486,functional_association,functional
SCARB1,PTGS2,0.486,functional_association,functional
SCARB1,HMGCS2,0.494,functional_association,functional
SCARB1,LIPA,0.523,functional_association,functional
SCARB1,HMGCS1,0.503,functional_association,functional
SCARB1,GPT,0.506,functional_association,functional
SCARB1,NOS3,0.509,functional_association,functional
SCARB1,GPAM,0.513,functional_association,functional
SCARB1,AGT,0.515,functional_association,functional
SCARB1,HIF1A,0.521,functional_association,functional
SCARB1,ESR1,0.613,functional_association,functional
SCARB1,GAPDH,0.623,functional_association,functional
SCARB1,VCAM1,0.781,functional_association,functional
SCARB1,ACAA2,0.629,functional_association,functional
SCARB1,PNPLA2,0.697,functional_association,functional
SCARB1,SOAT1,0.704,functional_association,functional
SCARB1,TNF,0.708,functional_association,functional
SCARB1,CD209,0.708,functional_association,functional
SCARB1,IL6,0.71,functional_association,functional
SCARB1,ABCG5,0.711,functional_association,functional
SCARB1,IL1B,0.714,functional_association,functional
SCARB1,ACACB,0.718,functional_association,functional
SCARB1,SCD,0.721,functional_association,functional
SCARB1,INS,0.727,functional_association,functional
SCARB1,PLTP,0.735,functional_association,functional
SCARB1,FASN,0.748,functional_association,functional
SCARB1,ADIPOQ,0.759,functional_association,functional
SCARB1,PPARD,0.763,functional_association,functional
SCARB1,SREBF1,0.773,functional_association,functional
SCARB1,SLC2A4,0.693,functional_association,functional
SCARB1,JUN,0.688,functional_association,functional
SCARB1,ACOX1,0.688,functional_association,functional
SCARB1,NR1H3,0.647,functional_association,functional
SCARB1,MTTP,0.629,functional_association,functional
SCARB1,ACTB,0.632,functional_association,functional
SCARB1,VLDLR,0.633,functional_association,functional
SCARB1,APP,0.641,functional_association,functional
SCARB1,LPA,0.641,functional_association,functional
SCARB1,ACSL3,0.643,functional_association,functional
SCARB1,CYP11A1,0.648,functional_association,functional
SCARB1,ABCG8,0.683,functional_association,functional
SCARB1,ACACA,0.653,functional_association,functional
SCARB1,XPR1,0.656,functional_association,functional
SCARB1,SREBF2,0.661,functional_association,functional
SCARB1,LIPC,0.664,functional_association,functional
SCARB1,PPARGC1A,0.671,functional_association,functional
SCARB1,PLIN2,0.682,functional_association,functional
PPIG,GPX3,0.459,functional_association,functional
PPIG,IL1B,0.455,functional_association,functional
PPIG,TP53,0.454,functional_association,functional
SLCO1B1,ABCG5,0.49,functional_association,functional
SLCO1B1,ABCB4,0.599,functional_association,functional
SLCO1B1,NR1H4,0.637,functional_association,functional
SLCO1B1,HMGCR,0.651,functional_association,functional
SLCO1B1,CYP7A1,0.675,functional_association,functional
SLCO1B1,PPIG,0.779,functional_association,functional
SLCO1B1,CYP2C19,0.817,functional_association,functional
SLCO1B1,ABCC2,0.842,functional_association,functional
SLCO1B1,ABCB11,0.862,functional_association,functional
SLCO1B1,CYP2D6,0.862,functional_association,functional
SLCO1B1,ABCB1,0.883,functional_association,functional
SLCO1B1,ABCG2,0.886,functional_association,functional
SLCO1B1,CYP2C9,0.922,functional_association,functional
SLCO1B1,CYP3A4,0.932,functional_association,functional
SLCO1B1,CYP2C8,0.94,functional_association,functional
SMPD2,AKT1,0.41,functional_association,functional
SLCO1B1,CYP8B1,0.533,functional_association,functional
SLCO1B1,ALB,0.488,functional_association,functional
PPIG,CYCS,0.444,functional_association,functional
SLCO1B1,CYP1A1,0.484,functional_association,functional
ERG28,NSDHL,0.912,functional_association,functional
ERG28,TM7SF2,0.914,functional_association,functional
ERG28,DHCR7,0.915,functional_association,functional
ERG28,LSS,0.977,functional_association,functional
ERG28,SIGMAR1,0.983,functional_association,functional
ERG28,FDFT1,0.984,functional_association,functional
ERG28,SC5D,0.989,functional_association,functional
ERG28,MSMO1,0.994,functional_association,functional
SLCO1B1,CYP27A1,0.436,functional_association,functional
SLCO1B1,LPA,0.444,functional_association,functional
SLCO1B1,GPT,0.455,functional_association,functional
SLCO1B1,ABCG8,0.458,functional_association,functional
SLCO1B1,ATP4A,0.46,functional_association,functional
SLCO1B1,APOA5,0.478,functional_association,functional
SLCO1B1,MTHFR,0.48,functional_association,functional
SMPD2,HMGCR,0.42,functional_association,functional
SMPD2,CYCS,0.484,functional_association,functional
SMPD2,BACE1,0.494,functional_association,functional
SMPD2,STAT3,0.505,functional_association,functional
CYP27A1,TM7SF2,0.441,functional_association,functional
CYP27A1,SLCO1A2,0.444,functional_association,functional
CYP27A1,FOXM1,0.445,functional_association,functional
CYP27A1,HSD3B1,0.446,functional_association,functional
CYP27A1,CD36,0.448,functional_association,functional
CYP27A1,CYP3A4,0.45,functional_association,functional
CYP27A1,ALB,0.452,functional_association,functional
CYP27A1,ACOX1,0.452,functional_association,functional
CYP27A1,PPARA,0.464,functional_association,functional
CYP27A1,INS,0.464,functional_association,functional
CYP27A1,RXRA,0.469,functional_association,functional
CYP27A1,STAR,0.475,functional_association,functional
CYP27A1,MGLL,0.482,functional_association,functional
CYP27A1,ABCC2,0.483,functional_association,functional
CYP27A1,CYP39A1,0.503,functional_association,functional
CYP27A1,SCARB2,0.44,functional_association,functional
CYP27A1,NSDHL,0.43,functional_association,functional
CYP27A1,GAPDH,0.43,functional_association,functional
CYP27A1,CYP1A1,0.408,functional_association,functional
SMPD2,CD81,0.517,functional_association,functional
SMPD2,SPTLC3,0.798,functional_association,functional
SMPD2,TNF,0.819,functional_association,functional
SMPD2,SPTLC1,0.822,functional_association,functional
SMPD2,UGCG,0.973,functional_association,functional
CYP27A1,MSMO1,0.402,functional_association,functional
CYP27A1,CYP17A1,0.411,functional_association,functional
CYP27A1,FDFT1,0.428,functional_association,functional
CYP27A1,CYP19A1,0.412,functional_association,functional
CYP27A1,GPT,0.413,functional_association,functional
CYP27A1,ESR1,0.415,functional_association,functional
CYP27A1,HSD11B1,0.419,functional_association,functional
CYP27A1,SC5D,0.419,functional_association,functional
CYP27A1,PPARG,0.42,functional_association,functional
ERG28,LBR,0.897,functional_association,functional
ERG28,FAXDC2,0.859,functional_association,functional
ERG28,CH25H,0.859,functional_association,functional
FABP4,SCD,0.67,functional_association,functional
FABP4,CREBBP,0.558,functional_association,functional
FABP4,NCOA1,0.569,functional_association,functional
FABP4,HADHB,0.572,functional_association,functional
FABP4,ACSL1,0.574,functional_association,functional
FABP4,MED1,0.579,functional_association,functional
FABP4,IL6,0.584,functional_association,functional
FABP4,DGAT1,0.6,functional_association,functional
FABP4,PLIN2,0.603,functional_association,functional
FABP4,CPT1A,0.605,functional_association,functional
FABP4,ACTB,0.605,functional_association,functional
FABP4,GAPDH,0.605,functional_association,functional
FABP4,INSIG1,0.608,functional_association,functional
FABP4,ACACA,0.615,functional_association,functional
FABP4,FABP2,0.621,functional_association,functional
FABP4,ACOX1,0.626,functional_association,functional
FABP4,UCP2,0.551,functional_association,functional
FABP4,NCOA2,0.551,functional_association,functional
FABP4,HELZ2,0.539,functional_association,functional
FABP4,ACOX3,0.484,functional_association,functional
FABP4,CPT2,0.461,functional_association,functional
FABP4,IRS1,0.475,functional_association,functional
FABP4,ELOVL6,0.478,functional_association,functional
FABP4,NR1H3,0.479,functional_association,functional
FABP4,ALB,0.483,functional_association,functional
FABP4,ACACB,0.483,functional_association,functional
FABP4,IL1B,0.484,functional_association,functional
FABP4,ELOVL5,0.524,functional_association,functional
FABP4,GPAM,0.488,functional_association,functional
FABP4,MGLL,0.489,functional_association,functional
FABP4,OLR1,0.496,functional_association,functional
FABP4,ACLY,0.501,functional_association,functional
FABP4,AKT1,0.512,functional_association,functional
FABP4,TNF,0.517,functional_association,functional
FABP4,MLXIPL,0.64,functional_association,functional
FABP4,SLC2A4,0.697,functional_association,functional
ERG28,WDR97,0.82,functional_association,functional
FABP4,PNPLA2,0.714,functional_association,functional
ERG28,MVD,0.466,functional_association,functional
ERG28,CYB5A,0.54,functional_association,functional
ERG28,CYB5B,0.542,functional_association,functional
ERG28,HMGCR,0.55,functional_association,functional
ERG28,EBP,0.58,functional_association,functional
ERG28,DHCR24,0.594,functional_association,functional
ERG28,IDI1,0.6,functional_association,functional
ERG28,CYP7B1,0.651,functional_association,functional
ERG28,CYP8B1,0.651,functional_association,functional
ERG28,CYP39A1,0.651,functional_association,functional
ERG28,CYP7A1,0.652,functional_association,functional
ERG28,SQLE,0.71,functional_association,functional
ERG28,HSD3B7,0.722,functional_association,functional
ERG28,HSD3B1,0.722,functional_association,functional
ERG28,NDUFAF6,0.82,functional_association,functional
ERG28,HMGCS1,0.462,functional_association,functional
ERG28,FDPS,0.451,functional_association,functional
FABP4,PPARG,0.993,functional_association,functional
FABP4,SREBF1,0.799,functional_association,functional
FABP4,INS,0.739,functional_association,functional
FABP4,FASN,0.743,functional_association,functional
FABP4,UCP1,0.753,functional_association,functional
FABP4,PPARD,0.753,functional_association,functional
FABP4,RXRA,0.789,functional_association,functional
FABP4,PPARA,0.795,functional_association,functional
FABP4,LEP,0.804,functional_association,functional
FABP4,CD36,0.969,functional_association,functional
FABP4,PPARGC1A,0.818,functional_association,functional
FABP4,SCARB1,0.865,functional_association,functional
FABP4,SCARB2,0.866,functional_association,functional
FABP4,FABP1,0.904,functional_association,functional
FABP4,ADIPOQ,0.942,functional_association,functional
FABP4,LPL,0.965,functional_association,functional
CYP27A1,LSS,0.518,functional_association,functional
CYP27A1,HMGCS1,0.518,functional_association,functional
CYP27A1,SQLE,0.54,functional_association,functional
CYP2C9,CYP19A1,0.465,functional_association,functional
ADAM10,MMP9,0.604,functional_association,functional
ADAM10,IGF1R,0.617,functional_association,functional
ADAM10,STAT3,0.623,functional_association,functional
ADAM10,AKT1,0.672,functional_association,functional
ADAM10,CXCL16,0.766,functional_association,functional
ADAM10,BCL2,0.802,functional_association,functional
ADAM10,CD81,0.882,functional_association,functional
ADAM10,PSEN1,0.905,functional_association,functional
ADAM10,BACE1,0.922,functional_association,functional
ADAM10,APP,0.95,functional_association,functional
CYP2C9,CYP7A1,0.409,functional_association,functional
CYP2C9,JUN,0.424,functional_association,functional
CYP2C9,INS,0.428,functional_association,functional
CYP2C9,MTHFR,0.434,functional_association,functional
CYP2C9,PPARA,0.436,functional_association,functional
ADAM10,TNF,0.556,functional_association,functional
ADAM10,HIF1A,0.483,functional_association,functional
ADAM10,IL6,0.478,functional_association,functional
ADAM10,PXDNL,0.402,functional_association,functional
TGS1,CARM1,0.572,functional_association,functional
TGS1,CHD9,0.581,functional_association,functional
TGS1,CREBBP,0.6,functional_association,functional
TGS1,HELZ2,0.64,functional_association,functional
TGS1,MED1,0.773,functional_association,functional
TGS1,NCOA6,0.986,functional_association,functional
ADAM10,CDK5,0.406,functional_association,functional
ADAM10,GAPDH,0.473,functional_association,functional
ADAM10,CASP3,0.418,functional_association,functional
ADAM10,GSK3B,0.438,functional_association,functional
ADAM10,HMGCR,0.457,functional_association,functional
ADAM10,ACE,0.458,functional_association,functional
ADAM10,ACTB,0.464,functional_association,functional
ADAM10,IL1B,0.464,functional_association,functional
CYP2C9,ACE,0.462,functional_association,functional
CYP2C9,TP53,0.473,functional_association,functional
TGS1,TBL1X,0.567,functional_association,functional
CYP2C9,GPT,0.482,functional_association,functional
CYP2C9,PPIG,0.956,functional_association,functional
CYP2C9,CYP1A1,0.964,functional_association,functional
CYP2C9,EPHX2,0.967,functional_association,functional
CYP2C9,CYP3A4,0.98,functional_association,functional
CYP2C9,CYP2C19,0.988,functional_association,functional
PPIG,CYP39A1,0.406,functional_association,functional
PPIG,HSD3B1,0.412,functional_association,functional
PPIG,DHRS11,0.417,functional_association,functional
PPIG,GPT2,0.427,functional_association,functional
PPIG,NFYA,0.428,functional_association,functional
PPIG,XPR1,0.43,functional_association,functional
PPIG,CYP7B1,0.437,functional_association,functional
PPIG,PTGS2,0.438,functional_association,functional
PPIG,BACE1,0.439,functional_association,functional
PPIG,PPARG,0.444,functional_association,functional
CYP2C9,PTGS2,0.936,functional_association,functional
CYP2C9,CYP2C8,0.928,functional_association,functional
CYP2C9,POR,0.818,functional_association,functional
CYP2C9,SLCO1A2,0.557,functional_association,functional
CYP2C9,NR1H4,0.502,functional_association,functional
CYP2C9,G6PD,0.503,functional_association,functional
CYP2C9,H6PD,0.532,functional_association,functional
CYP2C9,ABCB11,0.534,functional_association,functional
CYP2C9,HMGCR,0.544,functional_association,functional
CYP2C9,SLCO2B1,0.553,functional_association,functional
CYP2C9,ALB,0.57,functional_association,functional
CYP2C9,CYP2D6,0.781,functional_association,functional
CYP2C9,ABCC2,0.622,functional_association,functional
CYP2C9,CYB5B,0.622,functional_association,functional
CYP2C9,CYB5A,0.625,functional_association,functional
CYP2C9,ATP4A,0.631,functional_association,functional
CYP2C9,ABCG2,0.67,functional_association,functional
CYP2C9,ABCB1,0.742,functional_association,functional
TGS1,PPARA,0.569,functional_association,functional
TGS1,TBL1XR1,0.545,functional_association,functional
CYP27A1,EPHX2,0.549,functional_association,functional
DERL1,ERLIN1,0.641,functional_association,functional
CYP27A1,SOAT2,0.862,functional_association,functional
CYP27A1,LIPA,0.866,functional_association,functional
CYP27A1,SOAT1,0.87,functional_association,functional
CYP27A1,DHCR24,0.887,functional_association,functional
CYP27A1,DHCR7,0.933,functional_association,functional
CYP27A1,CYP46A1,0.947,functional_association,functional
CYP27A1,CYP8B1,0.951,functional_association,functional
CYP27A1,CYP7B1,0.964,functional_association,functional
CYP27A1,CH25H,0.967,functional_association,functional
CYP27A1,CYP7A1,0.996,functional_association,functional
DERL1,SQLE,0.41,functional_association,functional
DERL1,HMGCR,0.445,functional_association,functional
DERL1,DHFR,0.488,functional_association,functional
DERL1,PDSS2,0.489,functional_association,functional
DERL1,RNF145,0.518,functional_association,functional
CYP27A1,NR1H4,0.837,functional_association,functional
CYP27A1,CEL,0.824,functional_association,functional
CYP27A1,HMGCR,0.766,functional_association,functional
CYP27A1,NPC1L1,0.638,functional_association,functional
CYP27A1,SREBF2,0.552,functional_association,functional
CYP27A1,SCARB1,0.552,functional_association,functional
CYP27A1,ABCB4,0.556,functional_association,functional
CYP27A1,XPR1,0.582,functional_association,functional
CYP27A1,ABCG1,0.608,functional_association,functional
CYP27A1,PPIG,0.619,functional_association,functional
CYP27A1,ABCG8,0.664,functional_association,functional
CYP27A1,HSD3B7,0.762,functional_association,functional
CYP27A1,ABCA1,0.671,functional_association,functional
CYP27A1,NR1H3,0.681,functional_association,functional
CYP27A1,ABCG5,0.688,functional_association,functional
CYP27A1,SREBF1,0.689,functional_association,functional
CYP27A1,ABCB11,0.73,functional_association,functional
CYP27A1,FASN,0.748,functional_association,functional
DERL1,POR,0.628,functional_association,functional
DERL1,UBE2G2,0.646,functional_association,functional
TGS1,RXRA,0.509,functional_association,functional
DERL1,AUP1,0.703,functional_association,functional
TGS1,HMGCS1,0.401,functional_association,functional
TGS1,HMGCR,0.401,functional_association,functional
TGS1,TERT,0.403,functional_association,functional
TGS1,PLIN2,0.405,functional_association,functional
TGS1,ACOX1,0.41,functional_association,functional
TGS1,SMARCD3,0.41,functional_association,functional
TGS1,CYP7A1,0.411,functional_association,functional
TGS1,APOA5,0.411,functional_association,functional
TGS1,ACSL1,0.413,functional_association,functional
TGS1,ABCA1,0.426,functional_association,functional
TGS1,NCOA2,0.431,functional_association,functional
TGS1,ABCB4,0.431,functional_association,functional
TGS1,NCOA1,0.457,functional_association,functional
TGS1,PPARG,0.489,functional_association,functional
TGS1,FABP1,0.499,functional_association,functional
TGS1,CD36,0.401,functional_association,functional
TGS1,HMGCS2,0.4,functional_association,functional
TGS1,CYP1A1,0.4,functional_association,functional
DERL1,SEL1L,0.999,functional_association,functional
DERL1,ERLIN2,0.712,functional_association,functional
DERL1,MARCHF6,0.924,functional_association,functional
DERL1,FAF2,0.93,functional_association,functional
DERL1,RNF139,0.931,functional_association,functional
DERL1,HSPA5,0.982,functional_association,functional
DERL1,UFD1,0.995,functional_association,functional
DERL1,VCP,0.999,functional_association,functional
TGS1,AGT,0.4,functional_association,functional
DERL1,SYVN1,0.999,functional_association,functional
DERL1,AMFR,0.999,functional_association,functional
TGS1,FADS1,0.4,functional_association,functional
TGS1,CPT1A,0.4,functional_association,functional
TGS1,CPT2,0.4,functional_association,functional
TGS1,FDFT1,0.4,functional_association,functional
FAF2,MARCHF6,0.723,functional_association,functional
FAF2,HSPA5,0.827,functional_association,functional
STAT3,ESR1,0.93,functional_association,functional
CD81,CASP3,0.406,functional_association,functional
CD81,DGAT1,0.413,functional_association,functional
CD81,STAT3,0.435,functional_association,functional
CD81,MTTP,0.452,functional_association,functional
CD81,TP53,0.457,functional_association,functional
CD81,IGHD,0.472,functional_association,functional
CD81,TNF,0.529,functional_association,functional
CD81,PCSK9,0.555,functional_association,functional
CD81,PXDNL,0.556,functional_association,functional
CD81,CAV1,0.567,functional_association,functional
CD81,IL6,0.575,functional_association,functional
CD81,HIF1A,0.584,functional_association,functional
CD81,ALB,0.586,functional_association,functional
CD81,ACTB,0.607,functional_association,functional
CD81,VCAM1,0.634,functional_association,functional
CD81,AKT1,0.683,functional_association,functional
CD81,FASN,0.407,functional_association,functional
CD81,HMGCR,0.405,functional_association,functional
SC5D,AACS,0.407,functional_association,functional
IL1B,TNF,0.998,functional_association,functional
IL1B,ADIPOQ,0.833,functional_association,functional
IL1B,ALB,0.836,functional_association,functional
IL1B,ACTB,0.847,functional_association,functional
IL1B,LEP,0.854,functional_association,functional
IL1B,PPARG,0.858,functional_association,functional
IL1B,AKT1,0.864,functional_association,functional
IL1B,GAPDH,0.872,functional_association,functional
IL1B,INS,0.896,functional_association,functional
IL1B,CASP3,0.899,functional_association,functional
IL1B,ICAM1,0.912,functional_association,functional
IL1B,STAT3,0.938,functional_association,functional
IL1B,MMP9,0.949,functional_association,functional
IL1B,PTGS2,0.974,functional_association,functional
IL1B,JUN,0.987,functional_association,functional
IL1B,IL6,0.996,functional_association,functional
CD81,NPC1L1,0.709,functional_association,functional
CD81,GAPDH,0.752,functional_association,functional
CD81,CD209,0.762,functional_association,functional
CD81,ICAM1,0.837,functional_association,functional
LCAT,NPC1L1,0.659,functional_association,functional
LCAT,SOAT1,0.671,functional_association,functional
LCAT,CYP7A1,0.675,functional_association,functional
LCAT,VLDLR,0.69,functional_association,functional
LCAT,ALB,0.71,functional_association,functional
LCAT,SOAT2,0.712,functional_association,functional
LCAT,ABCG1,0.717,functional_association,functional
LCAT,APP,0.754,functional_association,functional
LCAT,LIPC,0.893,functional_association,functional
LCAT,LPL,0.893,functional_association,functional
LCAT,LPA,0.896,functional_association,functional
LCAT,APOA5,0.897,functional_association,functional
LCAT,ABCA1,0.912,functional_association,functional
LCAT,PLTP,0.95,functional_association,functional
SC5D,ACACA,0.4,functional_association,functional
LCAT,HMGCR,0.631,functional_association,functional
LCAT,DGAT1,0.627,functional_association,functional
LCAT,ABCG5,0.575,functional_association,functional
LCAT,PPARG,0.411,functional_association,functional
CD81,CD36,0.889,functional_association,functional
CD81,SCARB2,0.896,functional_association,functional
LCAT,XPR1,0.4,functional_association,functional
LCAT,SREBF1,0.401,functional_association,functional
LCAT,LDLRAP1,0.402,functional_association,functional
LCAT,FOXO1,0.403,functional_association,functional
LCAT,INS,0.416,functional_association,functional
LCAT,ABCG8,0.536,functional_association,functional
LCAT,SREBF2,0.424,functional_association,functional
LCAT,SCP2,0.435,functional_association,functional
LCAT,PPARA,0.459,functional_association,functional
LCAT,MTTP,0.463,functional_association,functional
LCAT,PCSK9,0.507,functional_association,functional
LCAT,ANGPTL3,0.513,functional_association,functional
IL1B,VCAM1,0.83,functional_association,functional
IL1B,APP,0.828,functional_association,functional
IL1B,ESR1,0.82,functional_association,functional
IL1B,GPT2,0.585,functional_association,functional
IL1B,FASN,0.445,functional_association,functional
IL1B,SERPINA3,0.46,functional_association,functional
IL1B,ABCG1,0.479,functional_association,functional
IL1B,CYP1A1,0.48,functional_association,functional
IL1B,XPR1,0.48,functional_association,functional
IL1B,ADRB2,0.503,functional_association,functional
IL1B,GPX4,0.504,functional_association,functional
IL1B,LPL,0.505,functional_association,functional
IL1B,CD81,0.531,functional_association,functional
IL1B,UCP2,0.542,functional_association,functional
IL1B,HMGCR,0.543,functional_association,functional
IL1B,NR1H4,0.545,functional_association,functional
IL1B,BACE1,0.559,functional_association,functional
IL1B,PPARD,0.561,functional_association,functional
IL1B,SLC2A4,0.58,functional_association,functional
IL1B,CH25H,0.44,functional_association,functional
IL1B,PCSK9,0.439,functional_association,functional
IL1B,CPT1A,0.437,functional_association,functional
IL1B,CYP7A1,0.418,functional_association,functional
UFD1,AMFR,0.92,functional_association,functional
UFD1,VCP,0.999,functional_association,functional
IL1B,GLUL,0.406,functional_association,functional
IL1B,FABP2,0.409,functional_association,functional
IL1B,SCD,0.412,functional_association,functional
IL1B,G6PC3,0.413,functional_association,functional
IL1B,STK11,0.421,functional_association,functional
IL1B,LDHA,0.435,functional_association,functional
IL1B,NR1H3,0.424,functional_association,functional
IL1B,SREBF2,0.428,functional_association,functional
IL1B,CYP3A4,0.432,functional_association,functional
IL1B,G6PC2,0.433,functional_association,functional
IL1B,MGAM,0.433,functional_association,functional
IL1B,CYP19A1,0.434,functional_association,functional
IL1B,PSEN1,0.581,functional_association,functional
IL1B,SREBF1,0.588,functional_association,functional
IL1B,PXDNL,0.812,functional_association,functional
IL1B,PLIN2,0.596,functional_association,functional
IL1B,TP53,0.718,functional_association,functional
IL1B,FOXO1,0.723,functional_association,functional
IL1B,CD36,0.727,functional_association,functional
IL1B,AGT,0.731,functional_association,functional
IL1B,HSPA5,0.731,functional_association,functional
IL1B,RHOA,0.733,functional_association,functional
IL1B,GPX3,0.742,functional_association,functional
IL1B,GPX5,0.743,functional_association,functional
IL1B,GPX6,0.743,functional_association,functional
IL1B,GPX2,0.754,functional_association,functional
IL1B,GPX7,0.755,functional_association,functional
IL1B,GPX8,0.76,functional_association,functional
IL1B,HIF1A,0.771,functional_association,functional
IL1B,GPT,0.774,functional_association,functional
IL1B,BCL2,0.808,functional_association,functional
IL1B,SCARB2,0.712,functional_association,functional
IL1B,PPARA,0.711,functional_association,functional
IL1B,NOS3,0.699,functional_association,functional
IL1B,CAV1,0.633,functional_association,functional
IL1B,OLR1,0.605,functional_association,functional
IL1B,GCG,0.606,functional_association,functional
IL1B,ABCA1,0.612,functional_association,functional
IL1B,PPARGC1A,0.613,functional_association,functional
IL1B,CXCL16,0.618,functional_association,functional
IL1B,CD209,0.624,functional_association,functional
IL1B,GSK3B,0.636,functional_association,functional
IL1B,ACE,0.692,functional_association,functional
IL1B,IRS1,0.64,functional_association,functional
IL1B,IGF1R,0.641,functional_association,functional
IL1B,MTOR,0.667,functional_association,functional
IL1B,PFKFB3,0.668,functional_association,functional
IL1B,CYCS,0.67,functional_association,functional
IL1B,REN,0.688,functional_association,functional
SC5D,ELOVL5,0.407,functional_association,functional
SC5D,SCD5,0.412,functional_association,functional
FAF2,ERLIN1,0.841,functional_association,functional
STAT3,REN,0.42,functional_association,functional
STAT3,PCSK9,0.432,functional_association,functional
STAT3,CYP19A1,0.435,functional_association,functional
STAT3,GPX7,0.44,functional_association,functional
STAT3,GCG,0.44,functional_association,functional
STAT3,GPX8,0.441,functional_association,functional
STAT3,GPX2,0.442,functional_association,functional
STAT3,FASN,0.445,functional_association,functional
STAT3,NR1H4,0.449,functional_association,functional
STAT3,HMGCR,0.453,functional_association,functional
STAT3,GPX6,0.457,functional_association,functional
STAT3,GPX5,0.464,functional_association,functional
STAT3,GPX3,0.473,functional_association,functional
STAT3,GPT,0.48,functional_association,functional
STAT3,LDHA,0.484,functional_association,functional
STAT3,NOS3,0.489,functional_association,functional
STAT3,CXCL16,0.427,functional_association,functional
STAT3,CH25H,0.418,functional_association,functional
SC5D,CYB5A,0.426,functional_association,functional
STAT3,SLC2A4,0.41,functional_association,functional
SI,PPARA,0.552,functional_association,functional
SI,ALB,0.57,functional_association,functional
SI,PPARG,0.571,functional_association,functional
SI,GPT,0.589,functional_association,functional
SI,SLC2A4,0.612,functional_association,functional
SI,HMGCR,0.625,functional_association,functional
SI,ACE,0.679,functional_association,functional
SI,PNLIP,0.728,functional_association,functional
SI,INS,0.885,functional_association,functional
SI,GCG,0.886,functional_association,functional
SI,MGAM,0.909,functional_association,functional
SI,HK1,0.917,functional_association,functional
STAT3,ACE,0.4,functional_association,functional
STAT3,GLUL,0.402,functional_association,functional
STAT3,MTUS2,0.406,functional_association,functional
STAT3,CD36,0.508,functional_association,functional
STAT3,SCARB2,0.508,functional_association,functional
STAT3,STK11,0.511,functional_association,functional
STAT3,SREBF1,0.521,functional_association,functional
STAT3,CASP3,0.804,functional_association,functional
STAT3,GSK3B,0.804,functional_association,functional
STAT3,AGT,0.805,functional_association,functional
STAT3,GAPDH,0.807,functional_association,functional
STAT3,ABCA1,0.815,functional_association,functional
STAT3,VCAM1,0.818,functional_association,functional
STAT3,PXDNL,0.824,functional_association,functional
STAT3,PPARG,0.826,functional_association,functional
STAT3,ICAM1,0.832,functional_association,functional
STAT3,INS,0.885,functional_association,functional
STAT3,MMP9,0.89,functional_association,functional
STAT3,FOXM1,0.893,functional_association,functional
STAT3,IGF1R,0.921,functional_association,functional
STAT3,MTOR,0.926,functional_association,functional
STAT3,PTGS2,0.93,functional_association,functional
STAT3,ABCB1,0.8,functional_association,functional
STAT3,ACTB,0.798,functional_association,functional
STAT3,CAV1,0.759,functional_association,functional
STAT3,RHOA,0.622,functional_association,functional
STAT3,PPARGC1A,0.538,functional_association,functional
STAT3,PPARD,0.552,functional_association,functional
STAT3,PPARA,0.573,functional_association,functional
STAT3,NCOA4,0.576,functional_association,functional
STAT3,ADIPOQ,0.581,functional_association,functional
STAT3,RXRA,0.602,functional_association,functional
STAT3,CYCS,0.628,functional_association,functional
STAT3,APP,0.753,functional_association,functional
STAT3,NCOA1,0.653,functional_association,functional
STAT3,ABCG2,0.659,functional_association,functional
STAT3,TERT,0.669,functional_association,functional
STAT3,HSPA5,0.681,functional_association,functional
STAT3,ALB,0.694,functional_association,functional
STAT3,IRS1,0.734,functional_association,functional
SI,G6PC3,0.55,functional_association,functional
SI,G6PC2,0.523,functional_association,functional
SI,ADIPOQ,0.479,functional_association,functional
SC5D,SQLE,0.933,functional_association,functional
SC5D,CYP8B1,0.634,functional_association,functional
SC5D,INSIG1,0.641,functional_association,functional
SC5D,CYP7A1,0.646,functional_association,functional
SC5D,PMVK,0.673,functional_association,functional
SC5D,IDI2,0.685,functional_association,functional
SC5D,SREBF1,0.699,functional_association,functional
SC5D,HMGCS2,0.717,functional_association,functional
SC5D,MVD,0.754,functional_association,functional
SC5D,FDPS,0.77,functional_association,functional
SC5D,SREBF2,0.776,functional_association,functional
SC5D,HSD3B1,0.794,functional_association,functional
SC5D,HMGCR,0.818,functional_association,functional
SC5D,HSD3B7,0.829,functional_association,functional
SC5D,IDI1,0.835,functional_association,functional
SC5D,SIGMAR1,0.869,functional_association,functional
SC5D,FADS2,0.627,functional_association,functional
SC5D,CYP7B1,0.626,functional_association,functional
SC5D,ACAT2,0.606,functional_association,functional
SC5D,FASN,0.517,functional_association,functional
SC5D,SOAT1,0.43,functional_association,functional
SC5D,CYB5B,0.446,functional_association,functional
SC5D,COQ6,0.45,functional_association,functional
SC5D,WDR97,0.479,functional_association,functional
SC5D,NDUFAF6,0.482,functional_association,functional
SC5D,NFYA,0.5,functional_association,functional
SC5D,KMO,0.517,functional_association,functional
SC5D,CYP39A1,0.604,functional_association,functional
SC5D,NFYC,0.524,functional_association,functional
SC5D,POR,0.526,functional_association,functional
SC5D,STARD4,0.535,functional_association,functional
SC5D,GGPS1,0.538,functional_association,functional
SC5D,SCD,0.555,functional_association,functional
SC5D,ACAT1,0.559,functional_association,functional
SC5D,HMGCS1,0.903,functional_association,functional
SC5D,LBR,0.941,functional_association,functional
SI,GPX5,0.466,functional_association,functional
SC5D,FAXDC2,0.965,functional_association,functional
TOP2B,TP53,0.694,functional_association,functional
TOP2B,TOP2A,0.973,functional_association,functional
SI,IL6,0.406,functional_association,functional
SI,REN,0.407,functional_association,functional
SI,GPT2,0.411,functional_association,functional
SI,FABP2,0.411,functional_association,functional
SI,H6PD,0.414,functional_association,functional
SI,LEP,0.418,functional_association,functional
SI,IRS1,0.433,functional_association,functional
SI,AKT1,0.448,functional_association,functional
SI,GPX3,0.449,functional_association,functional
SI,GPX7,0.453,functional_association,functional
SI,GPX8,0.461,functional_association,functional
SI,GPX6,0.463,functional_association,functional
SI,GPX2,0.465,functional_association,functional
TOP2B,ESR1,0.659,functional_association,functional
TOP2B,ACTB,0.604,functional_association,functional
TOP2B,FASN,0.482,functional_association,functional
SC5D,EBP,0.995,functional_association,functional
SC5D,CH25H,0.969,functional_association,functional
SC5D,TM7SF2,0.974,functional_association,functional
SC5D,NSDHL,0.975,functional_association,functional
SC5D,FADS1,0.976,functional_association,functional
SC5D,DHCR24,0.984,functional_association,functional
SC5D,LSS,0.989,functional_association,functional
SC5D,FDFT1,0.996,functional_association,functional
TOP2B,GAPDH,0.476,functional_association,functional
SC5D,DHCR7,0.998,functional_association,functional
TOP2B,HMGCR,0.404,functional_association,functional
TOP2B,CYP2D6,0.407,functional_association,functional
TOP2B,GPX5,0.442,functional_association,functional
TOP2B,CYP3A4,0.462,functional_association,functional
TOP2B,DHFR,0.472,functional_association,functional
UFD1,SYVN1,0.882,functional_association,functional
UFD1,MARCHF6,0.823,functional_association,functional
UFD1,SEL1L,0.805,functional_association,functional
CREBBP,HMGA1,0.578,functional_association,functional
CREBBP,IL1B,0.589,functional_association,functional
CREBBP,GSK3B,0.603,functional_association,functional
CREBBP,TBL1X,0.607,functional_association,functional
CREBBP,PPARD,0.655,functional_association,functional
CREBBP,NFYA,0.69,functional_association,functional
CREBBP,MAPK3,0.701,functional_association,functional
CREBBP,TBL1XR1,0.706,functional_association,functional
CREBBP,BCL2,0.739,functional_association,functional
CREBBP,MED1,0.74,functional_association,functional
CREBBP,SREBF2,0.76,functional_association,functional
CREBBP,APP,0.781,functional_association,functional
CREBBP,FOXM1,0.834,functional_association,functional
CREBBP,PPARA,0.838,functional_association,functional
CREBBP,SREBF1,0.845,functional_association,functional
CREBBP,AKT1,0.854,functional_association,functional
CREBBP,IGF1R,0.579,functional_association,functional
CREBBP,LEP,0.577,functional_association,functional
UFD1,UBE2G2,0.711,functional_association,functional
CREBBP,CD36,0.567,functional_association,functional
CREBBP,CYP1A1,0.481,functional_association,functional
CREBBP,ACSL1,0.482,functional_association,functional
CREBBP,HMGCS1,0.491,functional_association,functional
CREBBP,ABCA1,0.499,functional_association,functional
CREBBP,AGT,0.502,functional_association,functional
CREBBP,HMGCR,0.505,functional_association,functional
CREBBP,MLXIPL,0.509,functional_association,functional
CREBBP,FABP1,0.512,functional_association,functional
CREBBP,NFYC,0.531,functional_association,functional
CREBBP,LPL,0.534,functional_association,functional
CREBBP,G6PD,0.538,functional_association,functional
CREBBP,CHD9,0.54,functional_association,functional
CREBBP,ACTB,0.556,functional_association,functional
CREBBP,ADIPOQ,0.559,functional_association,functional
CREBBP,SLC2A4,0.562,functional_association,functional
CREBBP,PPARGC1A,0.86,functional_association,functional
CREBBP,STAT3,0.935,functional_association,functional
CREBBP,HELZ2,0.942,functional_association,functional
CREBBP,NCOA6,0.962,functional_association,functional
SPTLC1,AUP1,0.453,functional_association,functional
SPTLC1,FASN,0.463,functional_association,functional
SPTLC1,MTOR,0.465,functional_association,functional
SPTLC1,DGAT1,0.474,functional_association,functional
SPTLC1,CYCS,0.474,functional_association,functional
SPTLC1,PCSK9,0.496,functional_association,functional
SPTLC1,IL6,0.514,functional_association,functional
SPTLC1,ACSL3,0.535,functional_association,functional
SPTLC1,HMGCR,0.6,functional_association,functional
SPTLC1,UGCG,0.85,functional_association,functional
SPTLC1,ABCA1,0.871,functional_association,functional
SPTLC1,SPTLC3,0.998,functional_association,functional
ATP4A,CYP19A1,0.411,functional_association,functional
ATP4A,GAPDH,0.413,functional_association,functional
ATP4A,GPT2,0.413,functional_association,functional
SPTLC1,INS,0.449,functional_association,functional
SPTLC1,EPHX2,0.441,functional_association,functional
SPTLC1,NSDHL,0.43,functional_association,functional
CREBBP,PPARG,0.998,functional_association,functional
CREBBP,RXRA,0.977,functional_association,functional
CREBBP,CARM1,0.981,functional_association,functional
CREBBP,ESR1,0.993,functional_association,functional
CREBBP,FOXO1,0.993,functional_association,functional
CREBBP,JUN,0.994,functional_association,functional
CREBBP,NCOA2,0.997,functional_association,functional
CREBBP,NCOA1,0.999,functional_association,functional
SPTLC1,AKT1,0.412,functional_association,functional
CREBBP,HIF1A,0.999,functional_association,functional
CREBBP,TP53,0.999,functional_association,functional
SPTLC1,HSD3B7,0.4,functional_association,functional
SPTLC1,LCAT,0.402,functional_association,functional
SPTLC1,FDFT1,0.409,functional_association,functional
SPTLC1,HSD3B1,0.412,functional_association,functional
CREBBP,FDFT1,0.477,functional_association,functional
CREBBP,ACOX1,0.468,functional_association,functional
CREBBP,TOP2B,0.466,functional_association,functional
SMARCD3,ACOX1,0.446,functional_association,functional
MTUS1,STK11,0.513,functional_association,functional
MTUS1,TP53,0.544,functional_association,functional
MTUS1,AGT,0.552,functional_association,functional
MTUS1,ALB,0.56,functional_association,functional
SMARCD3,FDFT1,0.4,functional_association,functional
SMARCD3,HMGCS2,0.4,functional_association,functional
SMARCD3,FADS1,0.4,functional_association,functional
SMARCD3,HMGCS1,0.4,functional_association,functional
SMARCD3,ABCA1,0.401,functional_association,functional
SMARCD3,ABCB4,0.408,functional_association,functional
SMARCD3,ACSL1,0.413,functional_association,functional
SMARCD3,AGT,0.422,functional_association,functional
SMARCD3,APOA5,0.422,functional_association,functional
SMARCD3,CPT1A,0.423,functional_association,functional
SMARCD3,CD36,0.426,functional_association,functional
MTUS1,INS,0.483,functional_association,functional
MTUS1,IL6,0.479,functional_association,functional
MTUS1,TNF,0.479,functional_association,functional
FAF2,AUP1,0.994,functional_association,functional
FAF2,PNPLA2,0.866,functional_association,functional
FAF2,ERLIN2,0.89,functional_association,functional
FAF2,UBE2G2,0.895,functional_association,functional
FAF2,SYVN1,0.962,functional_association,functional
FAF2,AMFR,0.986,functional_association,functional
FAF2,SEL1L,0.992,functional_association,functional
FAF2,UFD1,0.999,functional_association,functional
MTUS1,AKT1,0.44,functional_association,functional
FAF2,VCP,0.999,functional_association,functional
MTUS1,GPT,0.411,functional_association,functional
MTUS1,STAT3,0.412,functional_association,functional
MTUS1,HMGCR,0.413,functional_association,functional
MTUS1,ATP4A,0.418,functional_association,functional
MTUS1,MTOR,0.427,functional_association,functional
SMARCD3,CPT2,0.427,functional_association,functional
SMARCD3,CYP1A1,0.458,functional_association,functional
CREBBP,GAPDH,0.464,functional_association,functional
SMARCD3,CYP7A1,0.458,functional_association,functional
SMARCD3,PPARG,0.935,functional_association,functional
CREBBP,FADS1,0.4,functional_association,functional
CREBBP,APOA5,0.403,functional_association,functional
CREBBP,POLR2F,0.403,functional_association,functional
CREBBP,MTF1,0.408,functional_association,functional
CREBBP,MTOR,0.412,functional_association,functional
CREBBP,PLIN2,0.414,functional_association,functional
CREBBP,IL6,0.416,functional_association,functional
CREBBP,TNF,0.431,functional_association,functional
CREBBP,CPT2,0.432,functional_association,functional
CREBBP,ABCB4,0.44,functional_association,functional
CREBBP,CPT1A,0.445,functional_association,functional
CREBBP,CYP7A1,0.458,functional_association,functional
CREBBP,HMGCS2,0.46,functional_association,functional
CREBBP,ACLY,0.46,functional_association,functional
SMARCD3,ACTB,0.903,functional_association,functional
SMARCD3,TBL1XR1,0.754,functional_association,functional
SMARCD3,TBL1X,0.733,functional_association,functional
SMARCD3,NCOA6,0.501,functional_association,functional
SMARCD3,PLIN2,0.464,functional_association,functional
SMARCD3,HELZ2,0.466,functional_association,functional
SMARCD3,NCOA2,0.477,functional_association,functional
SMARCD3,MED1,0.488,functional_association,functional
SMARCD3,CREBBP,0.494,functional_association,functional
SMARCD3,FABP1,0.499,functional_association,functional
SMARCD3,NCOA1,0.505,functional_association,functional
SMARCD3,RXRA,0.676,functional_association,functional
SMARCD3,STARD13,0.54,functional_association,functional
SMARCD3,CHD9,0.543,functional_association,functional
SMARCD3,CARM1,0.547,functional_association,functional
SMARCD3,PPARA,0.571,functional_association,functional
SMARCD3,HMGCR,0.583,functional_association,functional
SMARCD3,ESR1,0.633,functional_association,functional
ATP4A,PSEN1,0.428,functional_association,functional
ATP4A,MTUS2,0.432,functional_association,functional
ATP4A,ABCG2,0.443,functional_association,functional
MAPK3,PPARG,0.67,functional_association,functional
MAPK3,GPX7,0.507,functional_association,functional
MAPK3,GPX8,0.507,functional_association,functional
MAPK3,ADIPOQ,0.507,functional_association,functional
MAPK3,PPARA,0.51,functional_association,functional
MAPK3,STAR,0.518,functional_association,functional
MAPK3,PPARGC1A,0.519,functional_association,functional
MAPK3,CYP19A1,0.525,functional_association,functional
MAPK3,SLC2A4,0.533,functional_association,functional
MAPK3,MED1,0.535,functional_association,functional
MAPK3,REN,0.54,functional_association,functional
MAPK3,FASN,0.582,functional_association,functional
MAPK3,ICAM1,0.589,functional_association,functional
MAPK3,NOS3,0.603,functional_association,functional
MAPK3,SREBF1,0.629,functional_association,functional
MAPK3,HSPA5,0.641,functional_association,functional
MAPK3,ADRB2,0.506,functional_association,functional
MAPK3,GPX3,0.505,functional_association,functional
MAPK3,GPX2,0.496,functional_association,functional
MAPK3,PCSK9,0.454,functional_association,functional
MAPK3,CYP11A1,0.43,functional_association,functional
MAPK3,TERT,0.437,functional_association,functional
MAPK3,ABCG2,0.442,functional_association,functional
MAPK3,ACE,0.447,functional_association,functional
MAPK3,SCARB2,0.451,functional_association,functional
MAPK3,HMGCR,0.452,functional_association,functional
MAPK3,RXRA,0.454,functional_association,functional
MAPK3,GPX5,0.495,functional_association,functional
MAPK3,CD36,0.456,functional_association,functional
MAPK3,GCG,0.465,functional_association,functional
MAPK3,ABCB1,0.467,functional_association,functional
MAPK3,LPIN1,0.472,functional_association,functional
MAPK3,STK11,0.486,functional_association,functional
MAPK3,GPX6,0.495,functional_association,functional
MAPK3,SREBF2,0.66,functional_association,functional
MAPK3,LEP,0.691,functional_association,functional
MAPK3,CYP1A1,0.41,functional_association,functional
MAPK3,ALB,0.697,functional_association,functional
MAPK3,AKT1,0.957,functional_association,functional
MAPK3,FOXO1,0.959,functional_association,functional
MAPK3,HIF1A,0.969,functional_association,functional
MAPK3,ESR1,0.981,functional_association,functional
MAPK3,CASP3,0.985,functional_association,functional
MAPK3,BCL2,0.985,functional_association,functional
MAPK3,JUN,0.987,functional_association,functional
MAPK3,TP53,0.994,functional_association,functional
UFD1,HSPA5,0.403,functional_association,functional
UFD1,INSIG1,0.41,functional_association,functional
UFD1,RNF145,0.421,functional_association,functional
UFD1,ERLIN2,0.456,functional_association,functional
UFD1,HMGCR,0.522,functional_association,functional
UFD1,RNF139,0.622,functional_association,functional
UFD1,AUP1,0.626,functional_association,functional
MAPK3,TNF,0.922,functional_association,functional
MAPK3,IL6,0.905,functional_association,functional
MAPK3,STAT3,0.87,functional_association,functional
MAPK3,CAV1,0.803,functional_association,functional
MAPK3,AGT,0.706,functional_association,functional
MAPK3,VCAM1,0.713,functional_association,functional
MAPK3,MMP9,0.741,functional_association,functional
MAPK3,APP,0.753,functional_association,functional
MAPK3,MTOR,0.762,functional_association,functional
MAPK3,CYCS,0.788,functional_association,functional
MAPK3,INS,0.813,functional_association,functional
MAPK3,IL1B,0.86,functional_association,functional
MAPK3,GAPDH,0.832,functional_association,functional
MAPK3,RHOA,0.833,functional_association,functional
MAPK3,IRS1,0.833,functional_association,functional
MAPK3,ACTB,0.844,functional_association,functional
MAPK3,PXDNL,0.847,functional_association,functional
MAPK3,PTGS2,0.855,functional_association,functional
MAPK3,PPARD,0.424,functional_association,functional
MAPK3,CYP17A1,0.408,functional_association,functional
ATP4A,MTOR,0.453,functional_association,functional
UCP1,FOXO1,0.485,functional_association,functional
ATP4A,CYP2C19,0.948,functional_association,functional
UCP1,PNLIP,0.405,functional_association,functional
UCP1,ESR1,0.409,functional_association,functional
UCP1,ACLY,0.41,functional_association,functional
UCP1,GPT,0.413,functional_association,functional
UCP1,ELOVL6,0.419,functional_association,functional
UCP1,ACOX3,0.434,functional_association,functional
UCP1,UCP2,0.437,functional_association,functional
UCP1,CYP7A1,0.439,functional_association,functional
UCP1,HMGCR,0.441,functional_association,functional
UCP1,MGLL,0.442,functional_association,functional
UCP1,G6PC3,0.454,functional_association,functional
UCP1,ADRB2,0.457,functional_association,functional
UCP1,PLIN2,0.464,functional_association,functional
UCP1,G6PC2,0.477,functional_association,functional
ATP4A,ALB,0.776,functional_association,functional
ATP4A,ACE,0.771,functional_association,functional
ATP4A,CYP3A4,0.738,functional_association,functional
ATP4A,HMGCR,0.514,functional_association,functional
ATP4A,ESR1,0.465,functional_association,functional
ATP4A,CYP2C8,0.467,functional_association,functional
ATP4A,GCG,0.482,functional_association,functional
ATP4A,CYCS,0.486,functional_association,functional
ATP4A,IL1B,0.506,functional_association,functional
ATP4A,IL6,0.507,functional_association,functional
ATP4A,ABCB1,0.526,functional_association,functional
ATP4A,CYP2D6,0.714,functional_association,functional
ATP4A,REN,0.536,functional_association,functional
ATP4A,TNF,0.554,functional_association,functional
ATP4A,PTGS2,0.594,functional_association,functional
ATP4A,AKT1,0.611,functional_association,functional
ATP4A,GPT,0.618,functional_association,functional
ATP4A,INS,0.642,functional_association,functional
UCP1,DGAT1,0.485,functional_association,functional
UCP1,ALB,0.498,functional_association,functional
MAPK3,BACE1,0.406,functional_association,functional
UCP1,STAT3,0.501,functional_association,functional
UCP1,LPL,0.632,functional_association,functional
UCP1,FASN,0.68,functional_association,functional
UCP1,SLC2A4,0.723,functional_association,functional
UCP1,PPARD,0.744,functional_association,functional
UCP1,CPT1A,0.745,functional_association,functional
UCP1,SREBF1,0.747,functional_association,functional
UCP1,PNPLA2,0.774,functional_association,functional
UCP1,ADIPOQ,0.832,functional_association,functional
UCP1,INS,0.868,functional_association,functional
UCP1,LEP,0.874,functional_association,functional
UCP1,PPARA,0.919,functional_association,functional
UCP1,PPARG,0.925,functional_association,functional
UCP1,PPARGC1A,0.943,functional_association,functional
MAPK3,CYP7A1,0.4,functional_association,functional
MAPK3,GPT,0.401,functional_association,functional
UCP1,CD36,0.611,functional_association,functional
UCP1,ACOX1,0.61,functional_association,functional
UCP1,ACTB,0.605,functional_association,functional
UCP1,IL1B,0.528,functional_association,functional
UCP1,MLXIPL,0.506,functional_association,functional
UCP1,TNF,0.507,functional_association,functional
UCP1,CPT2,0.516,functional_association,functional
UCP1,NR1H4,0.517,functional_association,functional
UCP1,PXDNL,0.521,functional_association,functional
UCP1,ACACA,0.523,functional_association,functional
UCP1,CYCS,0.531,functional_association,functional
UCP1,SCARB2,0.602,functional_association,functional
UCP1,SCD,0.543,functional_association,functional
UCP1,GAPDH,0.56,functional_association,functional
UCP1,IRS1,0.562,functional_association,functional
UCP1,AKT1,0.57,functional_association,functional
UCP1,IL6,0.577,functional_association,functional
UCP1,GCG,0.584,functional_association,functional
APP,ACE,0.516,functional_association,functional
