gene_name,BP,CC,MF
AACS,"['GO:0046951', 'GO:0006631', 'GO:0032024']",['GO:0005829'],"['GO:0030729', 'GO:0005524']"
AARS1,"['GO:0043524', 'GO:0021680', 'GO:0006419', 'GO:0006418', 'GO:0140018', 'GO:0006400', 'GO:0051402', 'GO:0008033', 'GO:0050885', 'GO:1901797', 'GO:0035332']","['GO:0005829', 'GO:0070062', 'GO:0005737', 'GO:0005634', 'GO:0016020']","['GO:0002161', 'GO:0000049', 'GO:0008270', 'GO:0005524', 'GO:0004813', 'GO:0002196', 'GO:0016597', 'GO:0141207']"
AASDH,['GO:0006631'],[],"['GO:0016874', 'GO:0005524']"
ABCA1,"['GO:0009306', 'GO:0033552', 'GO:0043691', 'GO:0042632', 'GO:0033344', 'GO:0071222', 'GO:0055091', 'GO:0060155', 'GO:0023061', 'GO:0071397', 'GO:0071806', 'GO:0071466', 'GO:0007189', 'GO:0034616', 'GO:0090107', 'GO:0042158', 'GO:0007040', 'GO:0090108', 'GO:0045332', 'GO:0010875', 'GO:0033700', 'GO:0008203', 'GO:0010745', 'GO:0034380', 'GO:0006911', 'GO:0140115', 'GO:0032489', 'GO:0007186', 'GO:0071404', 'GO:0016197', 'GO:0010887', 'GO:0032367', 'GO:0071300', 'GO:0071345']","['GO:0045121', 'GO:0005768', 'GO:0097708', 'GO:0016323', 'GO:0005789', 'GO:0005794', 'GO:0030139', 'GO:0005886', 'GO:0048471', 'GO:0045335', 'GO:0009897']","['GO:0005524', 'GO:0019905', 'GO:0008320', 'GO:0120020', 'GO:0034188', 'GO:0034186', 'GO:0008035', 'GO:0005102', 'GO:0042626', 'GO:0034185', 'GO:0015485', 'GO:0046623', 'GO:0016887', 'GO:0140359', 'GO:0140328', 'GO:0031210', 'GO:0051117', 'GO:0031267', 'GO:0090554', 'GO:0090556']"
ABCB1,"['GO:0006805', 'GO:0071475', 'GO:1902396', 'GO:0050892', 'GO:0001666', 'GO:0140115', 'GO:1904478', 'GO:0071222', 'GO:0007595', 'GO:0046686', 'GO:0032570', 'GO:0009410', 'GO:0045332', 'GO:0033189', 'GO:0071217', 'GO:1990963', 'GO:0009914', 'GO:0046865', 'GO:0033762', 'GO:0055085', 'GO:1905039', 'GO:0071356', 'GO:1990961', 'GO:1905232', 'GO:0007623', 'GO:0035633', 'GO:1903416', 'GO:0070633', 'GO:0036146', 'GO:1905235', 'GO:0071392', 'GO:0060856', 'GO:0072089', 'GO:0150104', 'GO:0001890', 'GO:0071549', 'GO:0000086', 'GO:1904057', 'GO:0007565', 'GO:0097327', 'GO:0033280', 'GO:0097068', 'GO:0099040', 'GO:1990962', 'GO:0097305', 'GO:2001225', 'GO:0071312', 'GO:0071236']","['GO:0005886', 'GO:0070062', 'GO:0098591', 'GO:0016324', 'GO:0016020', 'GO:0031526', 'GO:0009986', 'GO:0005737']","['GO:0015562', 'GO:0099038', 'GO:0005524', 'GO:0016887', 'GO:0140341', 'GO:0008559', 'GO:0046943', 'GO:0022857', 'GO:0031625', 'GO:0090555', 'GO:0042626', 'GO:0042910', 'GO:0140328', 'GO:0090554']"
ABCB11,"['GO:0042632', 'GO:0055091', 'GO:0055085', 'GO:0006631', 'GO:0006855', 'GO:0031998', 'GO:0006805', 'GO:0016567', 'GO:0046618', 'GO:0015722', 'GO:0008206', 'GO:0015721', 'GO:0120189', 'GO:0006699', 'GO:0055088']","['GO:0046691', 'GO:0005768', 'GO:0009986', 'GO:0070062', 'GO:0016324', 'GO:0046581', 'GO:0005886', 'GO:0055038', 'GO:0055037']","['GO:0005524', 'GO:0015432', 'GO:0008559', 'GO:0015126', 'GO:0016887', 'GO:0015125']"
ABCB4,"['GO:0032376', 'GO:0055085', 'GO:0061092', 'GO:0032782', 'GO:1903413', 'GO:0045332', 'GO:1901557', 'GO:0006629', 'GO:2001140', 'GO:0055088']","['GO:0045121', 'GO:0005829', 'GO:0070062', 'GO:0005737', 'GO:0030136', 'GO:0016324', 'GO:0046581', 'GO:0005886', 'GO:0016020', 'GO:0005654', 'GO:0005925']","['GO:0005524', 'GO:0042626', 'GO:0016887', 'GO:0140359', 'GO:0090554']"
ABCC2,"['GO:0150104', 'GO:0060416', 'GO:0042167', 'GO:0071716', 'GO:0015723', 'GO:0055085', 'GO:0006855', 'GO:0006749', 'GO:0015694', 'GO:0006805', 'GO:0072014', 'GO:0010467', 'GO:1990961', 'GO:0016071', 'GO:0010629', 'GO:1901652', 'GO:1904567', 'GO:0055007', 'GO:0046618', 'GO:0015721', 'GO:1990962', 'GO:0043491', 'GO:0015779', 'GO:0034635', 'GO:0032868', 'GO:0070633', 'GO:0072718']","['GO:0009986', 'GO:0031982', 'GO:0016324', 'GO:0046581', 'GO:0005886']","['GO:0005524', 'GO:0008559', 'GO:0015431', 'GO:0042626', 'GO:0042910', 'GO:0016887', 'GO:0140359', 'GO:0019534', 'GO:0015127']"
ABCG1,"['GO:0043691', 'GO:0042632', 'GO:0042987', 'GO:0034375', 'GO:0033344', 'GO:0055091', 'GO:0055085', 'GO:0033993', 'GO:0090181', 'GO:1990961', 'GO:0034436', 'GO:0050714', 'GO:0010875', 'GO:0033700', 'GO:0008203', 'GO:0010745', 'GO:0071403', 'GO:1902004', 'GO:0034374', 'GO:0045542', 'GO:0010887', 'GO:0032367']","['GO:0005768', 'GO:0005739', 'GO:0005789', 'GO:0005794', 'GO:0000139', 'GO:0005886', 'GO:0005654', 'GO:0009897', 'GO:0055037']","['GO:0046982', 'GO:0005524', 'GO:0120020', 'GO:0042803', 'GO:0043531', 'GO:0015485', 'GO:0016887', 'GO:0034041', 'GO:0140328', 'GO:0019534', 'GO:0090554', 'GO:0005543']"
ABCG2,"['GO:0015878', 'GO:0150104', 'GO:0097744', 'GO:0032218', 'GO:0055085', 'GO:0046415', 'GO:0015711', 'GO:1990962', 'GO:0030148', 'GO:0140115', 'GO:0070633', 'GO:1990748']","['GO:0045121', 'GO:0098591', 'GO:0016324', 'GO:0005886', 'GO:0031526', 'GO:0005654', 'GO:0031966']","['GO:0015143', 'GO:0015562', 'GO:0005524', 'GO:0008559', 'GO:0042803', 'GO:0042626', 'GO:0046624', 'GO:0042910', 'GO:0032217', 'GO:0016887', 'GO:0042802', 'GO:0015225']"
ABCG5,"['GO:0030299', 'GO:0070328', 'GO:0010212', 'GO:0042632', 'GO:0015918', 'GO:0007584', 'GO:0033344', 'GO:0055085', 'GO:0009410', 'GO:0014850', 'GO:0045796', 'GO:0010949']","['GO:0016324', 'GO:0043235', 'GO:0005886', 'GO:0043190']","['GO:0046982', 'GO:0005524', 'GO:0120020', 'GO:0042626', 'GO:0016887', 'GO:0046872', 'GO:0140359']"
ABCG8,"['GO:0030299', 'GO:0070328', 'GO:0042632', 'GO:0015918', 'GO:0007584', 'GO:0033344', 'GO:0055085', 'GO:0009410', 'GO:0014850', 'GO:0015914', 'GO:0045796', 'GO:0010949']","['GO:0016324', 'GO:0043235', 'GO:0005886', 'GO:0043190']","['GO:0046982', 'GO:0005524', 'GO:0120020', 'GO:0042626', 'GO:0016887', 'GO:0046872', 'GO:0140359']"
ACAA1,"['GO:0006635', 'GO:0000038', 'GO:0008206', 'GO:0036109', 'GO:0010124', 'GO:0033540']","['GO:0016020', 'GO:0035580', 'GO:0005576', 'GO:0005829', 'GO:0005782', 'GO:0005777']","['GO:0003988', 'GO:0050633', 'GO:0003985', 'GO:0008775', 'GO:0120524']"
ACAA2,"['GO:0006635', 'GO:0006695', 'GO:0071456', 'GO:1902109', 'GO:1901029']","['GO:0005739', 'GO:0005759', 'GO:0016604', 'GO:0036064']","['GO:0003988', 'GO:0003986', 'GO:0047617', 'GO:0003985', 'GO:0003723']"
ACACA,"['GO:0051289', 'GO:0006084', 'GO:0001894', 'GO:0046949', 'GO:2001295', 'GO:0055088', 'GO:0071380', 'GO:0006633']","['GO:0015629', 'GO:0005739', 'GO:0001650', 'GO:0005829']","['GO:0042802', 'GO:0003989', 'GO:0046872', 'GO:0005524']"
ACACB,"['GO:0097009', 'GO:0090461', 'GO:0072350', 'GO:0055089', 'GO:0007584', 'GO:0061771', 'GO:0009410', 'GO:0019395', 'GO:0010884', 'GO:0006098', 'GO:0060421', 'GO:1903242', 'GO:0006633', 'GO:0051289', 'GO:0031999', 'GO:0006084', 'GO:0010906', 'GO:2001295']","['GO:0005829', 'GO:0005634', 'GO:0005739', 'GO:0005741', 'GO:0016507']","['GO:0005524', 'GO:0003989', 'GO:0042802', 'GO:0046872', 'GO:0009374']"
ACAT1,"['GO:0015936', 'GO:0006085', 'GO:0042632', 'GO:0042594', 'GO:0033344', 'GO:0042986', 'GO:0034383', 'GO:0009725', 'GO:0072229', 'GO:0001889', 'GO:1902224', 'GO:0008203', 'GO:0010742', 'GO:0006635', 'GO:0006550', 'GO:0010878', 'GO:0060612', 'GO:0046952', 'GO:0034379', 'GO:1902860', 'GO:0046356', 'GO:0015937']","['GO:0005759', 'GO:0070062', 'GO:0005739', 'GO:0005789', 'GO:0016020', 'GO:0005783']","['GO:0030955', 'GO:0034736', 'GO:0004772', 'GO:0000062', 'GO:0019899', 'GO:0120225', 'GO:0015485', 'GO:0042802', 'GO:0016453', 'GO:0003985']"
ACAT2,"['GO:0030299', 'GO:0042632', 'GO:0033344', 'GO:0006631', 'GO:0010142', 'GO:0034383', 'GO:0045797', 'GO:0008203', 'GO:0010742', 'GO:0010878', 'GO:0006629', 'GO:0034379']","['GO:0005829', 'GO:0070062', 'GO:0005737', 'GO:0005903', 'GO:0005789', 'GO:0005783']","['GO:0034736', 'GO:0016746', 'GO:0004772', 'GO:0000062', 'GO:0015485', 'GO:0003985']"
ACE,"['GO:0003084', 'GO:0048167', 'GO:0007283', 'GO:0001974', 'GO:0060218', 'GO:0014910', 'GO:0008217', 'GO:0002446', 'GO:0010814', 'GO:0002003', 'GO:0050482', 'GO:0019229', 'GO:0002019', 'GO:0010629', 'GO:0060177', 'GO:0032943', 'GO:0010815', 'GO:1903597', 'GO:0008584', 'GO:0042447', 'GO:0050435', 'GO:0071838', 'GO:0038166', 'GO:0060047', 'GO:0097746', 'GO:1902033', 'GO:0042445', 'GO:0001822', 'GO:0002474', 'GO:0086091', 'GO:0003081', 'GO:0043171', 'GO:0006508', 'GO:0010608']","['GO:0005768', 'GO:0005576', 'GO:0070062', 'GO:0005764', 'GO:0005886', 'GO:0009897']","['GO:0004175', 'GO:0008270', 'GO:0004181', 'GO:0031434', 'GO:0008241', 'GO:0005516', 'GO:0031711', 'GO:0003779', 'GO:0070573', 'GO:0004222', 'GO:0008240', 'GO:0008237', 'GO:0008238', 'GO:0051019', 'GO:0008233', 'GO:0031404']"
ACLY,"['GO:0015936', 'GO:0006085', 'GO:0110076', 'GO:0006695', 'GO:0008610', 'GO:0006107', 'GO:0006633', 'GO:0006101']","['GO:0005576', 'GO:1904813', 'GO:0005829', 'GO:0035869', 'GO:0070062', 'GO:0036064', 'GO:0097228', 'GO:0016020', 'GO:0035578', 'GO:0005654']","['GO:0005524', 'GO:0003878', 'GO:0046872']"
ACOX1,"['GO:0006636', 'GO:0016559', 'GO:0006693', 'GO:0007283', 'GO:0042632', 'GO:0033540', 'GO:0009062', 'GO:0019395', 'GO:0036109', 'GO:0006091', 'GO:0055088', 'GO:0140493', 'GO:0042759', 'GO:0000038', 'GO:0006629', 'GO:0050665']","['GO:0005829', 'GO:0005778', 'GO:0005777', 'GO:0016020', 'GO:0005782']","['GO:0030165', 'GO:0042803', 'GO:0071949', 'GO:0050660', 'GO:0005504', 'GO:0120524', 'GO:0003997']"
ACOX3,['GO:0033540'],"['GO:0016020', 'GO:0005829', 'GO:0005782', 'GO:0005777']","['GO:0050660', 'GO:0016402', 'GO:0071949', 'GO:0005504']"
ACSL1,"['GO:0043651', 'GO:0007584', 'GO:0034201', 'GO:0008610', 'GO:0035338', 'GO:0042178', 'GO:0010747', 'GO:0044539', 'GO:0001676', 'GO:0033211', 'GO:0000038', 'GO:0006633', 'GO:0120162', 'GO:0019432', 'GO:0015908']","['GO:0005739', 'GO:0005778', 'GO:0005789', 'GO:0005741', 'GO:0016020', 'GO:0005783']","['GO:0047676', 'GO:0090434', 'GO:0090433', 'GO:0005524', 'GO:0004467', 'GO:0050197', 'GO:0043539', 'GO:0070251']"
ACSL3,"['GO:0006631', 'GO:0030182', 'GO:0035338', 'GO:0051047', 'GO:0044539', 'GO:0035336', 'GO:0042998', 'GO:0001676', 'GO:2001247', 'GO:0034379']","['GO:0005778', 'GO:0005789', 'GO:0005794', 'GO:0005741', 'GO:0005886', 'GO:0016020', 'GO:0048471', 'GO:0005811', 'GO:0005783']","['GO:0047676', 'GO:0090433', 'GO:0005524', 'GO:0031956', 'GO:0004467', 'GO:0019901', 'GO:0019904']"
ACSL4,"['GO:0006636', 'GO:0032307', 'GO:0008610', 'GO:0006631', 'GO:0030307', 'GO:0030182', 'GO:0035338', 'GO:0160020', 'GO:0036109', 'GO:0035336', 'GO:0001676', 'GO:0042759', 'GO:0060136', 'GO:0006629', 'GO:0032024']","['GO:0070062', 'GO:0044233', 'GO:0005737', 'GO:0005739', 'GO:0005778', 'GO:0005789', 'GO:0005741', 'GO:0005886', 'GO:0016020', 'GO:0005811', 'GO:0005783']","['GO:0047676', 'GO:0090433', 'GO:0005524', 'GO:0004467', 'GO:0031957']"
ACSS1,"['GO:0006085', 'GO:0006068', 'GO:0019413', 'GO:0019542']","['GO:0005739', 'GO:0005759']","['GO:0005524', 'GO:0003987', 'GO:0050218', 'GO:0016208']"
ACSS2,"['GO:0007616', 'GO:0006085', 'GO:0008610', 'GO:0006068', 'GO:0019413', 'GO:0019542']","['GO:0005759', 'GO:0005737', 'GO:0005829', 'GO:0005634']","['GO:0050218', 'GO:0003713', 'GO:0005524', 'GO:0003682', 'GO:0003987', 'GO:0016208']"
ACTB,"['GO:0030071', 'GO:0071896', 'GO:0051621', 'GO:0045597', 'GO:0006357', 'GO:1902459', 'GO:0006338', 'GO:0021762', 'GO:0070527', 'GO:0007163', 'GO:0034333', 'GO:2000045', 'GO:0007010', 'GO:0035633', 'GO:1903076', 'GO:0048870', 'GO:0001738', 'GO:2000819', 'GO:1905168', 'GO:0042981', 'GO:0051726', 'GO:0051623', 'GO:0045893', 'GO:0045596', 'GO:0150111', 'GO:1900242', 'GO:0045663', 'GO:0045582', 'GO:2000779', 'GO:0070316', 'GO:0007409', 'GO:2000781', 'GO:0008284', 'GO:0045176', 'GO:0072749']","['GO:0030424', 'GO:0070160', 'GO:0097433', 'GO:0016514', 'GO:0005912', 'GO:0005886', 'GO:0016586', 'GO:0070062', 'GO:0035267', 'GO:0000785', 'GO:0043296', 'GO:0005634', 'GO:0098793', 'GO:0005925', 'GO:0030027', 'GO:0045202', 'GO:0032991', 'GO:1990904', 'GO:0031982', 'GO:0005884', 'GO:0000786', 'GO:0098871', 'GO:0072562', 'GO:0016020', 'GO:0035060', 'GO:0005856', 'GO:0098978', 'GO:0005911', 'GO:0005829', 'GO:0000776', 'GO:0005737', 'GO:0005903', 'GO:0071564', 'GO:0005654', 'GO:0098685', 'GO:0015629', 'GO:0016363', 'GO:0044305', 'GO:0030863', 'GO:0036464', 'GO:0071565']","['GO:0030235', 'GO:0098973', 'GO:0019894', 'GO:0048156', 'GO:0030957', 'GO:0005524', 'GO:0019901', 'GO:0016887', 'GO:0141108', 'GO:0050998', 'GO:0042802', 'GO:0005200']"
ACVR1C,"['GO:0002021', 'GO:0009749', 'GO:1901383', 'GO:0071363', 'GO:1901164', 'GO:0030154', 'GO:0046676', 'GO:0097190', 'GO:0038092', 'GO:0030073', 'GO:0043065', 'GO:0032924', 'GO:0019915', 'GO:0030262', 'GO:0032868', 'GO:0006468', 'GO:0001834', 'GO:0007399']","['GO:0005886', 'GO:0048179']","['GO:0005524', 'GO:0004674', 'GO:0046872', 'GO:0016361', 'GO:0017002', 'GO:0038100', 'GO:0019838']"
ADAM10,"['GO:0051089', 'GO:0001701', 'GO:0010820', 'GO:0140249', 'GO:0022617', 'GO:0042987', 'GO:0016485', 'GO:0098696', 'GO:0034332', 'GO:0032760', 'GO:1903265', 'GO:0034612', 'GO:0030307', 'GO:1901342', 'GO:0007229', 'GO:0010629', 'GO:0007173', 'GO:0007219', 'GO:0008284', 'GO:0038004', 'GO:0006509', 'GO:0007162', 'GO:0090102', 'GO:0099173', 'GO:0046931', 'GO:0030335', 'GO:0008593', 'GO:0042117', 'GO:0007267', 'GO:0099175']","['GO:0014069', 'GO:0009986', 'GO:0030424', 'GO:0070821', 'GO:0070062', 'GO:0035579', 'GO:0046930', 'GO:0030136', 'GO:0005798', 'GO:0097038', 'GO:0097060', 'GO:0097197', 'GO:0005794', 'GO:0000139', 'GO:0005912', 'GO:0005886', 'GO:0016020', 'GO:0005788', 'GO:0030425', 'GO:0005925', 'GO:0098978']","['GO:0004175', 'GO:0005178', 'GO:0017124', 'GO:0042803', 'GO:0070573', 'GO:0004222', 'GO:0046872', 'GO:0008237', 'GO:1902945']"
ADCY9,"['GO:0001701', 'GO:0006171', 'GO:0035556', 'GO:0003091', 'GO:0007189', 'GO:0007165', 'GO:0097700', 'GO:0071880', 'GO:0071377']","['GO:0005929', 'GO:0030424', 'GO:0005829', 'GO:0036064', 'GO:0005886', 'GO:0016020', 'GO:0030425']","['GO:0005524', 'GO:0046872', 'GO:0004016']"
ADIPOQ,"['GO:0070994', 'GO:0071639', 'GO:0034115', 'GO:0010642', 'GO:0030336', 'GO:0045471', 'GO:0050805', 'GO:0001666', 'GO:0010875', 'GO:0050765', 'GO:0120162', 'GO:1904706', 'GO:0071320', 'GO:0141163', 'GO:0009749', 'GO:0048261', 'GO:0007584', 'GO:0034612', 'GO:0046888', 'GO:0019395', 'GO:0045923', 'GO:0070373', 'GO:2000584', 'GO:2000467', 'GO:0043124', 'GO:0050873', 'GO:0006091', 'GO:0032757', 'GO:0120163', 'GO:0042593', 'GO:0010804', 'GO:0071872', 'GO:1904753', 'GO:0046326', 'GO:0010906', 'GO:0060621', 'GO:0043407', 'GO:0014823', 'GO:0010467', 'GO:0045721', 'GO:0071466', 'GO:0043123', 'GO:0030853', 'GO:0007623', 'GO:0009967', 'GO:0045776', 'GO:0051384', 'GO:0045650', 'GO:0045892', 'GO:0032720', 'GO:0070543', 'GO:0034383', 'GO:0006006', 'GO:0050728', 'GO:0009744', 'GO:0032869', 'GO:0045599', 'GO:0033034', 'GO:0033211', 'GO:0010745', 'GO:2000590', 'GO:0006635', 'GO:0009617', 'GO:2000534']","['GO:0031012', 'GO:0005783', 'GO:0005576', 'GO:0009986', 'GO:0005581']","['GO:0005102', 'GO:0033691', 'GO:0042803', 'GO:0005125', 'GO:0043539', 'GO:0005179']"
ADRB2,"['GO:0007188', 'GO:0141163', 'GO:0030501', 'GO:0106134', 'GO:0009409', 'GO:0045744', 'GO:0071881', 'GO:0098990', 'GO:1904504', 'GO:0045453', 'GO:0008333', 'GO:0040015', 'GO:0050873', 'GO:1904646', 'GO:0061885', 'GO:0071880', 'GO:0006939', 'GO:0006366', 'GO:0043410', 'GO:0071875', 'GO:0002024', 'GO:0045944', 'GO:0010666', 'GO:0002025', 'GO:1990911', 'GO:0010667', 'GO:1901098', 'GO:0007166', 'GO:0045986', 'GO:0120162', 'GO:0002028', 'GO:0006898']","['GO:0005768', 'GO:0005929', 'GO:0015630', 'GO:0072686', 'GO:0045171', 'GO:0010008', 'GO:0030669', 'GO:0005764', 'GO:0005634', 'GO:0036064', 'GO:0016324', 'GO:0043235', 'GO:0005794', 'GO:0005886', 'GO:0016020', 'GO:0005769', 'GO:0098992']","['GO:0008179', 'GO:0051380', 'GO:0015459', 'GO:0044877', 'GO:0004941', 'GO:0042803', 'GO:0001540', 'GO:0042802']"
AGT,"['GO:0010744', 'GO:0001974', 'GO:0038060', 'GO:0051897', 'GO:0042127', 'GO:0008217', 'GO:0050729', 'GO:0001558', 'GO:0002034', 'GO:0043407', 'GO:0090190', 'GO:0007199', 'GO:1903598', 'GO:0035813', 'GO:2000379', 'GO:0010613', 'GO:0001819', 'GO:0002016', 'GO:0019229', 'GO:0051387', 'GO:0002019', 'GO:1990776', 'GO:0042310', 'GO:1903779', 'GO:0014873', 'GO:0038166', 'GO:0007200', 'GO:1901203', 'GO:2001238', 'GO:0001822', 'GO:0048146', 'GO:0034374', 'GO:0007186', 'GO:0007267', 'GO:0042981', 'GO:1901201', 'GO:0090205', 'GO:0010595', 'GO:0045742', 'GO:0010718', 'GO:1902895', 'GO:0002018', 'GO:0045893', 'GO:0003014']","['GO:0005576', 'GO:0070062', 'GO:0031012', 'GO:0072562']","['GO:0031703', 'GO:0031702', 'GO:0004867', 'GO:0008083', 'GO:0005179']"
AKT1,"['GO:0035924', 'GO:1905552', 'GO:0032079', 'GO:0031929', 'GO:0045600', 'GO:0010765', 'GO:0048661', 'GO:0043161', 'GO:0007165', 'GO:0003376', 'GO:0097700', 'GO:0046622', 'GO:0043491', 'GO:0035655', 'GO:0010975', 'GO:0031295', 'GO:0046777', 'GO:0005979', 'GO:0006468', 'GO:0006809', 'GO:0001938', 'GO:0010628', 'GO:1903898', 'GO:0060644', 'GO:0060416', 'GO:1903318', 'GO:0097194', 'GO:0001893', 'GO:0030307', 'GO:1903038', 'GO:0035556', 'GO:0043276', 'GO:0008637', 'GO:0007173', 'GO:0032287', 'GO:1905786', 'GO:1900087', 'GO:0048009', 'GO:1903078', 'GO:0045861', 'GO:1901796', 'GO:0042593', 'GO:0006417', 'GO:0005978', 'GO:0110002', 'GO:0030335', 'GO:0046326', 'GO:0010507', 'GO:0010907', 'GO:0045725', 'GO:0034405', 'GO:0099175', 'GO:0045429', 'GO:1990090', 'GO:0043536', 'GO:1904263', 'GO:0033138', 'GO:0051247', 'GO:0008283', 'GO:0031663', 'GO:0002430', 'GO:0036294', 'GO:0019221', 'GO:0072656', 'GO:1904515', 'GO:0032094', 'GO:0071364', 'GO:0006924', 'GO:0160213', 'GO:0140052', 'GO:0043066', 'GO:0071356', 'GO:1902018', 'GO:0031641', 'GO:0010467', 'GO:0046209', 'GO:0150033', 'GO:1990418', 'GO:0032436', 'GO:0018107', 'GO:0006954', 'GO:0006979', 'GO:0016567', 'GO:0001649', 'GO:0090201', 'GO:2000074', 'GO:0010761', 'GO:0071380', 'GO:1900182', 'GO:0043488', 'GO:0006606', 'GO:0097011', 'GO:0051146', 'GO:0008286', 'GO:0031999', 'GO:0042981', 'GO:0010595', 'GO:0002042', 'GO:0048266', 'GO:2000010', 'GO:0072752', 'GO:0010748', 'GO:0009408', 'GO:0031397', 'GO:0033554', 'GO:0060079', 'GO:0030154', 'GO:0060716', 'GO:0006006', 'GO:2000402', 'GO:0032869', 'GO:0160049', 'GO:2001240', 'GO:1901653', 'GO:1902176', 'GO:0030334', 'GO:0010763', 'GO:0016242', 'GO:0045944', 'GO:0070848', 'GO:0070141', 'GO:0007186', 'GO:1903384', 'GO:0016310', 'GO:0046889', 'GO:0045746', 'GO:0018105']","['GO:0036064', 'GO:0005886', 'GO:0097229', 'GO:0005938', 'GO:0005758', 'GO:0005634', 'GO:0030027', 'GO:0032991', 'GO:0033011', 'GO:0031982', 'GO:0015630', 'GO:0097228', 'GO:0016020', 'GO:0005819', 'GO:0120238', 'GO:0098978', 'GO:0005929', 'GO:0005911', 'GO:0005829', 'GO:0005737', 'GO:0005739', 'GO:0098794', 'GO:0005654']","['GO:0004672', 'GO:0019900', 'GO:0030235', 'GO:0019899', 'GO:0071889', 'GO:0099104', 'GO:0004674', 'GO:0106310', 'GO:0005524', 'GO:0042803', 'GO:0019901', 'GO:1904841', 'GO:0005516', 'GO:0016301', 'GO:0042802', 'GO:0004712', 'GO:0043325', 'GO:0030291', 'GO:0005547']"
AKT2,"['GO:0043536', 'GO:0090314', 'GO:0050821', 'GO:2000147', 'GO:0043066', 'GO:0035556', 'GO:0071486', 'GO:0006006', 'GO:0032287', 'GO:0032000', 'GO:0072659', 'GO:0032869', 'GO:0045444', 'GO:0007165', 'GO:0030334', 'GO:0005978', 'GO:0036211', 'GO:0030335', 'GO:0008286', 'GO:0046326', 'GO:0051726', 'GO:0010907', 'GO:0045725', 'GO:0010748', 'GO:1903676', 'GO:1903898', 'GO:0060644']","['GO:0005829', 'GO:0032587', 'GO:0005737', 'GO:0005634', 'GO:0005886', 'GO:0005654', 'GO:0005769', 'GO:0005938']","['GO:0106310', 'GO:0140677', 'GO:0005524', 'GO:0004674', 'GO:0046872']"
ALAD,"['GO:0033197', 'GO:0043200', 'GO:0010044', 'GO:0046686', 'GO:0071284', 'GO:0010212', 'GO:0006783', 'GO:0006785', 'GO:0010269', 'GO:0009410', 'GO:0014823', 'GO:0070542', 'GO:0045471', 'GO:0070541', 'GO:0071353', 'GO:0006784', 'GO:0046685', 'GO:0006979', 'GO:0010043', 'GO:0051260', 'GO:0032025', 'GO:0001666', 'GO:0009635', 'GO:0006782', 'GO:0046689', 'GO:0010266', 'GO:0010039', 'GO:1901799', 'GO:0051597', 'GO:0051384', 'GO:0032496']","['GO:0005576', 'GO:1904813', 'GO:0005829', 'GO:0070062', 'GO:0034774', 'GO:0005634']","['GO:0008270', 'GO:0003824', 'GO:0004655', 'GO:0042802', 'GO:1904854']"
ALB,"['GO:0090162', 'GO:0051902', 'GO:0015723', 'GO:0060271', 'GO:0043297', 'GO:0072732', 'GO:0009267', 'GO:0031667']","['GO:0032991', 'GO:0005813', 'GO:0005929', 'GO:0005576', 'GO:0005829', 'GO:0035869', 'GO:0070062', 'GO:0005634', 'GO:0036064', 'GO:0031093', 'GO:0072562', 'GO:0097539', 'GO:0005794', 'GO:0005814', 'GO:0005788', 'GO:0070161', 'GO:0000922', 'GO:0005783']","['GO:0140272', 'GO:0015643', 'GO:0140104', 'GO:1903981', 'GO:0005504', 'GO:0003677', 'GO:0016209', 'GO:0042802', 'GO:0005507', 'GO:0030170', 'GO:0051087']"
AMFR,"['GO:0007611', 'GO:2000638', 'GO:0044314', 'GO:0090090', 'GO:0051865', 'GO:0030968', 'GO:0070936', 'GO:0038061', 'GO:0007165', 'GO:0036503', 'GO:0006511', 'GO:1904380', 'GO:0016055', 'GO:0000209']","['GO:0032991', 'GO:0044322', 'GO:0030426', 'GO:0005829', 'GO:0000151', 'GO:0005789', 'GO:0005794', 'GO:0016020', 'GO:0030425', 'GO:0048471', 'GO:0043025', 'GO:0036513', 'GO:0005783']","['GO:0034450', 'GO:0008270', 'GO:0038023', 'GO:0043130', 'GO:0061630', 'GO:0030674', 'GO:1904288', 'GO:1990381', 'GO:0042802', 'GO:0004842', 'GO:0051087']"
ANGPTL3,"['GO:0070328', 'GO:0042632', 'GO:0090318', 'GO:0055091', 'GO:0006631', 'GO:0007229', 'GO:0048844', 'GO:0001525', 'GO:0009725', 'GO:0007165', 'GO:0009395', 'GO:0019915', 'GO:0045766', 'GO:0008203', 'GO:0006071', 'GO:0030335', 'GO:0006644', 'GO:0010903', 'GO:0007160', 'GO:0050996', 'GO:0055090', 'GO:0055088']","['GO:0005576', 'GO:0009986', 'GO:0005794', 'GO:0005769', 'GO:0030027']","['GO:0055102', 'GO:0008201', 'GO:0004857', 'GO:0005178', 'GO:0004859', 'GO:0008083', 'GO:0035473']"
APOA1,"['GO:0006656', 'GO:0006695', 'GO:0034375', 'GO:0033344', 'GO:0035025', 'GO:0034115', 'GO:0007229', 'GO:0050919', 'GO:1900026', 'GO:0010875', 'GO:0060761', 'GO:0033700', 'GO:0090205', 'GO:0030301', 'GO:0070508', 'GO:0034384', 'GO:0018158', 'GO:1902995', 'GO:0060354', 'GO:0010804', 'GO:0019915', 'GO:0008203', 'GO:0034380', 'GO:0001935', 'GO:0030325', 'GO:0051496', 'GO:0071402', 'GO:0043691', 'GO:0042632', 'GO:0050821', 'GO:0055091', 'GO:0018206', 'GO:0042158', 'GO:0043534', 'GO:0010903', 'GO:0034205', 'GO:0070328', 'GO:0032691', 'GO:0051180', 'GO:0008211', 'GO:0050766', 'GO:0002719', 'GO:0050728', 'GO:0032489', 'GO:0007186', 'GO:0055090']","['GO:0031410', 'GO:0005886', 'GO:0071682', 'GO:0070062', 'GO:0034362', 'GO:1903561', 'GO:0072562', 'GO:0030139', 'GO:0005788', 'GO:0005769', 'GO:0005576', 'GO:0005829', 'GO:0034364', 'GO:0034774', 'GO:0034366', 'GO:0042627', 'GO:0034361']","['GO:0008035', 'GO:0005102', 'GO:0019899', 'GO:0034190', 'GO:0070653', 'GO:0015485', 'GO:0120020', 'GO:0042803', 'GO:0001540', 'GO:0060228', 'GO:0031072', 'GO:0042802', 'GO:0005543', 'GO:0048018', 'GO:0034191', 'GO:0045499']"
APOA5,"['GO:0070328', 'GO:0034370', 'GO:0042632', 'GO:0010898', 'GO:0019433', 'GO:0033344', 'GO:0010902', 'GO:0034447', 'GO:0033700', 'GO:0042157', 'GO:0008203', 'GO:0048260', 'GO:0006869', 'GO:0045723', 'GO:0042246', 'GO:0006641', 'GO:0050996', 'GO:0055090']","['GO:0005576', 'GO:0034364', 'GO:1903561', 'GO:0005794', 'GO:0042627', 'GO:0005788', 'GO:0034361', 'GO:0005769', 'GO:0005770']","['GO:0008201', 'GO:0120020', 'GO:0060229', 'GO:0019899', 'GO:0060230', 'GO:0070325', 'GO:0035473', 'GO:0031210', 'GO:0060228', 'GO:0008289', 'GO:0050750', 'GO:0005543']"
APOB,"['GO:0010744', 'GO:0007283', 'GO:0001701', 'GO:0042953', 'GO:0042632', 'GO:0009615', 'GO:0042159', 'GO:0033344', 'GO:0019433', 'GO:0010884', 'GO:0030301', 'GO:0034383', 'GO:0048844', 'GO:0042158', 'GO:0010886', 'GO:0051649', 'GO:0008203', 'GO:0006642', 'GO:0009566', 'GO:0034374', 'GO:0007399', 'GO:0010628', 'GO:0034379', 'GO:0045540', 'GO:0009791', 'GO:0071402', 'GO:0030317']","['GO:0005576', 'GO:0005790', 'GO:0005829', 'GO:0031904', 'GO:0070062', 'GO:0034362', 'GO:0043231', 'GO:0034360', 'GO:0010008', 'GO:0005737', 'GO:0030669', 'GO:0043202', 'GO:0034363', 'GO:0005789', 'GO:0042627', 'GO:0005886', 'GO:0005788', 'GO:0070971', 'GO:0005811', 'GO:0034361', 'GO:0034359', 'GO:0005769', 'GO:0043025', 'GO:0071682']","['GO:0048018', 'GO:0008201', 'GO:0120020', 'GO:0035473', 'GO:0050750', 'GO:0005543']"
APOC3,"['GO:0045833', 'GO:0070328', 'GO:0043691', 'GO:0042632', 'GO:0010897', 'GO:0010916', 'GO:0034375', 'GO:0048261', 'GO:0010989', 'GO:0019433', 'GO:0033344', 'GO:0050995', 'GO:0010987', 'GO:0033700', 'GO:0042157', 'GO:0034382', 'GO:0032489', 'GO:0007186', 'GO:0045717', 'GO:0034379', 'GO:0010903', 'GO:0006641', 'GO:0060621']","['GO:0005576', 'GO:0070062', 'GO:0034363', 'GO:0034366', 'GO:0042627', 'GO:0034361', 'GO:0005769']","['GO:0055102', 'GO:0070653', 'GO:0015485', 'GO:0005543']"
APOE,"['GO:0010596', 'GO:0038060', 'GO:0034375', 'GO:0033344', 'GO:0061771', 'GO:0090090', 'GO:0045541', 'GO:0010642', 'GO:0090181', 'GO:1905908', 'GO:0051044', 'GO:0090209', 'GO:0007271', 'GO:0035641', 'GO:0010875', 'GO:1900272', 'GO:0033700', 'GO:1903002', 'GO:0097114', 'GO:0034382', 'GO:0048168', 'GO:0034374', 'GO:0061136', 'GO:1905907', 'GO:0010977', 'GO:0090205', 'GO:0010976', 'GO:0032805', 'GO:0006898', 'GO:0046907', 'GO:0032438', 'GO:0055089', 'GO:1900223', 'GO:0010877', 'GO:0071831', 'GO:0070374', 'GO:0042311', 'GO:0034384', 'GO:2000822', 'GO:0051248', 'GO:0010629', 'GO:0006874', 'GO:1902995', 'GO:0001937', 'GO:0000302', 'GO:0008203', 'GO:0050709', 'GO:0034380', 'GO:0017038', 'GO:0006641', 'GO:0071402', 'GO:1902430', 'GO:0045429', 'GO:0140077', 'GO:0002021', 'GO:0031175', 'GO:0043691', 'GO:0042632', 'GO:0045807', 'GO:0042159', 'GO:1902952', 'GO:0043254', 'GO:0010467', 'GO:0034447', 'GO:0097113', 'GO:1905890', 'GO:0048844', 'GO:0030195', 'GO:0042158', 'GO:0007010', 'GO:0042982', 'GO:0015909', 'GO:0060999', 'GO:0045088', 'GO:0007616', 'GO:0042981', 'GO:0071830', 'GO:0045893', 'GO:0044794', 'GO:0070328', 'GO:0010544', 'GO:0030516', 'GO:0048662', 'GO:0034372', 'GO:0043537', 'GO:1905906', 'GO:0051246', 'GO:0006707', 'GO:0050728', 'GO:0019068', 'GO:0043409', 'GO:1900221', 'GO:1902991', 'GO:0032489', 'GO:0007186', 'GO:0046889', 'GO:0055090']","['GO:0031012', 'GO:0005886', 'GO:0071682', 'GO:0070062', 'GO:0005634', 'GO:0034363', 'GO:0030425', 'GO:0043083', 'GO:0034362', 'GO:0030669', 'GO:1903561', 'GO:0072562', 'GO:0005794', 'GO:0042470', 'GO:0016020', 'GO:0005788', 'GO:0005769', 'GO:0043025', 'GO:0097487', 'GO:0098978', 'GO:1990777', 'GO:0005783', 'GO:0005576', 'GO:0034365', 'GO:0034364', 'GO:0034360', 'GO:0005737', 'GO:0042627', 'GO:0034361']","['GO:0046911', 'GO:0005198', 'GO:0048156', 'GO:0071813', 'GO:0005102', 'GO:0019899', 'GO:0120020', 'GO:0042803', 'GO:0001540', 'GO:0060228', 'GO:0050750', 'GO:0046983', 'GO:0043395', 'GO:0042802', 'GO:0005543', 'GO:0048018', 'GO:0008201', 'GO:0005319', 'GO:0044877', 'GO:0008289', 'GO:0070326', 'GO:0016209']"
APP,"['GO:0007611', 'GO:2000406', 'GO:0006816', 'GO:0045471', 'GO:1905908', 'GO:1904646', 'GO:0071280', 'GO:1990535', 'GO:0007417', 'GO:0048143', 'GO:1900272', 'GO:0071874', 'GO:0010628', 'GO:0030198', 'GO:0071320', 'GO:0016199', 'GO:0007612', 'GO:0070374', 'GO:0040014', 'GO:0010629', 'GO:0110088', 'GO:0007626', 'GO:0016358', 'GO:0046330', 'GO:0007617', 'GO:0006897', 'GO:0006417', 'GO:0045931', 'GO:0006878', 'GO:0150003', 'GO:0010468', 'GO:0071287', 'GO:0030111', 'GO:0002265', 'GO:1990090', 'GO:1990000', 'GO:0051247', 'GO:0031175', 'GO:0050803', 'GO:0050850', 'GO:0008088', 'GO:0032760', 'GO:0007155', 'GO:0016322', 'GO:0007219', 'GO:0070555', 'GO:1990418', 'GO:0010288', 'GO:0008542', 'GO:0036269', 'GO:0001774', 'GO:0050890', 'GO:0043523', 'GO:1900273', 'GO:0050808', 'GO:0098989', 'GO:0048169', 'GO:0098815', 'GO:0050729', 'GO:0008344', 'GO:0048669', 'GO:0007409', 'GO:0035235', 'GO:0032755', 'GO:0032731', 'GO:0032722', 'GO:0045821', 'GO:0008285', 'GO:0045944', 'GO:0014005', 'GO:1901224', 'GO:1905606']","['GO:0030424', 'GO:0031093', 'GO:0032588', 'GO:0031901', 'GO:0005886', 'GO:0055037', 'GO:0005768', 'GO:0031904', 'GO:0070062', 'GO:0005905', 'GO:0043197', 'GO:0030425', 'GO:0045202', 'GO:0005796', 'GO:0044304', 'GO:0005794', 'GO:0005641', 'GO:0106003', 'GO:0016020', 'GO:0005788', 'GO:0043204', 'GO:1990761', 'GO:0005769', 'GO:0005743', 'GO:0043198', 'GO:0005783', 'GO:0045121', 'GO:0005576', 'GO:0009986', 'GO:1990812', 'GO:0005829', 'GO:0097449', 'GO:0005737', 'GO:0005798', 'GO:0043235', 'GO:0048471', 'GO:0098992']","['GO:0005102', 'GO:0019899', 'GO:0120283', 'GO:0030546', 'GO:0046914', 'GO:0003677', 'GO:0004867', 'GO:0051425', 'GO:0042802', 'GO:0016504', 'GO:0048018', 'GO:0008201', 'GO:0070851']"
ARFGAP2,"['GO:0048205', 'GO:0015031']","['GO:0005794', 'GO:0000139', 'GO:0005829', 'GO:0005886']","['GO:0008270', 'GO:0005096']"
ARIH2,"['GO:0043161', 'GO:0070936', 'GO:0070534', 'GO:0016567', 'GO:0071425', 'GO:0048588', 'GO:0006511', 'GO:0000209']","['GO:0005654', 'GO:0000151', 'GO:0005737', 'GO:0005634']","['GO:0061630', 'GO:0008270', 'GO:0031624', 'GO:0004842']"
ARL5B,"['GO:0006886', 'GO:1903292', 'GO:0016192']","['GO:0005802', 'GO:0005737']","['GO:0003924', 'GO:0005525']"
ATP12A,"['GO:0036376', 'GO:0006883', 'GO:0030007', 'GO:0006885', 'GO:1902600', 'GO:1990573']","['GO:0016324', 'GO:0016323', 'GO:0005889', 'GO:0015629', 'GO:0005829', 'GO:0005886']","['GO:0005391', 'GO:0046872', 'GO:0005524', 'GO:0008900', 'GO:0016887']"
ATP1B3,"['GO:0086009', 'GO:1903288', 'GO:0071805', 'GO:0050821', 'GO:0036376', 'GO:0006883', 'GO:0072659', 'GO:0035725', 'GO:1903278', 'GO:0030007', 'GO:1990573']","['GO:0070062', 'GO:0005890', 'GO:0016324', 'GO:0016323', 'GO:0042470', 'GO:0036126', 'GO:0005886']","['GO:0141109', 'GO:0030674', 'GO:0001671', 'GO:0051117']"
ATP2A1,"['GO:0106134', 'GO:0045988', 'GO:0051659', 'GO:0006816', 'GO:1902082', 'GO:0006942', 'GO:0008637', 'GO:0032470', 'GO:0090076', 'GO:0006874', 'GO:0032471', 'GO:0070509', 'GO:1903779', 'GO:0070588', 'GO:0051561', 'GO:1901896', 'GO:0031448', 'GO:0070059', 'GO:1990036', 'GO:0034220', 'GO:0034976']","['GO:0031095', 'GO:0005793', 'GO:0016529', 'GO:0031673', 'GO:0005739', 'GO:0005789', 'GO:0016020', 'GO:0031674', 'GO:0048471', 'GO:0034704', 'GO:0033017']","['GO:0005524', 'GO:0030899', 'GO:0042803', 'GO:0005509', 'GO:0016887', 'GO:0005388']"
ATP4A,"['GO:0071805', 'GO:0009410', 'GO:0010155', 'GO:0036376', 'GO:0006883', 'GO:1902600', 'GO:0030007', 'GO:0045851', 'GO:0034220', 'GO:1990573']","['GO:0005889', 'GO:0016324', 'GO:0005886']","['GO:0030955', 'GO:0005524', 'GO:0005391', 'GO:0008900', 'GO:0016887', 'GO:0000287']"
AUP1,"['GO:0034389', 'GO:0036503', 'GO:0030970', 'GO:0061724', 'GO:1990044', 'GO:0140042', 'GO:0009615']","['GO:0005776', 'GO:0005811', 'GO:0005789', 'GO:0031410', 'GO:0016020', 'GO:0070062', 'GO:0005783']","['GO:0031625', 'GO:0043130', 'GO:0031624']"
AVPR2,"['GO:0003084', 'GO:0007188', 'GO:0032870', 'GO:0003092', 'GO:0007599', 'GO:0034097', 'GO:0007189', 'GO:0008284', 'GO:0001992', 'GO:1902533', 'GO:0008285', 'GO:0007190', 'GO:0070295', 'GO:0007186', 'GO:0021537', 'GO:0045907', 'GO:0010628']","['GO:0005768', 'GO:0030669', 'GO:0005794', 'GO:0030139', 'GO:0005886', 'GO:0016020', 'GO:0048471', 'GO:0005783']",['GO:0005000']
B3GAT3,"['GO:0043085', 'GO:0050650', 'GO:0050651', 'GO:0006024', 'GO:0090316', 'GO:0005975', 'GO:0015012']","['GO:0005794', 'GO:0005801', 'GO:0000139', 'GO:0016020', 'GO:0070062']","['GO:0046872', 'GO:0015018', 'GO:0072542', 'GO:0015020']"
BACE1,"['GO:1990000', 'GO:0006508', 'GO:0099171', 'GO:0042987', 'GO:0016485', 'GO:1904646', 'GO:1990418', 'GO:0071280', 'GO:0050435', 'GO:0010288', 'GO:0006509', 'GO:0036269', 'GO:0060134', 'GO:0050966', 'GO:0071287', 'GO:0140448', 'GO:0043525', 'GO:0034205']","['GO:0045121', 'GO:0005768', 'GO:0008021', 'GO:0009986', 'GO:0030424', 'GO:0070931', 'GO:0010008', 'GO:0005764', 'GO:0005794', 'GO:0005886', 'GO:0098686', 'GO:0016020', 'GO:0005788', 'GO:0030425', 'GO:0005771', 'GO:0005802', 'GO:0005769', 'GO:0005770', 'GO:0043025', 'GO:0055037']","['GO:0004175', 'GO:0019899', 'GO:0004190', 'GO:0120283', 'GO:0001540', 'GO:0008798', 'GO:0008233']"
BCL2,"['GO:0031069', 'GO:0060218', 'GO:0097192', 'GO:0071456', 'GO:0002320', 'GO:0035265', 'GO:0048741', 'GO:0030336', 'GO:0042551', 'GO:1904019', 'GO:0042542', 'GO:0051607', 'GO:0033689', 'GO:0032469', 'GO:0008584', 'GO:0006974', 'GO:0046902', 'GO:0051881', 'GO:0014911', 'GO:0043029', 'GO:0010224', 'GO:0031103', 'GO:0033033', 'GO:0010039', 'GO:0045069', 'GO:0002931', 'GO:2001234', 'GO:0006915', 'GO:2000811', 'GO:0001658', 'GO:0007015', 'GO:0001783', 'GO:0030307', 'GO:0010332', 'GO:0009410', 'GO:0045636', 'GO:0009314', 'GO:0070233', 'GO:0009636', 'GO:2000669', 'GO:0010468', 'GO:0006914', 'GO:0010507', 'GO:0010559', 'GO:0031647', 'GO:0008630', 'GO:0003014', 'GO:0072593', 'GO:0000082', 'GO:0006959', 'GO:0040018', 'GO:0010523', 'GO:0043524', 'GO:0043066', 'GO:0008625', 'GO:0034097', 'GO:0032835', 'GO:0043065', 'GO:0001503', 'GO:2001243', 'GO:0032880', 'GO:0002326', 'GO:0097049', 'GO:0098609', 'GO:0014031', 'GO:1904036', 'GO:0048536', 'GO:0001541', 'GO:0070231', 'GO:0030279', 'GO:0014909', 'GO:0001952', 'GO:0042149', 'GO:0008631', 'GO:0009791', 'GO:1902166', 'GO:0051384', 'GO:0001662', 'GO:0000209', 'GO:0048873', 'GO:0048864', 'GO:0001782', 'GO:0051902', 'GO:2000672', 'GO:0007565', 'GO:0048538', 'GO:0048041', 'GO:0030890', 'GO:0001656', 'GO:0007409', 'GO:0042100', 'GO:0002903', 'GO:0001836', 'GO:0033028', 'GO:0008284', 'GO:0050853', 'GO:0033077', 'GO:2001240', 'GO:0060402', 'GO:0048599', 'GO:0048546', 'GO:0030308', 'GO:0051924', 'GO:0022612', 'GO:0014042', 'GO:0043375', 'GO:0035094', 'GO:0051402', 'GO:2000134', 'GO:0048743', 'GO:0033687', 'GO:0070059', 'GO:0043583', 'GO:0030318']","['GO:0097138', 'GO:0005789', 'GO:0031965', 'GO:0046930', 'GO:0005634', 'GO:0032991', 'GO:0043209', 'GO:0016020', 'GO:0005783', 'GO:0005829', 'GO:0005737', 'GO:0005739', 'GO:0005741']","['GO:0015267', 'GO:0046982', 'GO:0051434', 'GO:0016248', 'GO:0043565', 'GO:0051721', 'GO:0060090', 'GO:0002020', 'GO:0140297', 'GO:0042802', 'GO:0031625']"
BTN2A1,"['GO:0050852', 'GO:0006629', 'GO:0001817']","['GO:0009897', 'GO:0005886']",['GO:0005102']
BTNL3,"['GO:0050852', 'GO:0001817', 'GO:0045062']",['GO:0009897'],['GO:0005102']
C3orf18,[],['GO:0016020'],[]
C3orf52,[],"['GO:0005886', 'GO:0005783']",[]
C9orf72,"['GO:0001933', 'GO:0010506', 'GO:0098693', 'GO:0034063', 'GO:0110053', 'GO:0061909', 'GO:0006897', 'GO:0016239', 'GO:0032880', 'GO:1903432', 'GO:1902774', 'GO:0045920', 'GO:0050777', 'GO:2000785', 'GO:0006914', 'GO:0048675']","['GO:0005768', 'GO:0044754', 'GO:0005829', 'GO:0044295', 'GO:0031965', 'GO:0099523', 'GO:0044304', 'GO:0000932', 'GO:0005737', 'GO:0005764', 'GO:0005634', 'GO:0090543', 'GO:0098686', 'GO:0098794', 'GO:0030425', 'GO:0010494', 'GO:0005776', 'GO:0043204', 'GO:0098978', 'GO:0032045']","['GO:0005085', 'GO:0005096', 'GO:0031267']"
C9orf91,[],['GO:0005886'],[]
CANX,"['GO:0009306', 'GO:0034975', 'GO:0036503', 'GO:0072583', 'GO:0019082', 'GO:0048488', 'GO:0006457']","['GO:0044322', 'GO:0070062', 'GO:0031965', 'GO:0044233', 'GO:0005789', 'GO:0098793', 'GO:0016020', 'GO:0005788', 'GO:0098553', 'GO:0031966', 'GO:0033162', 'GO:0005783']","['GO:0051082', 'GO:0030246', 'GO:0005509', 'GO:0003723']"
CARM1,"['GO:2000171', 'GO:0045600', 'GO:0032259', 'GO:0006355', 'GO:0033146', 'GO:0008284', 'GO:0071932', 'GO:0006338', 'GO:1904037', 'GO:0045943', 'GO:0051591']","['GO:0005829', 'GO:0005737', 'GO:0005634', 'GO:0043596', 'GO:0005654']","['GO:0035642', 'GO:0000976', 'GO:0008276', 'GO:0016274', 'GO:0140297', 'GO:0003713', 'GO:0070611', 'GO:0035242', 'GO:0008013', 'GO:0042054']"
CASP3,"['GO:0007611', 'GO:0007605', 'GO:0001554', 'GO:0044346', 'GO:0045471', 'GO:1904019', 'GO:0042542', 'GO:0007507', 'GO:0006974', 'GO:0045165', 'GO:0071887', 'GO:0043029', 'GO:0001666', 'GO:0034349', 'GO:0030216', 'GO:0006915', 'GO:0097194', 'GO:0009749', 'GO:0030220', 'GO:0008627', 'GO:0016485', 'GO:0034612', 'GO:0009410', 'GO:0046007', 'GO:0001818', 'GO:0009411', 'GO:0030218', 'GO:0031647', 'GO:0048011', 'GO:0032496', 'GO:0006508', 'GO:0009611', 'GO:0010165', 'GO:0021766', 'GO:0007413', 'GO:0098693', 'GO:0045786', 'GO:0070269', 'GO:0072734', 'GO:0030182', 'GO:0140639', 'GO:1990418', 'GO:0072347', 'GO:0097193', 'GO:0036269', 'GO:0032025', 'GO:0032355', 'GO:0051604', 'GO:0051146', 'GO:0061713', 'GO:0051384', 'GO:0043525', 'GO:0043200', 'GO:0016241', 'GO:0001782', 'GO:0097190', 'GO:0030889', 'GO:0030163', 'GO:1902004', 'GO:0035094', 'GO:0051402']","['GO:0005634', 'GO:0014069', 'GO:0043025', 'GO:0098978', 'GO:0005829', 'GO:0031264', 'GO:0005737', 'GO:0005654']","['GO:0005123', 'GO:0004190', 'GO:0004861', 'GO:0002020', 'GO:0016005', 'GO:0004197', 'GO:0008233', 'GO:0008047', 'GO:0044877']"
CAV1,"['GO:0051592', 'GO:2000535', 'GO:0072584', 'GO:0019065', 'GO:0006816', 'GO:0038016', 'GO:0090090', 'GO:0055074', 'GO:0019217', 'GO:0060056', 'GO:0001666', 'GO:0010875', 'GO:0051649', 'GO:0098903', 'GO:0000122', 'GO:0031295', 'GO:0030879', 'GO:0006809', 'GO:0120162', 'GO:0010628', 'GO:0002931', 'GO:0015031', 'GO:0008104', 'GO:2000811', 'GO:0030301', 'GO:0060546', 'GO:0007595', 'GO:0046426', 'GO:0098909', 'GO:0032570', 'GO:0045019', 'GO:0071455', 'GO:0006874', 'GO:2001244', 'GO:0001525', 'GO:0071711', 'GO:0033484', 'GO:0001937', 'GO:0051899', 'GO:1903361', 'GO:0019915', 'GO:0009267', 'GO:0030335', 'GO:0001935', 'GO:0010524', 'GO:0045907', 'GO:0006641', 'GO:0070836', 'GO:0031398', 'GO:0000165', 'GO:0042632', 'GO:0019221', 'GO:0016050', 'GO:0046716', 'GO:0098911', 'GO:0042310', 'GO:0001570', 'GO:0046209', 'GO:1904294', 'GO:0071375', 'GO:0043123', 'GO:0001960', 'GO:0048147', 'GO:0044860', 'GO:0051480', 'GO:0038166', 'GO:2001238', 'GO:0048550', 'GO:0048144', 'GO:1900027', 'GO:0060070', 'GO:0030514', 'GO:0031397', 'GO:0010608', 'GO:0043627', 'GO:0032507', 'GO:0006940', 'GO:0030154', 'GO:1903598', 'GO:0030857', 'GO:0097190', 'GO:1901380', 'GO:0007519', 'GO:0030193', 'GO:0031623', 'GO:1901844', 'GO:0043409', 'GO:0071560', 'GO:0086091', 'GO:0009617', 'GO:0071218']","['GO:0031410', 'GO:0005789', 'GO:0005901', 'GO:0031901', 'GO:0005886', 'GO:0005938', 'GO:0005768', 'GO:0016323', 'GO:0005925', 'GO:0002080', 'GO:0032991', 'GO:0016324', 'GO:0005794', 'GO:0002095', 'GO:0000139', 'GO:0016020', 'GO:0005783', 'GO:0045121', 'GO:0005929', 'GO:0030666', 'GO:0048471', 'GO:0005811']","['GO:0046982', 'GO:0005102', 'GO:0019899', 'GO:0015485', 'GO:0051117', 'GO:0008142', 'GO:0019901', 'GO:0030674', 'GO:0060090', 'GO:0036487', 'GO:0070320', 'GO:0044325', 'GO:0031267', 'GO:0005113', 'GO:0050998', 'GO:0042802', 'GO:0140311', 'GO:0016504', 'GO:0044877', 'GO:0030292']"
CCDC107,[],['GO:0016020'],[]
CCL2,"['GO:0043615', 'GO:0034351', 'GO:0090280', 'GO:0002548', 'GO:1900451', 'GO:0071346', 'GO:0019221', 'GO:0006959', 'GO:0008360', 'GO:0019233', 'GO:0043524', 'GO:2000427', 'GO:0007155', 'GO:0071356', 'GO:0071347', 'GO:0009887', 'GO:0051968', 'GO:0048245', 'GO:0006935', 'GO:0001525', 'GO:0038148', 'GO:0007010', 'GO:0006954', 'GO:0044344', 'GO:0007187', 'GO:0007165', 'GO:0019079', 'GO:2000353', 'GO:0019725', 'GO:0048246', 'GO:0030335', 'GO:0006468', 'GO:0007259', 'GO:0007186', 'GO:0061844', 'GO:0007204', 'GO:0009617', 'GO:0010759', 'GO:0007166', 'GO:0070098', 'GO:0035684', 'GO:2000134', 'GO:2000502', 'GO:0010628', 'GO:1905563', 'GO:0050870', 'GO:0071222']","['GO:0005576', 'GO:0016020']","['GO:0042379', 'GO:0004672', 'GO:0008009', 'GO:0005102', 'GO:0031727', 'GO:0042056', 'GO:0048020']"
CCR6,"['GO:2000404', 'GO:0072679', 'GO:0006959', 'GO:0060326', 'GO:2000510', 'GO:0006935', 'GO:0006968', 'GO:0006954', 'GO:0007165', 'GO:0006955', 'GO:1904156', 'GO:0060474', 'GO:0002523', 'GO:0072676', 'GO:0019722', 'GO:0072678', 'GO:0048290', 'GO:0007204', 'GO:0007186', 'GO:0002407', 'GO:1904155']","['GO:0097524', 'GO:0009986', 'GO:0097225', 'GO:0005737', 'GO:0036126', 'GO:0097228', 'GO:0005886', 'GO:0009897']","['GO:0042379', 'GO:0038023', 'GO:0019957', 'GO:0004950', 'GO:0048020', 'GO:0016493']"
CD209,"['GO:0019882', 'GO:0033079', 'GO:0002250', 'GO:0046718', 'GO:0045087', 'GO:0042129', 'GO:0035556', 'GO:1903902', 'GO:0019079', 'GO:0006897', 'GO:0097323', 'GO:0006955', 'GO:0007159', 'GO:0007157', 'GO:0046968', 'GO:0036336', 'GO:0042102', 'GO:0009988', 'GO:0075733', 'GO:0019062']","['GO:0005576', 'GO:0009986', 'GO:0005737', 'GO:0005886', 'GO:0016020', 'GO:0009897', 'GO:0043657']","['GO:0038187', 'GO:0046790', 'GO:0030246', 'GO:0004895', 'GO:0001618', 'GO:0046872', 'GO:0005537', 'GO:0042605']"
CD36,"['GO:0010744', 'GO:0038060', 'GO:0006631', 'GO:0015912', 'GO:0098900', 'GO:1904646', 'GO:0015911', 'GO:0050892', 'GO:0150024', 'GO:0044539', 'GO:0150094', 'GO:0071726', 'GO:0000122', 'GO:0007204', 'GO:0120162', 'GO:0010628', 'GO:1900227', 'GO:0030301', 'GO:0071222', 'GO:0060907', 'GO:0006898', 'GO:0042953', 'GO:0070508', 'GO:0070374', 'GO:2000121', 'GO:0071447', 'GO:0010629', 'GO:0043277', 'GO:0016525', 'GO:0032735', 'GO:0030194', 'GO:0019915', 'GO:2000334', 'GO:0007596', 'GO:0015908', 'GO:0045429', 'GO:1990000', 'GO:0000165', 'GO:0030299', 'GO:1903428', 'GO:0032760', 'GO:0140052', 'GO:0007155', 'GO:0071223', 'GO:0043254', 'GO:0033993', 'GO:0001954', 'GO:0034145', 'GO:0043123', 'GO:0006954', 'GO:0010886', 'GO:0034121', 'GO:1990379', 'GO:0015909', 'GO:0002532', 'GO:0006911', 'GO:0006629', 'GO:0071404', 'GO:0097009', 'GO:0042308', 'GO:0031664', 'GO:0034381', 'GO:0070542', 'GO:0070543', 'GO:0050909', 'GO:0034383', 'GO:0034197', 'GO:0032755', 'GO:0032731', 'GO:0060100', 'GO:0031623', 'GO:0050830', 'GO:0006910', 'GO:0007166', 'GO:0035634', 'GO:0055096']","['GO:0035579', 'GO:0031092', 'GO:0005901', 'GO:0005886', 'GO:0005794', 'GO:0016020', 'GO:0031526', 'GO:0045335', 'GO:0009897', 'GO:0071944', 'GO:0045121', 'GO:0009986', 'GO:0030666', 'GO:0043235']","['GO:0015636', 'GO:0008035', 'GO:0071813', 'GO:0150025', 'GO:0005324', 'GO:0005041', 'GO:0005044', 'GO:0030169', 'GO:0001540', 'GO:0035325', 'GO:1901480', 'GO:0070892', 'GO:0070053', 'GO:0038024', 'GO:0044877', 'GO:0050431', 'GO:0008289']"
CD81,"['GO:0002863', 'GO:2000563', 'GO:0014905', 'GO:0072675', 'GO:0050861', 'GO:0030890', 'GO:1905676', 'GO:0070863', 'GO:0061462', 'GO:2001190', 'GO:0035783', 'GO:0002455', 'GO:0072659', 'GO:0034238', 'GO:1904352', 'GO:0050862', 'GO:2000553', 'GO:1905521', 'GO:0001771', 'GO:0031623', 'GO:0045944', 'GO:0071404', 'GO:1903911', 'GO:0031647', 'GO:0043410']","['GO:0031982', 'GO:0005829', 'GO:0070062', 'GO:0001772', 'GO:0009925', 'GO:0016323', 'GO:0097197', 'GO:0005886', 'GO:0016020', 'GO:0005925']","['GO:0005178', 'GO:1990459', 'GO:0015485', 'GO:0001618', 'GO:0042289', 'GO:0023026']"
CDK5,"['GO:0090314', 'GO:0001764', 'GO:0016079', 'GO:0099533', 'GO:0022038', 'GO:0014044', 'GO:0070509', 'GO:1904646', 'GO:0031914', 'GO:0032801', 'GO:0007268', 'GO:0000226', 'GO:0048709', 'GO:0035249', 'GO:0030517', 'GO:0045956', 'GO:1901987', 'GO:0045861', 'GO:0007416', 'GO:0043113', 'GO:0035418', 'GO:0048167', 'GO:0031175', 'GO:0021766', 'GO:1903234', 'GO:0048511', 'GO:0021819', 'GO:0051301', 'GO:0051966', 'GO:0045786', 'GO:0030182', 'GO:0046826', 'GO:0048489', 'GO:0008045', 'GO:0008542', 'GO:0001963', 'GO:0021954', 'GO:1903076', 'GO:0048488', 'GO:0042981', 'GO:0051726', 'GO:0007160', 'GO:0048675', 'GO:0048813', 'GO:0031397', 'GO:0043525', 'GO:0045892', 'GO:0016241', 'GO:0019233', 'GO:0060079', 'GO:0007409', 'GO:0007519', 'GO:0061001', 'GO:0030036', 'GO:0030334', 'GO:0048148', 'GO:0006886', 'GO:1903421', 'GO:0051402']","['GO:0030424', 'GO:0030175', 'GO:0005886', 'GO:0030054', 'GO:0005634', 'GO:0000307', 'GO:0098793', 'GO:0030425', 'GO:0030027', 'GO:0014069', 'GO:0016020', 'GO:0043204', 'GO:0031594', 'GO:0043025', 'GO:0030426', 'GO:0005829', 'GO:0005737', 'GO:0005654', 'GO:0043005', 'GO:0016533']","['GO:0004672', 'GO:0048156', 'GO:0035255', 'GO:0004674', 'GO:0106310', 'GO:0005524', 'GO:0005176', 'GO:0043125', 'GO:0004693', 'GO:0016301', 'GO:0030549', 'GO:0051879', 'GO:0030547', 'GO:0002039', 'GO:0050321']"
CEL,"['GO:0030299', 'GO:0006629', 'GO:0046514', 'GO:0030157']","['GO:0005576', 'GO:0005737', 'GO:0016020', 'GO:0070062']","['GO:0008126', 'GO:0003824', 'GO:0008201', 'GO:0016787', 'GO:0004806', 'GO:0050253', 'GO:0004771']"
CELSR2,"['GO:0060071', 'GO:0033326', 'GO:0044331', 'GO:0007409', 'GO:0006355', 'GO:0022407', 'GO:0060271', 'GO:0007156', 'GO:0003341', 'GO:0097475', 'GO:0021999', 'GO:0032880', 'GO:0007186', 'GO:0016055', 'GO:0021591', 'GO:0048813']","['GO:0005737', 'GO:0005912', 'GO:0005886', 'GO:0016020']","['GO:0005509', 'GO:0004930']"
CETP,"['GO:0070328', 'GO:0043691', 'GO:0042632', 'GO:0034375', 'GO:0034372', 'GO:0032376', 'GO:0055091', 'GO:0034197', 'GO:0010745', 'GO:0008203', 'GO:0046470', 'GO:0034374', 'GO:0006869', 'GO:0006641', 'GO:2001140', 'GO:0030301', 'GO:0010874', 'GO:0055088']","['GO:0005576', 'GO:0031982', 'GO:0070062', 'GO:0034364']","['GO:0120020', 'GO:0017129', 'GO:0015485', 'GO:0031210', 'GO:0008289']"
CH25H,"['GO:0035754', 'GO:1903914', 'GO:0006629', 'GO:0016126', 'GO:0090206', 'GO:0008203', 'GO:0034340']","['GO:0005789', 'GO:0005829']","['GO:0001567', 'GO:0000254', 'GO:0005506', 'GO:0008395']"
CHD9,['GO:0006325'],"['GO:0005654', 'GO:0005829']","['GO:0003677', 'GO:0005524', 'GO:0016887']"
CHFR,"['GO:0051301', 'GO:0032436', 'GO:0031648', 'GO:0031398', 'GO:0006511', 'GO:0000209', 'GO:0044818', 'GO:0044779']","['GO:0016605', 'GO:0005634']","['GO:0061630', 'GO:0008270', 'GO:0000166', 'GO:0004842']"
CHRAC1,"['GO:0006261', 'GO:0006275', 'GO:0006334', 'GO:0006338']","['GO:0008622', 'GO:0008623', 'GO:0005721', 'GO:0005634']","['GO:0003677', 'GO:0046982', 'GO:0003887']"
CHRNA9,"['GO:0010996', 'GO:0095500', 'GO:0050910', 'GO:0070373', 'GO:0042472', 'GO:0051899', 'GO:0007268', 'GO:0042391', 'GO:0007204', 'GO:0034220']","['GO:1902495', 'GO:0098981', 'GO:0005892', 'GO:0099634', 'GO:0005886', 'GO:0043005', 'GO:0045202']","['GO:0005262', 'GO:0022850', 'GO:0022848', 'GO:0005231', 'GO:1904315']"
CHRND,"['GO:0095500', 'GO:0006936', 'GO:0003009', 'GO:0050905', 'GO:0051899', 'GO:0007165', 'GO:0007268', 'GO:0048630', 'GO:0050881', 'GO:0034220']","['GO:0045211', 'GO:0005892', 'GO:0099634', 'GO:0005886', 'GO:0043005', 'GO:0031594', 'GO:0045202']","['GO:0042166', 'GO:0022848', 'GO:1904315', 'GO:0015464']"
CKAP4,[],"['GO:0016020', 'GO:0005811', 'GO:0005791', 'GO:0005856', 'GO:0005739', 'GO:0005789', 'GO:0035579', 'GO:0035577', 'GO:0016607', 'GO:0005886', 'GO:0042599', 'GO:0070062', 'GO:0005788', 'GO:0048471', 'GO:0005783']",['GO:0003723']
CLGN,"['GO:0007339', 'GO:0036503', 'GO:0065003', 'GO:0006457', 'GO:0007338']","['GO:0005635', 'GO:0005789', 'GO:0005783']","['GO:0044183', 'GO:0051082', 'GO:0005509']"
CLUAP1,"['GO:0035720', 'GO:0035082', 'GO:0060271', 'GO:0001947', 'GO:0001843', 'GO:0007224', 'GO:0021508']","['GO:0005654', 'GO:0030992', 'GO:0005813', 'GO:0005929', 'GO:0015629', 'GO:0005815', 'GO:0030991', 'GO:0097546', 'GO:0097542']",[]
COASY,['GO:0015937'],"['GO:0005739', 'GO:0005759', 'GO:0005741', 'GO:0120212', 'GO:0070062']","['GO:0004595', 'GO:0005524', 'GO:0004140']"
COQ2,"['GO:0006071', 'GO:0008299', 'GO:0006744']","['GO:0005739', 'GO:0005743', 'GO:0031314']","['GO:0008412', 'GO:0004659']"
COQ6,['GO:0006744'],"['GO:0042995', 'GO:0005739', 'GO:0005743', 'GO:0005794', 'GO:0031314']","['GO:0120538', 'GO:0106364', 'GO:0016712', 'GO:0071949', 'GO:0016491', 'GO:0016709']"
CPT1A,"['GO:0046222', 'GO:0007584', 'GO:0097421', 'GO:0006631', 'GO:0009410', 'GO:0045471', 'GO:0006006', 'GO:0032000', 'GO:0043279', 'GO:0042755', 'GO:0071398', 'GO:0006853', 'GO:1904772', 'GO:0001666', 'GO:0009437', 'GO:0001676', 'GO:0006635', 'GO:0030855', 'GO:0050796', 'GO:0006641', 'GO:0045089']","['GO:0005739', 'GO:0005741', 'GO:0016020']","['GO:0004095', 'GO:0030674', 'GO:0042802']"
CPT2,"['GO:0006635', 'GO:0001701', 'GO:0006853', 'GO:0120162', 'GO:0009437', 'GO:0001676']","['GO:0005654', 'GO:0005739', 'GO:0005759', 'GO:0005743', 'GO:0005730']","['GO:0008458', 'GO:0016746', 'GO:0004095']"
CREBBP,"['GO:0065003', 'GO:0048511', 'GO:0031669', 'GO:0141156', 'GO:0006355', 'GO:0042592', 'GO:0006473', 'GO:0031648', 'GO:0007249', 'GO:0007165', 'GO:0001666', 'GO:0034644', 'GO:1900182', 'GO:0045944', 'GO:0008589', 'GO:0000122', 'GO:1905168', 'GO:0030511', 'GO:0002223', 'GO:1900034', 'GO:0016479', 'GO:0042733', 'GO:0045893']","['GO:0005829', 'GO:0005667', 'GO:0000785', 'GO:0005737', 'GO:0005634', 'GO:0000123', 'GO:0005654', 'GO:0016604']","['GO:0001223', 'GO:0044017', 'GO:0008270', 'GO:0120300', 'GO:0043993', 'GO:0043426', 'GO:0048156', 'GO:0003682', 'GO:0061629', 'GO:0140297', 'GO:0003714', 'GO:0004402', 'GO:0031490', 'GO:0003713', 'GO:0003684', 'GO:0061733', 'GO:0016407', 'GO:0002039']"
CRP,"['GO:0008228', 'GO:0032945', 'GO:0045087', 'GO:0032930', 'GO:0010888', 'GO:0042310', 'GO:0006953', 'GO:0006954', 'GO:0050830', 'GO:0010745', 'GO:0032677', 'GO:0010628']",['GO:0005576'],"['GO:0001849', 'GO:0033265', 'GO:0005509', 'GO:0030169', 'GO:0042802', 'GO:0050750']"
CTBP1,"['GO:0045892', 'GO:0050872', 'GO:0097091', 'GO:0007219', 'GO:0006357', 'GO:0019079', 'GO:0008285', 'GO:0000122', 'GO:0048488', 'GO:0006468', 'GO:0051726']","['GO:0098831', 'GO:0098982', 'GO:0017053', 'GO:0005634', 'GO:0005654', 'GO:0098978']","['GO:0016616', 'GO:0001222', 'GO:0003682', 'GO:0019904', 'GO:0061629', 'GO:0051287', 'GO:0140297', 'GO:0003714', 'GO:0106222', 'GO:0003713', 'GO:0042802', 'GO:0001221']"
CUL4A,"['GO:2000001', 'GO:0007283', 'GO:0000082', 'GO:0001701', 'GO:0008283', 'GO:0042110', 'GO:0048511', 'GO:0043161', 'GO:0140627', 'GO:0042254', 'GO:0008284', 'GO:1900087', 'GO:0006974', 'GO:0030853', 'GO:0006281', 'GO:0016567', 'GO:0097193', 'GO:0045732', 'GO:0034644', 'GO:0035019', 'GO:0030097', 'GO:2000819']","['GO:0080008', 'GO:0005737', 'GO:0005634', 'GO:0005654', 'GO:0031464']","['GO:0031625', 'GO:0061630', 'GO:0160072']"
CXCL16,"['GO:0030307', 'GO:0030335', 'GO:0034341', 'GO:0034097', 'GO:0006898', 'GO:0010818', 'GO:0034612', 'GO:0006935']","['GO:0005576', 'GO:0005886', 'GO:0016020']","['GO:0005044', 'GO:0008009', 'GO:0005041']"
CYB5A,[],"['GO:0005789', 'GO:0005741', 'GO:0005829', 'GO:0016020']","['GO:0046872', 'GO:0019899', 'GO:0020037']"
CYB5B,"['GO:0006805', 'GO:0006979', 'GO:0006809']","['GO:1903958', 'GO:0005789', 'GO:0005741', 'GO:0016020']","['GO:0046872', 'GO:0020037']"
CYCS,"['GO:0097194', 'GO:0097190', 'GO:0006123', 'GO:0045333', 'GO:0097193', 'GO:0006122']","['GO:0005739', 'GO:0005743', 'GO:0005758', 'GO:0005829', 'GO:0005634', 'GO:0043293']","['GO:0046872', 'GO:0009055', 'GO:0020037']"
CYP11A1,"['GO:0120178', 'GO:0006704', 'GO:0042359', 'GO:0006700', 'GO:0016125', 'GO:0034650', 'GO:0071375', 'GO:0008203']","['GO:0005739', 'GO:0005759', 'GO:0005743']","['GO:0005506', 'GO:0008386', 'GO:0020037']"
CYP17A1,"['GO:0042448', 'GO:0006694', 'GO:0006704', 'GO:0007548', 'GO:0034651', 'GO:0042446', 'GO:0008202', 'GO:0006702']","['GO:0005783', 'GO:0005789', 'GO:0030424', 'GO:0043025']","['GO:0005506', 'GO:0019825', 'GO:0016829', 'GO:0004508', 'GO:0020037']"
CYP19A1,"['GO:0061370', 'GO:0006694', 'GO:0006703', 'GO:0008585', 'GO:0010760', 'GO:0016125', 'GO:0030540', 'GO:2000866', 'GO:0032355', 'GO:0060736', 'GO:0002677', 'GO:0030879', 'GO:0006710', 'GO:0060065']","['GO:0005789', 'GO:0016020', 'GO:0005783']","['GO:0070330', 'GO:0005506', 'GO:0008395', 'GO:0016712', 'GO:0019825', 'GO:0020037', 'GO:0101021', 'GO:0009055']"
CYP1A1,"['GO:0043010', 'GO:0009812', 'GO:0009308', 'GO:0033595', 'GO:0048565', 'GO:0055093', 'GO:0009404', 'GO:0008210', 'GO:0006631', 'GO:0060137', 'GO:0032094', 'GO:0010041', 'GO:0006694', 'GO:0097267', 'GO:0009804', 'GO:0042572', 'GO:1904010', 'GO:0006805', 'GO:0019373', 'GO:0018958', 'GO:0008202', 'GO:0002933', 'GO:0042904', 'GO:0046685', 'GO:0046209', 'GO:0042178', 'GO:0019341', 'GO:0006706', 'GO:0017143', 'GO:1900087', 'GO:0048771', 'GO:0006778', 'GO:0071280', 'GO:0033189', 'GO:0009692', 'GO:0001666', 'GO:0042359', 'GO:0001676', 'GO:0009635', 'GO:0042759', 'GO:1904612', 'GO:1901497', 'GO:0035902', 'GO:0032496', 'GO:0009624', 'GO:0050665', 'GO:1904681', 'GO:0070365']","['GO:0005739', 'GO:0005789', 'GO:0005743']","['GO:0032451', 'GO:0120319', 'GO:0005506', 'GO:0016711', 'GO:0030544', 'GO:0004497', 'GO:0008395', 'GO:0051879', 'GO:0070576', 'GO:0106256', 'GO:0016712', 'GO:0019825', 'GO:0101020', 'GO:0016491', 'GO:0020037', 'GO:0019899', 'GO:0101021', 'GO:0008391', 'GO:0016679', 'GO:0102033']"
CYP27A1,"['GO:0006699', 'GO:0036378', 'GO:0006707', 'GO:0016125', 'GO:0008203']","['GO:0005739', 'GO:0005759', 'GO:0005743']","['GO:0005506', 'GO:0030343', 'GO:0047748', 'GO:0031073', 'GO:0008395', 'GO:0020037']"
CYP2C18,"['GO:0006805', 'GO:0042572', 'GO:0019373', 'GO:0043651', 'GO:0042573', 'GO:0042178']","['GO:0005789', 'GO:0005737', 'GO:0005886']","['GO:0005506', 'GO:0016712', 'GO:0008392', 'GO:0019825', 'GO:0008401', 'GO:0004497', 'GO:0071614', 'GO:0020037']"
CYP2C19,"['GO:0006805', 'GO:0097267', 'GO:0019373', 'GO:0008202', 'GO:0042178', 'GO:0001676', 'GO:0016098']","['GO:0043231', 'GO:0005737', 'GO:0005789', 'GO:0005886']","['GO:0120319', 'GO:0005506', 'GO:0004497', 'GO:0008395', 'GO:0052741', 'GO:0018675', 'GO:0016712', 'GO:0019825', 'GO:0016491', 'GO:0018676', 'GO:0020037', 'GO:0019899']"
CYP2C8,"['GO:0006082', 'GO:0046456', 'GO:0008210', 'GO:0006805', 'GO:0097267', 'GO:0042572', 'GO:0019373', 'GO:0008202', 'GO:0002933', 'GO:0042178', 'GO:0042573', 'GO:0042759', 'GO:0070989']","['GO:0005737', 'GO:0005789', 'GO:0005886']","['GO:0005506', 'GO:0004497', 'GO:0016712', 'GO:0008392', 'GO:0101020', 'GO:0020037', 'GO:0034875', 'GO:0008401']"
CYP2C9,"['GO:0046456', 'GO:0008210', 'GO:0006805', 'GO:0097267', 'GO:0019373', 'GO:0008202', 'GO:0019627', 'GO:0042178', 'GO:0090346', 'GO:0016098', 'GO:0042759', 'GO:0008203', 'GO:0032787', 'GO:0070989']","['GO:0043231', 'GO:0005737', 'GO:0005789', 'GO:0005886']","['GO:0005506', 'GO:0004497', 'GO:0008395', 'GO:0052741', 'GO:0008405', 'GO:0018675', 'GO:0016712', 'GO:0008392', 'GO:0016491', 'GO:0018676', 'GO:0020037', 'GO:0101021', 'GO:0008404', 'GO:0034875']"
CYP2D6,"['GO:0008210', 'GO:0019369', 'GO:0009822', 'GO:0006805', 'GO:0009804', 'GO:0042572', 'GO:0008202', 'GO:0042178', 'GO:0033076', 'GO:0016098', 'GO:0090350', 'GO:0042759', 'GO:0009820', 'GO:0008203', 'GO:0070989']","['GO:0005737', 'GO:0005739', 'GO:0005789', 'GO:0005783']","['GO:0005506', 'GO:0004497', 'GO:0062187', 'GO:0016712', 'GO:0062189', 'GO:0016491', 'GO:0020037', 'GO:0062188']"
CYP39A1,"['GO:0006699', 'GO:0007586', 'GO:0042632', 'GO:0006707', 'GO:0016125']","['GO:0043231', 'GO:0005789']","['GO:0033782', 'GO:0005506', 'GO:0008396', 'GO:0008395', 'GO:0020037']"
CYP3A4,"['GO:0008209', 'GO:0046222', 'GO:0008210', 'GO:0009822', 'GO:0006805', 'GO:0042572', 'GO:0008202', 'GO:0002933', 'GO:0042178', 'GO:0006706', 'GO:0042573', 'GO:0042359', 'GO:0016098', 'GO:0042759', 'GO:0008203', 'GO:0006629', 'GO:0042369', 'GO:0070989']","['GO:0043231', 'GO:0005737', 'GO:0005789']","['GO:0005506', 'GO:0004497', 'GO:0008395', 'GO:0070576', 'GO:0062187', 'GO:0050591', 'GO:0019825', 'GO:0050649', 'GO:0062189', 'GO:0101020', 'GO:0016491', 'GO:0020037', 'GO:0005496', 'GO:0019899', 'GO:0101021', 'GO:0030343', 'GO:0102320', 'GO:0034875', 'GO:0062188', 'GO:0008401', 'GO:0062181']"
CYP3A5,"['GO:0046222', 'GO:0008210', 'GO:0009822', 'GO:0006805', 'GO:0042572', 'GO:0008202', 'GO:0002933', 'GO:0042178', 'GO:0042573', 'GO:0070989']","['GO:0043231', 'GO:0005789']","['GO:0005506', 'GO:0004497', 'GO:0019825', 'GO:0050649', 'GO:0101020', 'GO:0016491', 'GO:0020037', 'GO:0101021', 'GO:0008401']"
CYP46A1,"['GO:0006805', 'GO:0006707', 'GO:0016125', 'GO:0042448', 'GO:0006699', 'GO:0007399', 'GO:1900271', 'GO:1903044']","['GO:0005783', 'GO:0005789', 'GO:0098793', 'GO:0098794', 'GO:0030425']","['GO:0005506', 'GO:0008395', 'GO:0062184', 'GO:0050649', 'GO:0020037', 'GO:0033781']"
CYP51A1,"['GO:0050709', 'GO:1900222', 'GO:0006694', 'GO:0006695', 'GO:0042177', 'GO:0016125', 'GO:0033488']","['GO:0005789', 'GO:0016020']","['GO:0005506', 'GO:0016712', 'GO:0008398', 'GO:0016491', 'GO:0020037']"
CYP7A1,"['GO:0071333', 'GO:0006699', 'GO:0070857', 'GO:0045471', 'GO:0071397', 'GO:0042632', 'GO:0032966', 'GO:0006707', 'GO:0045717', 'GO:0045542', 'GO:0016125']","['GO:0043231', 'GO:0005789']","['GO:0033782', 'GO:0005506', 'GO:0008123', 'GO:0020037']"
CYP7B1,"['GO:0035754', 'GO:0006699', 'GO:0060740', 'GO:0006694', 'GO:0033147', 'GO:0042632', 'GO:0030520', 'GO:0016125', 'GO:0050673', 'GO:0008203', 'GO:0050679']",['GO:0005789'],"['GO:0033782', 'GO:0005506', 'GO:0008396', 'GO:0033783', 'GO:0008395', 'GO:0020037']"
CYP8B1,"['GO:0006699', 'GO:0070723', 'GO:0006694', 'GO:0045797', 'GO:0031667', 'GO:0016125']",['GO:0005789'],"['GO:0008397', 'GO:0005506', 'GO:0019825', 'GO:0020037']"
DCAF7,['GO:0016567'],"['GO:0032991', 'GO:0005654', 'GO:0016363', 'GO:0016604', 'GO:0080008', 'GO:0005737', 'GO:0005829', 'GO:0005634']",['GO:0030674']
DCUN1D1,"['GO:0045116', 'GO:2000434', 'GO:2000436', 'GO:0031396']","['GO:0005654', 'GO:0000151', 'GO:0005737', 'GO:0005829', 'GO:0005634']","['GO:0031624', 'GO:0032182', 'GO:0097602']"
DERL1,"['GO:0031398', 'GO:0043161', 'GO:0030970', 'GO:0030968', 'GO:0031648', 'GO:0036503', 'GO:0045184', 'GO:0006986', 'GO:0071218']","['GO:0044322', 'GO:0005789', 'GO:0036502', 'GO:0016020', 'GO:0005769', 'GO:0005770', 'GO:0036513', 'GO:0005783']","['GO:0031625', 'GO:0038023', 'GO:0044877', 'GO:0002020', 'GO:0042288', 'GO:0005047', 'GO:1990381', 'GO:0042802', 'GO:0051117']"
DGAT1,"['GO:0006640', 'GO:0019432', 'GO:0046339', 'GO:0055089', 'GO:0035336', 'GO:0034379', 'GO:0006641', 'GO:0019915']","['GO:0005789', 'GO:0035579', 'GO:0005886', 'GO:0016020']","['GO:0042802', 'GO:0004144', 'GO:0016746', 'GO:0050252', 'GO:0003846']"
DGAT2,"['GO:0006640', 'GO:0046322', 'GO:0042632', 'GO:0055089', 'GO:0060613', 'GO:0007584', 'GO:0035356', 'GO:0010867', 'GO:0090181', 'GO:0034383', 'GO:0019432', 'GO:0046339', 'GO:0050746', 'GO:0035336', 'GO:0019915', 'GO:0071400', 'GO:0006071', 'GO:0045722', 'GO:0097006', 'GO:0006651']","['GO:0005829', 'GO:0005739', 'GO:0005789', 'GO:0016020', 'GO:0048471', 'GO:0005811', 'GO:1990578', 'GO:0005783']","['GO:0004144', 'GO:0042803', 'GO:0003846', 'GO:0050252']"
DGCR2,"['GO:0007155', 'GO:0050890', 'GO:0009887']",['GO:0016020'],['GO:0030246']
DHCR24,"['GO:0061024', 'GO:0006695', 'GO:0042987', 'GO:0033490', 'GO:0033489', 'GO:0030539', 'GO:0008202', 'GO:0043588', 'GO:0009888', 'GO:0007265', 'GO:0009725', 'GO:0031639', 'GO:0008285', 'GO:0008104']","['GO:0005737', 'GO:0005634', 'GO:0005789', 'GO:0000139', 'GO:0016020', 'GO:0005783']","['GO:0050614', 'GO:0019899', 'GO:0000246', 'GO:0071949', 'GO:0016628', 'GO:0042605']"
DHCR7,"['GO:0033489', 'GO:0006695', 'GO:0160020', 'GO:0033490']","['GO:0005640', 'GO:0005789', 'GO:0016020', 'GO:0005783']","['GO:0047598', 'GO:0033963', 'GO:0050661']"
DHDDS,"['GO:0043048', 'GO:0016094', 'GO:0006489']","['GO:0005789', 'GO:1904423', 'GO:0005783']","['GO:0046872', 'GO:0045547']"
DHFR,"['GO:0006730', 'GO:0046653', 'GO:2000121', 'GO:0046452', 'GO:0017148', 'GO:0006729', 'GO:0031103', 'GO:0046654', 'GO:0046655']","['GO:0005829', 'GO:0005739']","['GO:1990825', 'GO:0003729', 'GO:0060090', 'GO:0070402', 'GO:0000900', 'GO:0004146', 'GO:0050661', 'GO:0005542']"
DHRS11,"['GO:0006694', 'GO:0006703']",['GO:0005576'],"['GO:0072582', 'GO:0000253', 'GO:0004303', 'GO:0000166']"
DHRS7B,['GO:0008611'],"['GO:0005778', 'GO:0005789', 'GO:0016020']",['GO:0000140']
DNA2,"['GO:0000076', 'GO:1902990', 'GO:0033567', 'GO:0032392', 'GO:0006264', 'GO:0000729', 'GO:0043137', 'GO:0071932', 'GO:0000723', 'GO:0006284', 'GO:0006260', 'GO:0045740', 'GO:0043504', 'GO:0090656', 'GO:0032201']","['GO:0000781', 'GO:0005737', 'GO:0005634', 'GO:0005739', 'GO:0042645', 'GO:0005654']","['GO:0005524', 'GO:0017116', 'GO:0003723', 'GO:0033892', 'GO:0051539', 'GO:0003677', 'GO:0043139', 'GO:0016887', 'GO:0004386', 'GO:0046872', 'GO:0003678', 'GO:0017108', 'GO:0004518']"
DNM2,"['GO:0051258', 'GO:0061024', 'GO:0000086', 'GO:0007098', 'GO:0019886', 'GO:0006898', 'GO:0030516', 'GO:0006909', 'GO:0006355', 'GO:1903526', 'GO:0048489', 'GO:0016185', 'GO:0061572', 'GO:0043065', 'GO:0031623', 'GO:0007165', 'GO:0006897', 'GO:0033572', 'GO:0006892', 'GO:0043149', 'GO:0006914', 'GO:0099050', 'GO:0048812', 'GO:0045893', 'GO:0097749']","['GO:0005813', 'GO:0005768', 'GO:0014069', 'GO:0030670', 'GO:0045211', 'GO:0005829', 'GO:0070062', 'GO:0030666', 'GO:0005737', 'GO:0030136', 'GO:0005874', 'GO:0005905', 'GO:0030496', 'GO:0005794', 'GO:0000139', 'GO:0005886', 'GO:0005814', 'GO:0098793', 'GO:0005925', 'GO:0043005', 'GO:0001931', 'GO:0002102', 'GO:0001891', 'GO:0055037', 'GO:0045202']","['GO:0017124', 'GO:0005546', 'GO:0019899', 'GO:0003924', 'GO:0008017', 'GO:0005525']"
EBP,"['GO:0043931', 'GO:0030097', 'GO:0033489', 'GO:0006695', 'GO:0033490', 'GO:0008203']","['GO:0005635', 'GO:0005783', 'GO:0005789', 'GO:0031410', 'GO:0031965']","['GO:0042802', 'GO:0047750', 'GO:0004769', 'GO:0000247', 'GO:0033963']"
EGR2,"['GO:0030278', 'GO:0021612', 'GO:0031643', 'GO:0021665', 'GO:0006611', 'GO:0042552', 'GO:0010467', 'GO:0007622', 'GO:0007422', 'GO:0008045', 'GO:0006357', 'GO:0007420', 'GO:0045444', 'GO:0021659', 'GO:0045944', 'GO:0014037', 'GO:0014040', 'GO:0016925', 'GO:0045893', 'GO:0035914', 'GO:0035904']","['GO:0000785', 'GO:0005737', 'GO:0005634', 'GO:0005654']","['GO:0031625', 'GO:0008270', 'GO:0000976', 'GO:1990837', 'GO:0003682', 'GO:0001228', 'GO:0061629', 'GO:0061665', 'GO:0000981', 'GO:0043565', 'GO:0000978', 'GO:0003700']"
ELOVL5,"['GO:0034625', 'GO:0006636', 'GO:0030148', 'GO:0034626', 'GO:0035338', 'GO:0045723', 'GO:0043651', 'GO:0019367', 'GO:0042761', 'GO:0036109', 'GO:0042759']","['GO:0005789', 'GO:0097447', 'GO:0043025', 'GO:0016020', 'GO:0030425', 'GO:0005783']",['GO:0009922']
ELOVL6,"['GO:0034625', 'GO:0006636', 'GO:0030148', 'GO:0034626', 'GO:0035338', 'GO:0120162', 'GO:0042761', 'GO:0019367', 'GO:0042759']","['GO:0009923', 'GO:0005789', 'GO:0005783']",['GO:0009922']
EP300,"['GO:0007611', 'GO:0035264', 'GO:0036268', 'GO:0030183', 'GO:0032460', 'GO:0006473', 'GO:0009887', 'GO:0007507', 'GO:0031333', 'GO:1902340', 'GO:0090043', 'GO:0001666', 'GO:0045815', 'GO:0000122', 'GO:0042307', 'GO:0002223', 'GO:1900034', 'GO:0006915', 'GO:0010976', 'GO:0001966', 'GO:0010506', 'GO:0030220', 'GO:2000330', 'GO:0071233', 'GO:0140066', 'GO:1901796', 'GO:0002209', 'GO:0046427', 'GO:0060325', 'GO:0010821', 'GO:0034644', 'GO:0061921', 'GO:0010507', 'GO:0007399', 'GO:0060765', 'GO:0042771', 'GO:1904263', 'GO:0031669', 'GO:0050821', 'GO:1904515', 'GO:1903444', 'GO:0045721', 'GO:0035855', 'GO:0031648', 'GO:0045444', 'GO:0006475', 'GO:0007623', 'GO:0030324', 'GO:0140861', 'GO:0001756', 'GO:0030511', 'GO:0060070', 'GO:0045893', 'GO:0018393', 'GO:0043627', 'GO:0043923', 'GO:0007249', 'GO:0007519', 'GO:0045944', 'GO:0140067', 'GO:0006110']","['GO:0005667', 'GO:0000785', 'GO:0005634', 'GO:0000123', 'GO:0005829', 'GO:0005737', 'GO:0032993', 'GO:0005654']","['GO:0140069', 'GO:0043993', 'GO:0048156', 'GO:0050681', 'GO:0003684', 'GO:0008013', 'GO:0001223', 'GO:0008270', 'GO:0016746', 'GO:0097677', 'GO:0051059', 'GO:0044013', 'GO:0160263', 'GO:0016922', 'GO:0061629', 'GO:0120301', 'GO:0061733', 'GO:0140033', 'GO:0016407', 'GO:0140065', 'GO:0010485', 'GO:0140908', 'GO:0061920', 'GO:0004468', 'GO:0097157', 'GO:0003682', 'GO:0003677', 'GO:0140297', 'GO:0004402', 'GO:0003713', 'GO:0140068', 'GO:0106226', 'GO:0044017', 'GO:0031490', 'GO:0140230', 'GO:0010484', 'GO:0002039', 'GO:0001221']"
EPHX2,"['GO:0042632', 'GO:0097176', 'GO:0001558', 'GO:0016311', 'GO:0090181', 'GO:0009636', 'GO:0046839', 'GO:0010628', 'GO:0046272']","['GO:0005829', 'GO:0070062', 'GO:0005777', 'GO:0005782']","['GO:0015643', 'GO:0042803', 'GO:0016791', 'GO:0052642', 'GO:0042577', 'GO:0004301', 'GO:0000287', 'GO:0033885']"
ERG28,['GO:0016126'],"['GO:0005789', 'GO:0030133', 'GO:0016020', 'GO:0005783']","['GO:0042802', 'GO:0030674']"
ERLIN1,"['GO:0032933', 'GO:0045541', 'GO:0036503', 'GO:0045717', 'GO:0045540', 'GO:0008203']","['GO:0032991', 'GO:0045121', 'GO:0005789', 'GO:0005783']","['GO:0031625', 'GO:0015485']"
ERLIN2,"['GO:0032933', 'GO:0045541', 'GO:0036503', 'GO:0045717', 'GO:0045540', 'GO:0008203']","['GO:0032991', 'GO:0045121', 'GO:0005789', 'GO:0005829', 'GO:0005886', 'GO:0005783']","['GO:0031625', 'GO:0015485']"
ESR1,"['GO:0008209', 'GO:0034392', 'GO:0043401', 'GO:0051000', 'GO:0008584', 'GO:0006357', 'GO:0007165', 'GO:0000122', 'GO:0006338', 'GO:0007204', 'GO:1904035', 'GO:0010629', 'GO:0043124', 'GO:0060527', 'GO:0048146', 'GO:0045429', 'GO:0006355', 'GO:0071168', 'GO:0034121', 'GO:0032355', 'GO:0071391', 'GO:0002064', 'GO:0048144', 'GO:0030518', 'GO:0071392', 'GO:0030520', 'GO:0045893', 'GO:0048863', 'GO:0043627', 'GO:0060068', 'GO:0060749', 'GO:0050727', 'GO:0007200', 'GO:0060065', 'GO:0045944', 'GO:0051123', 'GO:1902894', 'GO:0060523']","['GO:0005667', 'GO:0005886', 'GO:0000785', 'GO:0005634', 'GO:0032991', 'GO:0005794', 'GO:0016020', 'GO:0000791', 'GO:0005829', 'GO:0005737', 'GO:0005654']","['GO:0030235', 'GO:0019899', 'GO:0071889', 'GO:0051117', 'GO:0008013', 'GO:0001223', 'GO:0030284', 'GO:0017025', 'GO:0008270', 'GO:0019901', 'GO:0004879', 'GO:0030331', 'GO:0000981', 'GO:0005516', 'GO:1990837', 'GO:0003682', 'GO:0001228', 'GO:0005496', 'GO:0001093', 'GO:0042802', 'GO:0003700', 'GO:0001222', 'GO:0034056', 'GO:0000978', 'GO:0001221']"
EVA1B,[],['GO:0016020'],[]
FABP1,"['GO:0070301', 'GO:1990748', 'GO:0071456', 'GO:0015908']","['GO:0005654', 'GO:0005829', 'GO:0005782', 'GO:0005634', 'GO:0070062']","['GO:0005504', 'GO:0003682', 'GO:0016209']"
FABP2,"['GO:0015908', 'GO:0098856', 'GO:0006631']","['GO:0045179', 'GO:0005829', 'GO:0005634', 'GO:0005902']","['GO:0005324', 'GO:0036041', 'GO:0005504']"
FABP4,"['GO:0045892', 'GO:0042632', 'GO:0050872', 'GO:0050729', 'GO:0070343', 'GO:0071356', 'GO:0015908', 'GO:0050873', 'GO:0015909', 'GO:0009617', 'GO:0120162', 'GO:0071285']","['GO:0005829', 'GO:0070062', 'GO:0005737', 'GO:0005634', 'GO:0005811']","['GO:0051427', 'GO:0005324', 'GO:0036041', 'GO:0005504']"
FADS1,"['GO:0006636', 'GO:0043651', 'GO:0046456', 'GO:0045595', 'GO:0006355', 'GO:0036109', 'GO:0042759', 'GO:0008654', 'GO:0009267', 'GO:0006629', 'GO:0007267']","['GO:0043231', 'GO:0005739', 'GO:0005789', 'GO:0016020']","['GO:0016717', 'GO:0016491', 'GO:0045485', 'GO:0000248', 'GO:0062076', 'GO:0016213']"
FADS2,"['GO:0006636', 'GO:0006629', 'GO:1900409', 'GO:0002538', 'GO:0043651', 'GO:0036109', 'GO:0042759']","['GO:0005789', 'GO:0005886', 'GO:0016020']","['GO:0016717', 'GO:0004768', 'GO:0016213']"
FAF2,"['GO:0034389', 'GO:0043161', 'GO:0036503', 'GO:0030970', 'GO:0035617', 'GO:0006986']","['GO:0005811', 'GO:0005576', 'GO:0034098', 'GO:0035578', 'GO:0005783']","['GO:0055102', 'GO:0035473', 'GO:0031625', 'GO:0043130', 'GO:0030674']"
FAM189A2,"['GO:0031623', 'GO:0038160', 'GO:0022401']","['GO:0031902', 'GO:0055038', 'GO:0031901', 'GO:0005886']",['GO:1990757']
FASN,"['GO:0046949', 'GO:0007584', 'GO:0061771', 'GO:0006631', 'GO:0044788', 'GO:0071353', 'GO:0008611', 'GO:0006954', 'GO:0030224', 'GO:0090557', 'GO:0001649', 'GO:0006633', 'GO:0030879', 'GO:0030223', 'GO:0006084']","['GO:0005829', 'GO:0070062', 'GO:0042587', 'GO:0005737', 'GO:0005794', 'GO:0042470', 'GO:0005886', 'GO:0016020']","['GO:0004316', 'GO:0019171', 'GO:0004315', 'GO:0045296', 'GO:0003723', 'GO:0016297', 'GO:0031177', 'GO:0042802', 'GO:0004314', 'GO:0004313', 'GO:0141148', 'GO:0004312']"
FAXDC2,"['GO:0045654', 'GO:0001934', 'GO:0016126']","['GO:0005789', 'GO:0005737']","['GO:0000254', 'GO:0005506']"
FBXO40,['GO:0042692'],"['GO:0005737', 'GO:0005829']","['GO:0061630', 'GO:0008270']"
FDFT1,"['GO:0006694', 'GO:0006695', 'GO:0045338']","['GO:0005789', 'GO:0016020', 'GO:0005783']","['GO:0046872', 'GO:0051996']"
FDPS,"['GO:0033384', 'GO:0006695', 'GO:0045337']","['GO:0005654', 'GO:0005759', 'GO:0005737', 'GO:0005829', 'GO:0005777']","['GO:0004161', 'GO:0046872', 'GO:0004337', 'GO:0003723']"
FNTA,"['GO:0016601', 'GO:1904395', 'GO:0060632', 'GO:0007179', 'GO:0007323', 'GO:0071340', 'GO:0018344', 'GO:0018343', 'GO:0035022']","['GO:0005829', 'GO:0005953', 'GO:0005737', 'GO:0005886', 'GO:0005875', 'GO:0005965']","['GO:0030971', 'GO:0004662', 'GO:0004661', 'GO:0060090', 'GO:0043014', 'GO:0019899', 'GO:0010698', 'GO:0008017', 'GO:0004663', 'GO:0004660']"
FNTB,"['GO:0006629', 'GO:0018343', 'GO:0060632', 'GO:0008284', 'GO:0045787']","['GO:0005829', 'GO:0005875', 'GO:0005965']","['GO:0019899', 'GO:0004660', 'GO:0010698', 'GO:0008270', 'GO:0042277']"
FOXM1,"['GO:0045892', 'GO:0000086', 'GO:0032873', 'GO:0042127', 'GO:0046578', 'GO:2000781', 'GO:2000377', 'GO:0008284', 'GO:0006357', 'GO:0006281', 'GO:0030330', 'GO:0045944', 'GO:0007346', 'GO:0000122', 'GO:0051726', 'GO:0045893']","['GO:0000785', 'GO:0005634', 'GO:0005654']","['GO:0019901', 'GO:0003677', 'GO:0000981', 'GO:0000977', 'GO:0003700']"
FOXO1,"['GO:0097009', 'GO:0045892', 'GO:0034393', 'GO:0032873', 'GO:0097150', 'GO:1903243', 'GO:0010508', 'GO:0046676', 'GO:0060260', 'GO:0043066', 'GO:0090090', 'GO:0070542', 'GO:0010467', 'GO:0071455', 'GO:0006473', 'GO:2000377', 'GO:0001659', 'GO:0001568', 'GO:0006974', 'GO:0006357', 'GO:0043065', 'GO:0032869', 'GO:0045444', 'GO:0001678', 'GO:2000177', 'GO:0045732', 'GO:0045599', 'GO:0045944', 'GO:0070417', 'GO:0071732', 'GO:0034599', 'GO:0009267', 'GO:0008286', 'GO:0006914', 'GO:0045722', 'GO:0006915', 'GO:0060070', 'GO:0045893']","['GO:0005829', 'GO:0000785', 'GO:0005737', 'GO:0005634', 'GO:0005739', 'GO:0005654']","['GO:0031625', 'GO:0003682', 'GO:0003676', 'GO:0001228', 'GO:1990841', 'GO:0031490', 'GO:0000981', 'GO:0043565', 'GO:0000978', 'GO:0001227', 'GO:0051721', 'GO:0003700', 'GO:0008013']"
G6PC,"['GO:0035264', 'GO:0042632', 'GO:0006094', 'GO:0061771', 'GO:0032094', 'GO:0005977', 'GO:0008202', 'GO:1904638', 'GO:0046415', 'GO:0032869', 'GO:0042593', 'GO:0051156', 'GO:0010468', 'GO:0006641', 'GO:0005980', 'GO:0015760', 'GO:0009743']","['GO:0005789', 'GO:0016020']","['GO:0016773', 'GO:0004346', 'GO:0042301']"
G6PC2,"['GO:0042593', 'GO:0050796', 'GO:0051156', 'GO:0006094']","['GO:0005789', 'GO:0016020']",['GO:0004346']
G6PC3,"['GO:0051156', 'GO:0006094', 'GO:0015760']","['GO:0005789', 'GO:0016020', 'GO:0005783']",['GO:0004346']
G6PD,"['GO:0046390', 'GO:0006695', 'GO:0019322', 'GO:0032094', 'GO:0010041', 'GO:0006749', 'GO:0045471', 'GO:0006098', 'GO:0006006', 'GO:0009051', 'GO:0051156', 'GO:2000378', 'GO:0061052', 'GO:0034599', 'GO:0043249', 'GO:0043523', 'GO:0021762', 'GO:0006629', 'GO:1904879', 'GO:0006739']","['GO:0034451', 'GO:0005829', 'GO:0070062', 'GO:0005737', 'GO:0009898', 'GO:0016020']","['GO:0042803', 'GO:0005536', 'GO:0050661', 'GO:0042802', 'GO:0004345']"
GABRA6,"['GO:0007214', 'GO:0007165', 'GO:1904862', 'GO:0051932', 'GO:1902476']","['GO:0099634', 'GO:0034707', 'GO:1902711', 'GO:0005886', 'GO:0099192', 'GO:0098794', 'GO:0032590']","['GO:0004890', 'GO:1904315', 'GO:0022851', 'GO:0008503']"
GAPDH,"['GO:0050832', 'GO:0016241', 'GO:0071346', 'GO:0031640', 'GO:0050821', 'GO:0006096', 'GO:0001819', 'GO:0010951', 'GO:0043123', 'GO:0032481', 'GO:0017148', 'GO:0061621', 'GO:0000226', 'GO:0061844', 'GO:0051402', 'GO:0035606']","['GO:1990904', 'GO:0031982', 'GO:0005829', 'GO:0015630', 'GO:0070062', 'GO:0031965', 'GO:0005737', 'GO:0005634', 'GO:0097452', 'GO:0005886', 'GO:0016020', 'GO:0048471', 'GO:0005811']","['GO:0051287', 'GO:0008017', 'GO:0019828', 'GO:0004365', 'GO:0050661', 'GO:0042802', 'GO:0097718', 'GO:0035605']"
GART,"['GO:0006164', 'GO:0003360', 'GO:0097294', 'GO:0021549', 'GO:0009168', 'GO:0044208', 'GO:0006189', 'GO:0021987', 'GO:0006177', 'GO:0046084']","['GO:0005829', 'GO:0070062']","['GO:0046872', 'GO:0004637', 'GO:0004644', 'GO:0004641', 'GO:0005524']"
GCG,"['GO:0007188', 'GO:0090280', 'GO:0006094', 'GO:0070374', 'GO:0043066', 'GO:0014823', 'GO:0007631', 'GO:1900118', 'GO:0007189', 'GO:0042593', 'GO:0035774', 'GO:0071377', 'GO:0007186', 'GO:0050796', 'GO:0045722', 'GO:0032024']","['GO:0005576', 'GO:0034774', 'GO:0005886', 'GO:0005788']","['GO:0048018', 'GO:0005102', 'GO:0031769', 'GO:0042802', 'GO:0005179']"
GCK,"['GO:0009749', 'GO:0045087', 'GO:0006096', 'GO:0035556', 'GO:0045721', 'GO:0044320', 'GO:0006006', 'GO:0070509', 'GO:0006007', 'GO:0046330', 'GO:0032869', 'GO:0001678', 'GO:0042593', 'GO:0006955', 'GO:0061621', 'GO:0051156', 'GO:0007254', 'GO:0043507', 'GO:0006903', 'GO:0006468', 'GO:0006110', 'GO:0050796', 'GO:0043266', 'GO:0045725', 'GO:0032024', 'GO:0006739']","['GO:0005829', 'GO:0005737', 'GO:0016323', 'GO:0005739', 'GO:0000139', 'GO:0005654']","['GO:0008349', 'GO:0106310', 'GO:0005524', 'GO:0031435', 'GO:0019158', 'GO:0005536', 'GO:0004340', 'GO:0004674', 'GO:0008865', 'GO:0141089']"
GGPS1,"['GO:0033386', 'GO:0033384', 'GO:0008299', 'GO:0006720', 'GO:0045337']","['GO:0005654', 'GO:0030018', 'GO:0005737', 'GO:0005829', 'GO:0048471']","['GO:0004161', 'GO:0042802', 'GO:0046872', 'GO:0004311', 'GO:0004337']"
GJD3,"['GO:1903780', 'GO:0016264', 'GO:0010459', 'GO:0009749', 'GO:0007267', 'GO:0007154']","['GO:0009986', 'GO:0005922', 'GO:0005886']","['GO:0086077', 'GO:0005216']"
GLUL,"['GO:0009749', 'GO:0008283', 'GO:0010594', 'GO:1904749', 'GO:0042254', 'GO:0045648', 'GO:0001525', 'GO:0006538', 'GO:0097275', 'GO:0018345', 'GO:0009267', 'GO:1903670']","['GO:0044297', 'GO:0005829', 'GO:0070062', 'GO:0005737', 'GO:0005634', 'GO:0005739', 'GO:0005886', 'GO:0097386']","['GO:0005524', 'GO:0019706', 'GO:0042802', 'GO:0046872', 'GO:0004356']"
GOT1,"['GO:0097054', 'GO:0006531', 'GO:0046686', 'GO:0055089', 'GO:0032966', 'GO:0051902', 'GO:0006094', 'GO:0071260', 'GO:0006533', 'GO:1990267', 'GO:0006536', 'GO:0060290', 'GO:0007219', 'GO:0006107', 'GO:0032869', 'GO:0006532', 'GO:0043490', 'GO:0051481', 'GO:0035902', 'GO:0006103', 'GO:0030511', 'GO:0006114', 'GO:0009743', 'GO:0051384']","['GO:0005829', 'GO:0070062', 'GO:0043679', 'GO:0005737', 'GO:0005634']","['GO:0047801', 'GO:0120554', 'GO:0004069', 'GO:0030170', 'GO:0031406', 'GO:0004609']"
GOT2,"['GO:0006531', 'GO:0006533', 'GO:0045471', 'GO:0006536', 'GO:0019470', 'GO:0006107', 'GO:0006532', 'GO:0043490', 'GO:0006103', 'GO:0015908']","['GO:0005759', 'GO:0070062', 'GO:0005739', 'GO:0005886']","['GO:0016212', 'GO:0003723', 'GO:0004069', 'GO:0030170']"
GPAM,"['GO:0009749', 'GO:0055089', 'GO:0055091', 'GO:0040018', 'GO:0006631', 'GO:0006924', 'GO:0051607', 'GO:0016024', 'GO:0006637', 'GO:0019432', 'GO:0006650', 'GO:0006654', 'GO:0070236', 'GO:0042104', 'GO:0006655', 'GO:0001817', 'GO:0006651', 'GO:0050798']","['GO:0005739', 'GO:0005741', 'GO:0005886']",['GO:0004366']
GPR114,"['GO:0007186', 'GO:0007166', 'GO:0007189']","['GO:0005886', 'GO:0016020']",['GO:0004930']
GPR17,"['GO:0048709', 'GO:0007186', 'GO:0002862']",['GO:0005886'],"['GO:0033612', 'GO:0004950', 'GO:0004930']"
GPT,['GO:0042853'],"['GO:0005829', 'GO:0070062']","['GO:0030170', 'GO:0004021']"
GPT2,"['GO:0006103', 'GO:0042853']","['GO:0005739', 'GO:0005759']","['GO:0030170', 'GO:0004021']"
GPX2,['GO:0006979'],"['GO:0045171', 'GO:0005737', 'GO:0005829', 'GO:0072686']","['GO:0004602', 'GO:0009055', 'GO:0047066']"
GPX3,"['GO:0006982', 'GO:0042744']","['GO:0005576', 'GO:0070062']","['GO:0042802', 'GO:0008430', 'GO:0004602']"
GPX4,"['GO:0051258', 'GO:0110076', 'GO:0007283', 'GO:0035264', 'GO:0021549', 'GO:0019369', 'GO:0006325', 'GO:0016358', 'GO:0019372', 'GO:0006979', 'GO:0032355', 'GO:0042759', 'GO:0006644', 'GO:0006915', 'GO:0032496']","['GO:0032991', 'GO:0005829', 'GO:0070062', 'GO:0005634', 'GO:0005635', 'GO:0005739']","['GO:0008430', 'GO:0004602', 'GO:0042802', 'GO:0047066']"
GPX5,"['GO:0006629', 'GO:0034599']",['GO:0005576'],['GO:0004602']
GPX6,"['GO:0034599', 'GO:0006979']","['GO:0005576', 'GO:0005788', 'GO:0005783']","['GO:0004602', 'GO:0004096', 'GO:0004601']"
GPX7,['GO:0034599'],"['GO:0005576', 'GO:0005788', 'GO:0005783']","['GO:0004602', 'GO:0004096', 'GO:0004601']"
GPX8,['GO:0034599'],"['GO:0016020', 'GO:0005788']","['GO:0004602', 'GO:0004601']"
GSK3B,"['GO:0003170', 'GO:0097192', 'GO:0071109', 'GO:0010508', 'GO:0043161', 'GO:0090090', 'GO:0030336', 'GO:0097191', 'GO:0045597', 'GO:1901030', 'GO:0032007', 'GO:0006983', 'GO:0031333', 'GO:1903566', 'GO:1904646', 'GO:0106027', 'GO:0045719', 'GO:0010719', 'GO:0010975', 'GO:0001837', 'GO:0046777', 'GO:0006468', 'GO:1900034', 'GO:1900181', 'GO:0030011', 'GO:0010628', 'GO:1900271', 'GO:0071300', 'GO:2000740', 'GO:0046827', 'GO:1902042', 'GO:0032886', 'GO:0035556', 'GO:0010629', 'GO:0030010', 'GO:1904781', 'GO:0032092', 'GO:0031334', 'GO:0019082', 'GO:2000466', 'GO:0031398', 'GO:0070885', 'GO:0034976', 'GO:0031175', 'GO:0021766', 'GO:0160213', 'GO:0043066', 'GO:2000077', 'GO:0036016', 'GO:0001954', 'GO:0032481', 'GO:0032436', 'GO:0048814', 'GO:0007623', 'GO:0045732', 'GO:0008286', 'GO:0016055', 'GO:0070507', 'GO:0150101', 'GO:0060070', 'GO:0043525', 'GO:0050770', 'GO:1903940', 'GO:0042752', 'GO:0099171', 'GO:0030516', 'GO:0060079', 'GO:0030154', 'GO:0005977', 'GO:0045724', 'GO:0007005', 'GO:0046825', 'GO:1904339', 'GO:0045668', 'GO:0018105']","['GO:0005813', 'GO:0030424', 'GO:0005886', 'GO:1990909', 'GO:0005634', 'GO:0098793', 'GO:0030425', 'GO:0098978', 'GO:0005829', 'GO:0005737', 'GO:0005739', 'GO:0098794', 'GO:0005654', 'GO:0030877']","['GO:0004672', 'GO:0048156', 'GO:0004674', 'GO:0008013', 'GO:0106310', 'GO:0005524', 'GO:0051059', 'GO:0019901', 'GO:0061629', 'GO:0034236', 'GO:0097110', 'GO:0002020', 'GO:0016301', 'GO:0034452', 'GO:0031625', 'GO:0050321', 'GO:0002039']"
H6PD,"['GO:0009051', 'GO:2000064', 'GO:0031667', 'GO:0006006', 'GO:0097305']","['GO:0016529', 'GO:0005788', 'GO:0005783']","['GO:0047935', 'GO:0030246', 'GO:0017057', 'GO:0047934', 'GO:0004345', 'GO:0050661']"
HADHB,"['GO:0010467', 'GO:0006635', 'GO:0071222']","['GO:0005740', 'GO:0005739', 'GO:0042645', 'GO:0005741', 'GO:0097228', 'GO:0005654', 'GO:0005743', 'GO:0016507', 'GO:0005783']","['GO:0044877', 'GO:0004300', 'GO:0003988', 'GO:0003723', 'GO:0106222', 'GO:0050633', 'GO:0003985', 'GO:0003857']"
HAO1,"['GO:0006979', 'GO:0001561', 'GO:0006545', 'GO:0046296']","['GO:0005829', 'GO:0005782']","['GO:0003973', 'GO:0010181', 'GO:0047969']"
HAO2,['GO:0019395'],"['GO:0005829', 'GO:0005782']","['GO:0003973', 'GO:0010181']"
HELZ2,"['GO:0035194', 'GO:0045944']","['GO:0005654', 'GO:0005737', 'GO:0005829', 'GO:0043186', 'GO:0016020']","['GO:0003677', 'GO:0008859', 'GO:0003724', 'GO:0008270', 'GO:0003713', 'GO:0005524', 'GO:0003723', 'GO:0016887']"
HEPACAM2,"['GO:0051301', 'GO:0007098']","['GO:0005654', 'GO:0005813', 'GO:0030496', 'GO:0005794', 'GO:0005819', 'GO:0000139', 'GO:0072686']",[]
HIF1A,"['GO:0071456', 'GO:0031929', 'GO:0002248', 'GO:0051541', 'GO:0032007', 'GO:0045648', 'GO:0006357', 'GO:0007165', 'GO:0032963', 'GO:0019896', 'GO:0097152', 'GO:0016239', 'GO:0001666', 'GO:0001947', 'GO:0003208', 'GO:0001837', 'GO:0045766', 'GO:0010634', 'GO:0010039', 'GO:0001938', 'GO:0010628', 'GO:1902895', 'GO:0007595', 'GO:0006089', 'GO:0035162', 'GO:0007405', 'GO:0010575', 'GO:0001922', 'GO:0003151', 'GO:0030282', 'GO:0030502', 'GO:0030949', 'GO:0010629', 'GO:0071542', 'GO:2001054', 'GO:1903427', 'GO:0001525', 'GO:0045926', 'GO:0000302', 'GO:0014850', 'GO:0010468', 'GO:0021987', 'GO:0061072', 'GO:0002062', 'GO:0061298', 'GO:1903377', 'GO:1900017', 'GO:0043536', 'GO:0006355', 'GO:0046716', 'GO:0021502', 'GO:0071347', 'GO:0032909', 'GO:0061030', 'GO:0001755', 'GO:0010573', 'GO:0001892', 'GO:0008542', 'GO:0046886', 'GO:0045893', 'GO:0097411', 'GO:0042541', 'GO:0098586', 'GO:2000434', 'GO:0032364', 'GO:0070244', 'GO:0001678', 'GO:0032722', 'GO:0045821', 'GO:0048546', 'GO:0035774', 'GO:0045944', 'GO:0006879', 'GO:0070101', 'GO:0034599', 'GO:1902894', 'GO:0035773', 'GO:0006110', 'GO:0002052', 'GO:0051402']","['GO:0005667', 'GO:0090575', 'GO:0000785', 'GO:0005634', 'GO:0016607', 'GO:0032991', 'GO:1904115', 'GO:0016604', 'GO:0000791', 'GO:0031514', 'GO:0005829', 'GO:0005737', 'GO:0005654']","['GO:0046982', 'GO:0140537', 'GO:0019899', 'GO:0001223', 'GO:0042826', 'GO:0019901', 'GO:0016922', 'GO:0061629', 'GO:0000981', 'GO:0001228', 'GO:0019904', 'GO:0003700', 'GO:0031625', 'GO:0001222', 'GO:0051879', 'GO:0001217', 'GO:0000987', 'GO:0070888', 'GO:0000977', 'GO:0000978', 'GO:0002039', 'GO:0001216']"
HK1,"['GO:0072656', 'GO:0002720', 'GO:0045087', 'GO:0006096', 'GO:0006006', 'GO:0032731', 'GO:0006954', 'GO:0001678', 'GO:0061621', 'GO:0051156', 'GO:0006013', 'GO:0061728', 'GO:0009298', 'GO:0006002', 'GO:0046835']","['GO:0045121', 'GO:0005829', 'GO:0005739', 'GO:0005741']","['GO:0005524', 'GO:0042834', 'GO:0019158', 'GO:0005536', 'GO:0047931', 'GO:0004340', 'GO:0004396', 'GO:0008865']"
HMGA1,"['GO:0045892', 'GO:0006355', 'GO:0035556', 'GO:0090402', 'GO:0008285', 'GO:0045944', 'GO:0006284', 'GO:0006337', 'GO:0045893']","['GO:0090575', 'GO:0005829', 'GO:0005667', 'GO:0031965', 'GO:0005634', 'GO:0035985', 'GO:0005654', 'GO:0005925']","['GO:0003680', 'GO:0030527', 'GO:0140677', 'GO:0003682', 'GO:0000987', 'GO:0051575', 'GO:0003723', 'GO:0060090', 'GO:0019899', 'GO:0003677', 'GO:0042975', 'GO:0003713', 'GO:0003906', 'GO:0042974', 'GO:0000978', 'GO:0003712', 'GO:0046965', 'GO:0008301', 'GO:0001221']"
HMGB2,"['GO:0045892', 'GO:0050767', 'GO:0032392', 'GO:0072091', 'GO:0045087', 'GO:1902042', 'GO:0006303', 'GO:0060326', 'GO:0008625', 'GO:0032728', 'GO:0010629', 'GO:0006334', 'GO:0048545', 'GO:0006325', 'GO:0008584', 'GO:0045648', 'GO:0006357', 'GO:0002437', 'GO:0045654', 'GO:0007289', 'GO:0050830', 'GO:0045944', 'GO:0006338', 'GO:0006265', 'GO:0000122', 'GO:0045089', 'GO:0001938', 'GO:0050829', 'GO:0033151', 'GO:0045893', 'GO:0032496', 'GO:0071222']","['GO:0032991', 'GO:0097227', 'GO:0000785', 'GO:0005737', 'GO:0005634', 'GO:0000793', 'GO:0097228', 'GO:0005730', 'GO:0048471', 'GO:0005654']","['GO:0050786', 'GO:0000976', 'GO:0008134', 'GO:0003697', 'GO:0000987', 'GO:0019904', 'GO:0097100', 'GO:0003723', 'GO:0003677', 'GO:0140297', 'GO:0003713', 'GO:0044378', 'GO:0042056', 'GO:0003684', 'GO:0000400', 'GO:0008301', 'GO:0003690']"
HMGCL,"['GO:0006552', 'GO:0046951', 'GO:0007005', 'GO:0006629']","['GO:0032991', 'GO:0005739', 'GO:0005759', 'GO:0005829', 'GO:0005782', 'GO:0005777']","['GO:0046872', 'GO:0005198', 'GO:0000287', 'GO:0030145', 'GO:0004419']"
HMGCLL1,"['GO:0006552', 'GO:0046951']","['GO:0005789', 'GO:0005829', 'GO:0016020', 'GO:0048471', 'GO:0005783']","['GO:0046872', 'GO:0004419']"
HMGCR,"['GO:0050709', 'GO:0015936', 'GO:1900222', 'GO:0008299', 'GO:0008542', 'GO:0060291', 'GO:0006695', 'GO:0016126', 'GO:0042177', 'GO:0070372']","['GO:0005783', 'GO:0005778', 'GO:0005789']","['GO:0070402', 'GO:0120225', 'GO:0004420', 'GO:0030695']"
HMGCS1,"['GO:0010142', 'GO:0006084', 'GO:0006629', 'GO:0006695']","['GO:0005737', 'GO:0005829']","['GO:0004421', 'GO:0042803']"
HMGCS2,"['GO:0060416', 'GO:0046951', 'GO:0033762', 'GO:0006695', 'GO:0033555', 'GO:0034284', 'GO:0071230', 'GO:0007584', 'GO:0034696', 'GO:0042594', 'GO:0009410', 'GO:0010142', 'GO:0045471', 'GO:0070543', 'GO:0032869', 'GO:0071398', 'GO:0010038', 'GO:0034014', 'GO:0071385', 'GO:0001889', 'GO:0030324', 'GO:0001822', 'GO:0033574', 'GO:0006084', 'GO:0009266', 'GO:0060612', 'GO:0051591', 'GO:0007494', 'GO:0071222']","['GO:0005759', 'GO:0005739']","['GO:0004421', 'GO:0042802']"
HMOX1,"['GO:0042167', 'GO:0110076', 'GO:0014806', 'GO:0006788', 'GO:1903589', 'GO:0048662', 'GO:0048661', 'GO:1902042', 'GO:0035556', 'GO:1904019', 'GO:0034383', 'GO:0042542', 'GO:0045765', 'GO:0043123', 'GO:0001525', 'GO:0006357', 'GO:0006979', 'GO:0034605', 'GO:0032722', 'GO:0016239', 'GO:1900016', 'GO:0002686', 'GO:0016242', 'GO:0006879', 'GO:0045766', 'GO:1904037', 'GO:0030218', 'GO:0090050', 'GO:0002246', 'GO:0001935', 'GO:0034101', 'GO:0060586', 'GO:0035094', 'GO:0016236', 'GO:0072719', 'GO:0071243', 'GO:0071276']","['GO:0005829', 'GO:0005783', 'GO:0005634', 'GO:0005789', 'GO:0005741', 'GO:0016020', 'GO:0048471', 'GO:0005654']","['GO:0005198', 'GO:0042803', 'GO:0020037', 'GO:0019899', 'GO:0004392', 'GO:0042802', 'GO:0046872']"
HSD11B1,"['GO:0030324', 'GO:0006706']","['GO:0005789', 'GO:0016020']","['GO:0005496', 'GO:0050661', 'GO:0070524', 'GO:0102196', 'GO:0042803', 'GO:0047022']"
HSD17B1,"['GO:0060348', 'GO:0061370', 'GO:0010467', 'GO:0006703', 'GO:0007519', 'GO:0007040', 'GO:0071248', 'GO:0060612']",['GO:0005829'],"['GO:1903924', 'GO:0042803', 'GO:0047045', 'GO:0005496', 'GO:0072582', 'GO:0036094', 'GO:0004303', 'GO:0050661', 'GO:0070401', 'GO:0047035']"
HSD17B7,"['GO:0048568', 'GO:0007420', 'GO:0048706', 'GO:0006695', 'GO:0008209', 'GO:0006703', 'GO:0033490', 'GO:0030154']","['GO:0005739', 'GO:0005789']","['GO:0047024', 'GO:0004303', 'GO:0000253']"
HSD3B1,"['GO:0006702', 'GO:0006694', 'GO:0006703', 'GO:0008207', 'GO:0006701']","['GO:0005929', 'GO:0005758', 'GO:0015630', 'GO:0035869', 'GO:0045171', 'GO:0005737', 'GO:0005789', 'GO:0005730', 'GO:0005743', 'GO:0030868', 'GO:0005783']","['GO:0016616', 'GO:0047024', 'GO:0000253', 'GO:0004769', 'GO:0003854']"
HSD3B7,"['GO:0035754', 'GO:0006699', 'GO:0006694']","['GO:0005811', 'GO:0005789']","['GO:0016616', 'GO:0047016', 'GO:0003854']"
HSDL2,['GO:0042632'],"['GO:0005739', 'GO:0005777', 'GO:0016020']",['GO:0016491']
HSPA5,"['GO:1903897', 'GO:0035437', 'GO:0031204', 'GO:0043066', 'GO:0060904', 'GO:0021680', 'GO:0034975', 'GO:1903898', 'GO:0071353', 'GO:1903891', 'GO:0034976', 'GO:0030968', 'GO:0006983', 'GO:0031333', 'GO:0030512', 'GO:0042026', 'GO:0036503', 'GO:0036498', 'GO:1903895', 'GO:0045944', 'GO:0021589', 'GO:0030335', 'GO:0021762', 'GO:1903894', 'GO:0042149', 'GO:0031398']","['GO:0032991', 'GO:0009986', 'GO:0005829', 'GO:0070062', 'GO:0005793', 'GO:0043231', 'GO:0005737', 'GO:0005634', 'GO:0030496', 'GO:0005739', 'GO:0005789', 'GO:0042470', 'GO:0034663', 'GO:0005886', 'GO:0016020', 'GO:0005788', 'GO:0005925', 'GO:0005783']","['GO:0031072', 'GO:0031625', 'GO:0030291', 'GO:0005524', 'GO:0140662', 'GO:0051082', 'GO:0045296', 'GO:0043022', 'GO:0019904', 'GO:0005509', 'GO:0019899', 'GO:0044183', 'GO:0051787', 'GO:0016887', 'GO:0140311', 'GO:0051087']"
HUWE1,"['GO:0006513', 'GO:0035359', 'GO:0030154', 'GO:0043161', 'GO:0032922', 'GO:0043123', 'GO:1905091', 'GO:0070936', 'GO:0061025', 'GO:0006511', 'GO:0141198', 'GO:0006284', 'GO:0007030', 'GO:0031398', 'GO:0000209', 'GO:0010637']","['GO:0005576', 'GO:1904813', 'GO:0005829', 'GO:0070062', 'GO:0097225', 'GO:0005737', 'GO:0034774', 'GO:0005634', 'GO:0005739', 'GO:0000139', 'GO:0097228', 'GO:0016020', 'GO:0005654', 'GO:0097229']","['GO:0034450', 'GO:0061630', 'GO:0003723', 'GO:0003677', 'GO:0140852', 'GO:0004842']"
ICAM1,"['GO:0072683', 'GO:0050900', 'GO:0070374', 'GO:0002457', 'GO:1902042', 'GO:0071333', 'GO:0007155', 'GO:0002693', 'GO:0002291', 'GO:1990830', 'GO:1904646', 'GO:0033631', 'GO:0044406', 'GO:0007159', 'GO:0046813', 'GO:0007157', 'GO:0061756', 'GO:0001910', 'GO:0022614', 'GO:0061028', 'GO:1900027', 'GO:2000352']","['GO:0045121', 'GO:0009986', 'GO:0070062', 'GO:0001772', 'GO:0031012', 'GO:0005886', 'GO:0016020', 'GO:0005925', 'GO:0009897']","['GO:0048018', 'GO:0005178', 'GO:0038023', 'GO:0004888', 'GO:0001618']"
ICMT,"['GO:0006612', 'GO:0006481', 'GO:0036211']","['GO:0005789', 'GO:0016020', 'GO:0005783']","['GO:0003880', 'GO:0004671']"
IDI1,"['GO:0050992', 'GO:0009240', 'GO:0008299', 'GO:0006695', 'GO:0035634']","['GO:0005737', 'GO:0005829', 'GO:0005777']","['GO:0046872', 'GO:0000287', 'GO:0004452', 'GO:0030145']"
IDI2,"['GO:0050992', 'GO:0009240', 'GO:0008299', 'GO:0006695', 'GO:0046490']","['GO:0005737', 'GO:0005829', 'GO:0005777']","['GO:0046872', 'GO:0004452']"
IFNG,"['GO:0038196', 'GO:1903543', 'GO:0045892', 'GO:0034393', 'GO:0098586', 'GO:0060333', 'GO:0002250', 'GO:0097696', 'GO:0048662', 'GO:1900451', 'GO:0050729', 'GO:0009615', 'GO:0006959', 'GO:0010508', 'GO:0032760', 'GO:0032700', 'GO:0030857', 'GO:0050766', 'GO:0001819', 'GO:0002281', 'GO:0097191', 'GO:0010629', 'GO:0051607', 'GO:0050769', 'GO:0032755', 'GO:0008284', 'GO:0051044', 'GO:1903078', 'GO:0032731', 'GO:1900222', 'GO:0032735', 'GO:0032722', 'GO:0060557', 'GO:0045821', 'GO:0001774', 'GO:0048143', 'GO:0045944', 'GO:0000122', 'GO:0045348', 'GO:1904440', 'GO:0033141', 'GO:0042531', 'GO:0010634', 'GO:0038096', 'GO:0045672', 'GO:1901857', 'GO:2000309', 'GO:0032747', 'GO:1902004', 'GO:0060552', 'GO:0007259', 'GO:0050796', 'GO:0150076', 'GO:0007166', 'GO:0010628', 'GO:0006915', 'GO:0030225', 'GO:0045429']",['GO:0005576'],"['GO:0005125', 'GO:0005133']"
IGF1R,"['GO:0043243', 'GO:0038083', 'GO:0051897', 'GO:0071333', 'GO:0043066', 'GO:0008284', 'GO:0045056', 'GO:0048009', 'GO:1904646', 'GO:0007165', 'GO:0006955', 'GO:0043409', 'GO:0097242', 'GO:0043491', 'GO:0030335', 'GO:0046777', 'GO:0008286', 'GO:0120162', 'GO:0046328', 'GO:0097062', 'GO:0043410']","['GO:0005929', 'GO:0030424', 'GO:0035867', 'GO:0005899', 'GO:0043235', 'GO:0005886', 'GO:0005730', 'GO:0016020', 'GO:1902911']","['GO:0005010', 'GO:0043560', 'GO:0005524', 'GO:0005520', 'GO:0043559', 'GO:0005158', 'GO:0005009', 'GO:0140318', 'GO:0042802', 'GO:0043548', 'GO:0004713', 'GO:0031994']"
IGF2BP1,"['GO:0097150', 'GO:0140059', 'GO:0051028', 'GO:0010610', 'GO:2000767', 'GO:0017148', 'GO:0070934', 'GO:0062028', 'GO:1900152', 'GO:0007399', 'GO:0001817']","['GO:1990904', 'GO:0005829', 'GO:0000932', 'GO:0005737', 'GO:0005634', 'GO:0043197', 'GO:0030175', 'GO:0070937', 'GO:0048471', 'GO:0010494', 'GO:0005654', 'GO:0030027', 'GO:0043025', 'GO:0030426']","['GO:0003729', 'GO:0045182', 'GO:0003723', 'GO:0048027', 'GO:1990247', 'GO:0003730']"
IGHD,"['GO:0006958', 'GO:0019731', 'GO:0006955', 'GO:0032732', 'GO:0002250', 'GO:0050853']","['GO:0042571', 'GO:0072562', 'GO:0005886', 'GO:0070062']","['GO:0034987', 'GO:0003823']"
IL17RA,"['GO:0050832', 'GO:1900017', 'GO:0050729', 'GO:0009615', 'GO:0045087', 'GO:0038173', 'GO:0072538', 'GO:0032736', 'GO:0097400', 'GO:0032755', 'GO:0030163', 'GO:0006954', 'GO:0032754', 'GO:0072537', 'GO:0071621', 'GO:0032747', 'GO:0007166', 'GO:2000340']","['GO:0005576', 'GO:0005886']","['GO:0005102', 'GO:0030368']"
IL1B,"['GO:0010744', 'GO:0097192', 'GO:0070164', 'GO:0071639', 'GO:0071260', 'GO:0070487', 'GO:1902680', 'GO:0051044', 'GO:0050805', 'GO:0007165', 'GO:0048143', 'GO:0007254', 'GO:0010829', 'GO:0002711', 'GO:0045766', 'GO:0050999', 'GO:0033092', 'GO:0007267', 'GO:0010628', 'GO:0150078', 'GO:0006915', 'GO:0050767', 'GO:0071222', 'GO:0045833', 'GO:0014805', 'GO:0046827', 'GO:0070374', 'GO:0097398', 'GO:0010575', 'GO:0070498', 'GO:0030949', 'GO:0031622', 'GO:1903597', 'GO:0032757', 'GO:0045840', 'GO:0046330', 'GO:2000556', 'GO:0045917', 'GO:1903140', 'GO:0032729', 'GO:0033198', 'GO:0030335', 'GO:0042102', 'GO:0010718', 'GO:0032496', 'GO:0045429', 'GO:0009743', 'GO:0051897', 'GO:0019221', 'GO:0007566', 'GO:0032725', 'GO:1900745', 'GO:0034116', 'GO:0071466', 'GO:1905075', 'GO:0070555', 'GO:0043123', 'GO:0010573', 'GO:0006954', 'GO:0006955', 'GO:0050768', 'GO:0050796', 'GO:0060252', 'GO:0051781', 'GO:0043410', 'GO:0050996', 'GO:0045893', 'GO:0070372', 'GO:0030213', 'GO:0050729', 'GO:0050691', 'GO:0030593', 'GO:0050995', 'GO:0032755', 'GO:0008284', 'GO:0032308', 'GO:0043409', 'GO:0050830', 'GO:2001240', 'GO:0008285', 'GO:0060355', 'GO:0043122', 'GO:0045944', 'GO:0010641', 'GO:0031394', 'GO:0046627', 'GO:0032743', 'GO:1901224']","['GO:0030141', 'GO:0005764', 'GO:0005576', 'GO:0005829']","['GO:0005125', 'GO:0005178', 'GO:0019904', 'GO:0005149']"
IL6,"['GO:0032733', 'GO:0032494', 'GO:0150077', 'GO:0045727', 'GO:0048661', 'GO:0051607', 'GO:0002314', 'GO:1901731', 'GO:0061888', 'GO:2000553', 'GO:0045779', 'GO:0010628', 'GO:0050829', 'GO:1902895', 'GO:0150078', 'GO:0072540', 'GO:0071222', 'GO:0030168', 'GO:0032745', 'GO:0032966', 'GO:0097696', 'GO:0002446', 'GO:0097421', 'GO:0010575', 'GO:0002384', 'GO:0050731', 'GO:0090594', 'GO:0070050', 'GO:0010888', 'GO:2000635', 'GO:0045765', 'GO:0032757', 'GO:0042593', 'GO:0046427', 'GO:2000660', 'GO:0042102', 'GO:0090091', 'GO:0010718', 'GO:1900017', 'GO:0032682', 'GO:0033138', 'GO:0031175', 'GO:0001781', 'GO:0070102', 'GO:0002639', 'GO:0070092', 'GO:0019221', 'GO:1902512', 'GO:0061470', 'GO:0006959', 'GO:0032760', 'GO:0043066', 'GO:0014823', 'GO:0070091', 'GO:0045669', 'GO:0031018', 'GO:0006953', 'GO:0070301', 'GO:0010573', 'GO:0043065', 'GO:0006954', 'GO:0035633', 'GO:0072574', 'GO:0050768', 'GO:0010574', 'GO:0007259', 'GO:0050796', 'GO:0060252', 'GO:0043410', 'GO:0045893', 'GO:0051384', 'GO:1904996', 'GO:0098586', 'GO:1903978', 'GO:2000676', 'GO:0002548', 'GO:1904894', 'GO:0032755', 'GO:0008284', 'GO:0002690', 'GO:0032731', 'GO:0050830', 'GO:0032722', 'GO:0032740', 'GO:0045599', 'GO:0008285', 'GO:0045944', 'GO:0002675', 'GO:0050871']","['GO:0005896', 'GO:0005788', 'GO:0005576']","['GO:0008083', 'GO:0005125', 'GO:0005138', 'GO:0042802']"
INS,"['GO:0045818', 'GO:0060267', 'GO:0010750', 'GO:0048167', 'GO:0038060', 'GO:0051897', 'GO:0055089', 'GO:0042177', 'GO:0010976', 'GO:0042311', 'GO:1902952', 'GO:0030307', 'GO:0090277', 'GO:0006355', 'GO:0001819', 'GO:0046631', 'GO:0002674', 'GO:0045721', 'GO:0045597', 'GO:0050995', 'GO:0010629', 'GO:0006006', 'GO:0051000', 'GO:0006953', 'GO:1903427', 'GO:0043123', 'GO:0008284', 'GO:0046628', 'GO:0045840', 'GO:0050714', 'GO:0050708', 'GO:2000252', 'GO:0042060', 'GO:0042593', 'GO:1990535', 'GO:1902176', 'GO:0045821', 'GO:0032880', 'GO:0050890', 'GO:0043410', 'GO:1900182', 'GO:1903076', 'GO:0050709', 'GO:0030335', 'GO:0008286', 'GO:0007186', 'GO:0060266', 'GO:0046326', 'GO:0007267', 'GO:0010628', 'GO:0046889', 'GO:1900273', 'GO:0045725', 'GO:0045922', 'GO:0090336']","['GO:0005576', 'GO:0005796', 'GO:0031904', 'GO:0030133', 'GO:0034774', 'GO:0033116', 'GO:0000139', 'GO:0005788']","['GO:0048018', 'GO:0002020', 'GO:0005159', 'GO:0005158', 'GO:0042802', 'GO:0005179']"
INSIG1,"['GO:0036316', 'GO:0042474', 'GO:0006695', 'GO:0042632', 'GO:0045541', 'GO:0042472', 'GO:0036315', 'GO:0032869', 'GO:0045599', 'GO:0060363', 'GO:0060021', 'GO:0032933', 'GO:1901303', 'GO:0045717', 'GO:0006641']","['GO:0032937', 'GO:0005789', 'GO:0005783']","['GO:0008142', 'GO:0140311']"
INSIG2,"['GO:0032933', 'GO:0032869', 'GO:0042474', 'GO:0070542', 'GO:0036316', 'GO:0006695', 'GO:0042472', 'GO:0045717', 'GO:0006641', 'GO:0010894', 'GO:0060363', 'GO:0060021']","['GO:0032937', 'GO:0005789', 'GO:0005783']","['GO:0008142', 'GO:0140311']"
INSRR,"['GO:0046777', 'GO:0030036', 'GO:0008286', 'GO:0030238', 'GO:0071469', 'GO:0007169']","['GO:0043235', 'GO:0030424', 'GO:0005886', 'GO:0005899']","['GO:0043548', 'GO:0005009', 'GO:0043560', 'GO:0004714', 'GO:0005524']"
IRS1,"['GO:0051897', 'GO:0019221', 'GO:0046676', 'GO:0032000', 'GO:0008284', 'GO:0046628', 'GO:0048009', 'GO:0032869', 'GO:0071398', 'GO:0042593', 'GO:0007165', 'GO:0043491', 'GO:0032868', 'GO:0008286', 'GO:0046326', 'GO:0046627', 'GO:0010907', 'GO:0045725']","['GO:0005829', 'GO:0005899', 'GO:0043231', 'GO:0005737', 'GO:0005634', 'GO:0005901', 'GO:0005886', 'GO:0005654']","['GO:0001784', 'GO:0035591', 'GO:0005068', 'GO:0005080', 'GO:0005159', 'GO:0005158', 'GO:0030159', 'GO:0043548', 'GO:0042169']"
JUN,"['GO:0045892', 'GO:0072740', 'GO:0043922', 'GO:0008283', 'GO:0043392', 'GO:0042127', 'GO:0007179', 'GO:0070374', 'GO:0043524', 'GO:0009410', 'GO:0003151', 'GO:0060395', 'GO:0061029', 'GO:0043923', 'GO:0035994', 'GO:0001525', 'GO:0035026', 'GO:0006357', 'GO:0048545', 'GO:0030224', 'GO:0001774', 'GO:0008285', 'GO:0007254', 'GO:0001889', 'GO:0045944', 'GO:0000122', 'GO:2000144', 'GO:0048146', 'GO:0010634', 'GO:0031103', 'GO:0019046', 'GO:0140467', 'GO:0001938', 'GO:1902895', 'GO:1904707', 'GO:0006915', 'GO:0071277', 'GO:0051726', 'GO:0045893', 'GO:0034976']","['GO:0090575', 'GO:0000228', 'GO:0005667', 'GO:0000785', 'GO:0017053', 'GO:0005634', 'GO:0035976', 'GO:0005654', 'GO:0000791']","['GO:0031625', 'GO:0000976', 'GO:0070412', 'GO:1990837', 'GO:0003682', 'GO:0005096', 'GO:0001228', 'GO:0061629', 'GO:0003723', 'GO:0035497', 'GO:0019899', 'GO:0003677', 'GO:0000981', 'GO:0042802', 'GO:0000978', 'GO:0001227', 'GO:0140296', 'GO:0003700', 'GO:0044389']"
KATNAL2,"['GO:0051013', 'GO:0031122', 'GO:0000212']","['GO:0008352', 'GO:0000922', 'GO:0005819', 'GO:0005737', 'GO:0015630', 'GO:0005874']","['GO:0008568', 'GO:0005524', 'GO:0008017', 'GO:0016887']"
KCNK16,"['GO:0061178', 'GO:0006813', 'GO:0071805', 'GO:0051279', 'GO:0032469', 'GO:0086011', 'GO:0098900']","['GO:0034702', 'GO:0005789', 'GO:0005743', 'GO:0005886']","['GO:0042802', 'GO:0046872', 'GO:0005267', 'GO:0046982', 'GO:0015271', 'GO:0022841']"
KCNS3,"['GO:1901379', 'GO:0051260', 'GO:0006813', 'GO:0001508', 'GO:0071805']","['GO:0005794', 'GO:0005829', 'GO:0005886', 'GO:0016020', 'GO:0008076']","['GO:0005251', 'GO:0015459']"
KHSRP,"['GO:0000375', 'GO:0010586', 'GO:0010989', 'GO:0045019', 'GO:0008380', 'GO:0051028', 'GO:0006397', 'GO:0006357', 'GO:0061158', 'GO:0043488', 'GO:0061014', 'GO:0071345']","['GO:0005829', 'GO:0005737', 'GO:0005634', 'GO:0016020', 'GO:0005654']","['GO:0003729', 'GO:0003723', 'GO:0003677', 'GO:0044183', 'GO:0035925']"
KIF20A,"['GO:0007018', 'GO:0001578', 'GO:0061952', 'GO:0000281', 'GO:0032465', 'GO:0015031']","['GO:0005871', 'GO:0032154', 'GO:0072686', 'GO:0045171', 'GO:0005737', 'GO:0005634', 'GO:0005874', 'GO:0030496', 'GO:0005794', 'GO:0005654', 'GO:0005819']","['GO:0005524', 'GO:0019901', 'GO:0003777', 'GO:0008017', 'GO:0016887']"
KMO,"['GO:1903296', 'GO:0006569', 'GO:0034276', 'GO:0009651', 'GO:0071347', 'GO:0070189', 'GO:0019674', 'GO:0019805', 'GO:0034354', 'GO:0071222']","['GO:0005829', 'GO:0005739', 'GO:0005741']","['GO:0004502', 'GO:0016174', 'GO:0071949', 'GO:0050660']"
KRAS,"['GO:0016601', 'GO:0060038', 'GO:0014009', 'GO:0000165', 'GO:2000774', 'GO:0048169', 'GO:0048873', 'GO:0007565', 'GO:0019221', 'GO:0032228', 'GO:0060509', 'GO:0043524', 'GO:0030857', 'GO:0051450', 'GO:0035900', 'GO:0010467', 'GO:0009629', 'GO:0021897', 'GO:0030036', 'GO:0007265', 'GO:0008542', 'GO:0001889', 'GO:0051146', 'GO:0051402', 'GO:0060441', 'GO:0010628', 'GO:0035022', 'GO:0060252', 'GO:0051385', 'GO:0051384', 'GO:0035914']","['GO:0005829', 'GO:0005737', 'GO:0005789', 'GO:0009898', 'GO:0000139', 'GO:0005741', 'GO:0005886', 'GO:0016020', 'GO:0005925']","['GO:0030275', 'GO:0044877', 'GO:0019003', 'GO:0043495', 'GO:0003925', 'GO:0003924', 'GO:0019002', 'GO:0042802', 'GO:0005525']"
LAMP1,"['GO:0050821', 'GO:0045954', 'GO:0072594', 'GO:1902513', 'GO:0007042', 'GO:0090160', 'GO:0140507', 'GO:0043323']","['GO:0005765', 'GO:0008021', 'GO:0000421', 'GO:0031902', 'GO:0044754', 'GO:0005829', 'GO:0070062', 'GO:0101003', 'GO:0010008', 'GO:0005737', 'GO:0005764', 'GO:0061474', 'GO:0042470', 'GO:0005886', 'GO:0016020', 'GO:0048471', 'GO:0042383', 'GO:0005771', 'GO:0005770', 'GO:0035577', 'GO:0009897', 'GO:0101004']","['GO:0008200', 'GO:0019904', 'GO:0019899', 'GO:0001618']"
LBR,"['GO:0006695', 'GO:0060816', 'GO:0030223']","['GO:0005652', 'GO:0005637', 'GO:0031965', 'GO:0005737', 'GO:0005634', 'GO:0005635', 'GO:0001650', 'GO:0005789', 'GO:0016020', 'GO:0005654']","['GO:0070087', 'GO:0003723', 'GO:0005521', 'GO:0070402', 'GO:0003677', 'GO:0140463', 'GO:0050613']"
LCAT,"['GO:0006656', 'GO:0043691', 'GO:0042632', 'GO:0046222', 'GO:0034375', 'GO:0034372', 'GO:0090107', 'GO:0042158', 'GO:0046688', 'GO:0046470', 'GO:0008203', 'GO:0006629', 'GO:0006644', 'GO:0051384', 'GO:0030301']","['GO:0005576', 'GO:0070062', 'GO:0034364']","['GO:0003847', 'GO:0047179', 'GO:0034186', 'GO:0004607', 'GO:0004771', 'GO:0004623']"
LDHA,"['GO:0006089', 'GO:0042867', 'GO:0021762', 'GO:0006096']","['GO:1990204', 'GO:0035686', 'GO:0005739', 'GO:0005829', 'GO:0005634', 'GO:0016020', 'GO:0070062']","['GO:0042802', 'GO:0045296', 'GO:0004459']"
LDLR,"['GO:0061889', 'GO:0030299', 'GO:0042632', 'GO:0006909', 'GO:0010989', 'GO:0034381', 'GO:0070508', 'GO:0042159', 'GO:0050729', 'GO:0034384', 'GO:0061771', 'GO:0001523', 'GO:0010867', 'GO:0051248', 'GO:0051246', 'GO:0090181', 'GO:0010629', 'GO:0034383', 'GO:0090118', 'GO:0048844', 'GO:0071398', 'GO:0006897', 'GO:0010899', 'GO:0097242', 'GO:1905167', 'GO:0150094', 'GO:0008203', 'GO:0007616', 'GO:0006629', 'GO:1905907', 'GO:0071404', 'GO:0015914', 'GO:0010628', 'GO:1903979', 'GO:0001920', 'GO:0030301', 'GO:0006898']","['GO:0036477', 'GO:0009986', 'GO:0097443', 'GO:0036020', 'GO:0034362', 'GO:0010008', 'GO:0030669', 'GO:0005764', 'GO:1990666', 'GO:0005905', 'GO:0016323', 'GO:0043235', 'GO:0005794', 'GO:0005886', 'GO:0016020', 'GO:0045177', 'GO:0005769', 'GO:0005770', 'GO:0009897']","['GO:0005041', 'GO:0002020', 'GO:0071813', 'GO:0005509', 'GO:0060090', 'GO:0032050', 'GO:0001618', 'GO:0030169', 'GO:0001540', 'GO:0042802', 'GO:0030229']"
LDLRAP1,"['GO:1905581', 'GO:0043393', 'GO:0042632', 'GO:0034383', 'GO:0090118', 'GO:1905602', 'GO:0031623', 'GO:0042982', 'GO:0008203', 'GO:1903076', 'GO:0048260', 'GO:1904707', 'GO:0090205', 'GO:0030301', 'GO:0071345', 'GO:0006898']","['GO:0030424', 'GO:0005829', 'GO:0030669', 'GO:0009925', 'GO:0009898', 'GO:0005886', 'GO:0005883', 'GO:0005769', 'GO:0055037']","['GO:0030276', 'GO:0005546', 'GO:0001784', 'GO:0035591', 'GO:0035650', 'GO:0035615', 'GO:0030159', 'GO:0001540', 'GO:0035612', 'GO:0050750']"
LEP,"['GO:0033197', 'GO:0019953', 'GO:0030217', 'GO:0046881', 'GO:1900015', 'GO:0032817', 'GO:0046850', 'GO:0001542', 'GO:0001936', 'GO:0008343', 'GO:0051541', 'GO:0045471', 'GO:0043270', 'GO:0032310', 'GO:0033210', 'GO:0046628', 'GO:0050892', 'GO:0001666', 'GO:0000122', 'GO:0042307', 'GO:0090335', 'GO:0050999', 'GO:0060612', 'GO:0120162', 'GO:0071300', 'GO:0035630', 'GO:0035904', 'GO:0006111', 'GO:0097696', 'GO:0010888', 'GO:0032008', 'GO:0035556', 'GO:0061037', 'GO:0050810', 'GO:0044320', 'GO:0045765', 'GO:0032757', 'GO:0030073', 'GO:0001525', 'GO:0032735', 'GO:0042593', 'GO:0003300', 'GO:0070093', 'GO:0046427', 'GO:0008203', 'GO:0042102', 'GO:0010507', 'GO:0002021', 'GO:1904651', 'GO:0051897', 'GO:0006909', 'GO:0035360', 'GO:1990051', 'GO:0046325', 'GO:0032760', 'GO:0043066', 'GO:0014823', 'GO:1900745', 'GO:0042755', 'GO:0042269', 'GO:2000491', 'GO:0032099', 'GO:0007623', 'GO:0032355', 'GO:0098868', 'GO:0021954', 'GO:0032868', 'GO:0008340', 'GO:0007259', 'GO:0050796', 'GO:0006629', 'GO:0006114', 'GO:0051726', 'GO:0043410', 'GO:0033686', 'GO:0001890', 'GO:0008217', 'GO:0007565', 'GO:2000486', 'GO:2000379', 'GO:0050901', 'GO:0006112', 'GO:0006006', 'GO:0032755', 'GO:0032869', 'GO:0032814', 'GO:0045906', 'GO:0008206', 'GO:0071298', 'GO:0042445', 'GO:0006635', 'GO:0048639', 'GO:0038108', 'GO:0060587']","['GO:0005576', 'GO:0005829']","['GO:1990460', 'GO:0005179', 'GO:0051428', 'GO:0003677']"
LIAS,"['GO:0009107', 'GO:0032496', 'GO:0006954', 'GO:0006979', 'GO:0001843', 'GO:0009249']","['GO:0005739', 'GO:0005759']","['GO:0051539', 'GO:0046872', 'GO:0016992']"
LIPA,"['GO:1903409', 'GO:0002021', 'GO:0140354', 'GO:0000902', 'GO:0048873', 'GO:0030421', 'GO:0006695', 'GO:0030217', 'GO:0007264', 'GO:0009409', 'GO:0031929', 'GO:0006776', 'GO:0042159', 'GO:0033344', 'GO:0006631', 'GO:0006096', 'GO:0009410', 'GO:0008333', 'GO:0010467', 'GO:0016042', 'GO:0034383', 'GO:0006006', 'GO:0033028', 'GO:0016125', 'GO:0042098', 'GO:0002244', 'GO:0007005', 'GO:0048771', 'GO:0007040', 'GO:0050862', 'GO:0035726', 'GO:0030099', 'GO:0002526', 'GO:0006897', 'GO:0051881', 'GO:0071838', 'GO:0033189', 'GO:0006754', 'GO:1901355', 'GO:0030324', 'GO:0000278', 'GO:0048536', 'GO:0008340', 'GO:0070231', 'GO:0010878', 'GO:0001935', 'GO:0060612', 'GO:0048539', 'GO:0006641', 'GO:0071830', 'GO:1990845', 'GO:0055088']","['GO:0005829', 'GO:0005764', 'GO:0043202', 'GO:0001650', 'GO:0005654']","['GO:0004771', 'GO:0016298']"
LIPC,"['GO:0070328', 'GO:0043691', 'GO:0042632', 'GO:0034375', 'GO:0034372', 'GO:0019433', 'GO:0034638', 'GO:0034373', 'GO:0008203', 'GO:0006633', 'GO:0034382', 'GO:0034374']","['GO:0005576', 'GO:0034364', 'GO:0005788']","['GO:0004465', 'GO:0008201', 'GO:0004806', 'GO:0004622', 'GO:0034185', 'GO:0030169', 'GO:0008970', 'GO:0004620']"
LIPE,"['GO:0006468', 'GO:0046485', 'GO:0016042', 'GO:0046340', 'GO:0019433', 'GO:0008203']","['GO:0005811', 'GO:0005901', 'GO:0005829', 'GO:0016020']","['GO:0047376', 'GO:0120516', 'GO:0004806', 'GO:0004771', 'GO:0047372', 'GO:0050253']"
LIPG,"['GO:0043691', 'GO:0042632', 'GO:0010983', 'GO:0034375', 'GO:0007584', 'GO:0032376', 'GO:0055091', 'GO:0019433', 'GO:0009395', 'GO:0050746', 'GO:0006633', 'GO:0006629']","['GO:0005576', 'GO:0009986', 'GO:0005794', 'GO:0005769']","['GO:0004465', 'GO:0008201', 'GO:0004806', 'GO:0008970', 'GO:0004620']"
LNP1,[],[],[]
LPA,"['GO:0006629', 'GO:0006869', 'GO:0008015', 'GO:0006508']","['GO:0005576', 'GO:0034358']","['GO:0034185', 'GO:0004866', 'GO:0008201', 'GO:0001968', 'GO:0004252']"
LPAR1,"['GO:0071673', 'GO:0021549', 'GO:0014003', 'GO:0098693', 'GO:0035025', 'GO:0008360', 'GO:0032060', 'GO:0042552', 'GO:1902018', 'GO:0060326', 'GO:1904566', 'GO:0022038', 'GO:0007193', 'GO:0099149', 'GO:0007189', 'GO:0043123', 'GO:0043065', 'GO:0141162', 'GO:0021554', 'GO:0071453', 'GO:0007200', 'GO:0022008', 'GO:0060999', 'GO:0007204', 'GO:0007186', 'GO:0010977', 'GO:0051496', 'GO:0043410']","['GO:0005768', 'GO:0045211', 'GO:0009986', 'GO:0098982', 'GO:0005737', 'GO:0043197', 'GO:0005886', 'GO:0042734', 'GO:0043025', 'GO:0098978', 'GO:0043198']","['GO:0030165', 'GO:0035727', 'GO:0001965', 'GO:0004930', 'GO:0070915']"
LPAR2,"['GO:0007189', 'GO:0007204', 'GO:0007186', 'GO:0043410', 'GO:0035025']","['GO:0009986', 'GO:0048787', 'GO:0005737', 'GO:0098978', 'GO:0005886']","['GO:0030165', 'GO:0008289', 'GO:0004930', 'GO:0070915']"
LPIN1,"['GO:0007077', 'GO:0009062', 'GO:0046473', 'GO:0032869', 'GO:0046337', 'GO:0045944', 'GO:1905694', 'GO:0031642', 'GO:0006642', 'GO:0031100', 'GO:0120162', 'GO:0019432']","['GO:0005829', 'GO:0031965', 'GO:0005737', 'GO:0005634', 'GO:0005635', 'GO:0005789', 'GO:0005741', 'GO:0005654', 'GO:0005783']","['GO:0008195', 'GO:0003713']"
LPL,"['GO:0010744', 'GO:1904179', 'GO:0009749', 'GO:0070328', 'GO:0042632', 'GO:0034371', 'GO:0031670', 'GO:0034375', 'GO:2000343', 'GO:0050729', 'GO:0034372', 'GO:0045600', 'GO:0019433', 'GO:0032760', 'GO:0006631', 'GO:0010884', 'GO:0034447', 'GO:0032755', 'GO:0032731', 'GO:0071398', 'GO:0010886', 'GO:0032722', 'GO:0006633', 'GO:0009617', 'GO:0055096', 'GO:0006644', 'GO:0006641', 'GO:0001523']","['GO:0005576', 'GO:0009986', 'GO:1902494', 'GO:0042627', 'GO:0005886', 'GO:0034361']","['GO:0004465', 'GO:0008201', 'GO:0004806', 'GO:0043395', 'GO:0042803', 'GO:0071813', 'GO:0005509', 'GO:0005102', 'GO:0034185', 'GO:0043495', 'GO:0008970', 'GO:0004620']"
LSS,"['GO:0006694', 'GO:0006695', 'GO:0016104', 'GO:0031647']","['GO:0005811', 'GO:0005789', 'GO:0016020']",['GO:0000250']
MAPK3,"['GO:0051216', 'GO:0072584', 'GO:0071260', 'GO:0042770', 'GO:0014044', 'GO:0050804', 'GO:0090370', 'GO:0061514', 'GO:2000641', 'GO:0070371', 'GO:0042473', 'GO:0006468', 'GO:0098792', 'GO:0150078', 'GO:0006915', 'GO:0034198', 'GO:0030278', 'GO:0038083', 'GO:0031281', 'GO:0070374', 'GO:0070498', 'GO:0035556', 'GO:0051493', 'GO:0007173', 'GO:0048009', 'GO:0002841', 'GO:0051403', 'GO:0000165', 'GO:0060425', 'GO:0031663', 'GO:1904417', 'GO:0042552', 'GO:0071356', 'GO:1904262', 'GO:0030509', 'GO:0060324', 'GO:0043330', 'GO:0008286', 'GO:0032872', 'GO:0048538', 'GO:0019233', 'GO:0030878', 'GO:0120041', 'GO:0045944', 'GO:0070849', 'GO:0090170', 'GO:0006351', 'GO:0016310', 'GO:0010759', 'GO:0007166', 'GO:0032206', 'GO:0038133']","['GO:0097542', 'GO:0036064', 'GO:0005635', 'GO:0005901', 'GO:0005886', 'GO:0031143', 'GO:0005634', 'GO:0005925', 'GO:0015630', 'GO:0005794', 'GO:0005788', 'GO:0005856', 'GO:0005769', 'GO:0005770', 'GO:0098978', 'GO:0005929', 'GO:0005829', 'GO:0005737', 'GO:0005739', 'GO:0005654']","['GO:0019902', 'GO:0001784', 'GO:0004707', 'GO:0004674', 'GO:0106310', 'GO:0005524', 'GO:0140297', 'GO:0042802']"
MARCH3,"['GO:0006897', 'GO:0016567']","['GO:0005768', 'GO:0031901', 'GO:0005764']","['GO:0061630', 'GO:0008270', 'GO:0004842']"
MARCH4,['GO:0016567'],"['GO:0005802', 'GO:0000139', 'GO:0005795']","['GO:0061630', 'GO:0008270', 'GO:0004842']"
MARCHF6,"['GO:0043161', 'GO:0045541', 'GO:0010498', 'GO:0070936', 'GO:0016567', 'GO:0036503', 'GO:1904380']","['GO:0005789', 'GO:0000835', 'GO:0044322', 'GO:0016020', 'GO:0005783']","['GO:1990381', 'GO:0019899', 'GO:0061630', 'GO:0008270', 'GO:0031624', 'GO:0004842']"
MBTPS1,"['GO:0016485', 'GO:0060627', 'GO:0031293', 'GO:0030968', 'GO:0007040', 'GO:0051604', 'GO:0008203', 'GO:0006606', 'GO:0045540', 'GO:0006508', 'GO:0007095', 'GO:0036500', 'GO:0034976']","['GO:0005739', 'GO:0005789', 'GO:0005794', 'GO:0000139', 'GO:0005795', 'GO:0005788']",['GO:0004252']
MBTPS2,"['GO:0007095', 'GO:0030968', 'GO:0031293', 'GO:0045542', 'GO:0070977', 'GO:0051604', 'GO:0045540', 'GO:0045944', 'GO:1905897', 'GO:0008203', 'GO:0036500', 'GO:0034976']","['GO:0000139', 'GO:0005737', 'GO:0016020']","['GO:0046872', 'GO:0004222', 'GO:0140537']"
MED1,"['GO:0060261', 'GO:0060218', 'GO:0042789', 'GO:0045648', 'GO:0006357', 'GO:0003406', 'GO:0071383', 'GO:0003222', 'GO:0000122', 'GO:0045023', 'GO:0060335', 'GO:0035050', 'GO:0030216', 'GO:0010628', 'GO:0007595', 'GO:0035162', 'GO:0045008', 'GO:0006702', 'GO:0033148', 'GO:0032968', 'GO:0001525', 'GO:0006281', 'GO:0001889', 'GO:0048821', 'GO:0031100', 'GO:0010839', 'GO:0000902', 'GO:0006590', 'GO:0097067', 'GO:0071364', 'GO:0043066', 'GO:0035855', 'GO:2000347', 'GO:0035357', 'GO:0035116', 'GO:0001892', 'GO:0007420', 'GO:0045444', 'GO:0016567', 'GO:0032355', 'GO:0070562', 'GO:0002088', 'GO:0006606', 'GO:0030518', 'GO:0045893', 'GO:0035729', 'GO:0045618', 'GO:0070318', 'GO:0045665', 'GO:0030224', 'GO:0045944', 'GO:0051123', 'GO:2001141', 'GO:0002154']","['GO:0070847', 'GO:0000785', 'GO:0005634', 'GO:0016607', 'GO:0016592', 'GO:0016020', 'GO:0000151', 'GO:0032993', 'GO:0005730', 'GO:0005654']","['GO:0019104', 'GO:0061630', 'GO:0035035', 'GO:0042809', 'GO:0001223', 'GO:0046966', 'GO:0030331', 'GO:0016922', 'GO:0004520', 'GO:0042974', 'GO:0050693', 'GO:0003712', 'GO:0003682', 'GO:0003677', 'GO:0140297', 'GO:0003713', 'GO:0003696', 'GO:0008263', 'GO:0044877', 'GO:1990841', 'GO:0003714', 'GO:0042975', 'GO:0031490', 'GO:0000978', 'GO:0140296']"
METAP2,"['GO:0016485', 'GO:0006446']","['GO:0005886', 'GO:0005737', 'GO:0005829']","['GO:0070006', 'GO:0046872', 'GO:0004239', 'GO:0004177', 'GO:0008235', 'GO:0003723']"
MFSD5,"['GO:0042594', 'GO:0006811', 'GO:0015689', 'GO:0032094']","['GO:0005886', 'GO:0016020']",['GO:0015098']
MGAM,"['GO:0005983', 'GO:1901027', 'GO:0000025']","['GO:0016324', 'GO:0005886', 'GO:0070821', 'GO:0070062', 'GO:0101003']","['GO:0003824', 'GO:0030246', 'GO:0004574', 'GO:0016160', 'GO:0004558']"
MGLL,"['GO:0006954', 'GO:0051930', 'GO:0006629', 'GO:0009966', 'GO:0050727', 'GO:0046464', 'GO:0019433', 'GO:0019369', 'GO:0052651', 'GO:0006633', 'GO:2000124']","['GO:0005789', 'GO:0005829', 'GO:0005886', 'GO:0016020']","['GO:0042803', 'GO:0004622', 'GO:0047372']"
MLXIPL,"['GO:0097009', 'GO:0000432', 'GO:0045892', 'GO:0070328', 'GO:0009653', 'GO:0055089', 'GO:0008610', 'GO:0045893', 'GO:0006355', 'GO:0008284', 'GO:0006357', 'GO:0042593', 'GO:0045821', 'GO:0035774', 'GO:0045944', 'GO:0010255', 'GO:0090324', 'GO:0045723', 'GO:0046889', 'GO:1901797']","['GO:0005829', 'GO:0005667', 'GO:0000785', 'GO:0005737', 'GO:0005634', 'GO:0005654']","['GO:0046982', 'GO:0001228', 'GO:0061629', 'GO:0003677', 'GO:0140297', 'GO:0035538', 'GO:0000981', 'GO:0000978', 'GO:0001227', 'GO:0001216', 'GO:0003700']"
MMP9,"['GO:0043388', 'GO:0022617', 'GO:0150077', 'GO:0043066', 'GO:0007566', 'GO:0001934', 'GO:0035987', 'GO:0048013', 'GO:0043065', 'GO:2001243', 'GO:1904063', 'GO:0016477', 'GO:1904645', 'GO:0030574', 'GO:0090200', 'GO:0001501', 'GO:0051549', 'GO:0071492', 'GO:1904707', 'GO:2000697', 'GO:0045742', 'GO:0006915', 'GO:0030198', 'GO:0030225', 'GO:0006508', 'GO:0071222']","['GO:0005576', 'GO:1904813', 'GO:0070062', 'GO:0031012', 'GO:1904724']","['GO:0004175', 'GO:0008270', 'GO:0004222', 'GO:0042802', 'GO:0008237', 'GO:0008233', 'GO:0005518', 'GO:0004252']"
MOGS,"['GO:0009311', 'GO:0006487', 'GO:0019082', 'GO:0006457']","['GO:0005789', 'GO:0016020', 'GO:0070062', 'GO:0005783']","['GO:0004573', 'GO:0015926']"
MORC3,"['GO:2000774', 'GO:0050821', 'GO:0140374', 'GO:0032688', 'GO:0051457', 'GO:0048147', 'GO:0000122', 'GO:0006468', 'GO:0009791', 'GO:0018105']","['GO:0016605', 'GO:0000785', 'GO:0005634', 'GO:0005654', 'GO:0016363']","['GO:0140002', 'GO:0008270', 'GO:0030674', 'GO:0003723', 'GO:0003677', 'GO:0016887']"
MSMO1,"['GO:0006695', 'GO:0016126', 'GO:0008202', 'GO:0006631', 'GO:0033490']","['GO:0005789', 'GO:0005886', 'GO:0016020', 'GO:0005783']","['GO:0000254', 'GO:0005506']"
MTF1,"['GO:0046686', 'GO:0071294', 'GO:1990079', 'GO:0030154', 'GO:0006355', 'GO:0006357', 'GO:0006979', 'GO:0007417', 'GO:0010038', 'GO:0045944', 'GO:0006351', 'GO:0007399']","['GO:0005829', 'GO:0000785', 'GO:0005737', 'GO:0005634', 'GO:0005654']","['GO:0008270', 'GO:1990837', 'GO:0000987', 'GO:0001228', 'GO:0003677', 'GO:0035035', 'GO:0000981', 'GO:0000978', 'GO:0003700']"
MTHFR,"['GO:0043200', 'GO:0070828', 'GO:0009410', 'GO:0033274', 'GO:0070555', 'GO:0046500', 'GO:0035999', 'GO:0050667', 'GO:0001666', 'GO:0001843', 'GO:0051593', 'GO:0006555']",['GO:0005829'],"['GO:0044877', 'GO:0004489', 'GO:0106313', 'GO:0071949', 'GO:0050661', 'GO:0050660', 'GO:0072341']"
MTOR,"['GO:0032956', 'GO:0035264', 'GO:0071456', 'GO:0031670', 'GO:0031929', 'GO:0048714', 'GO:0045727', 'GO:0045670', 'GO:0008361', 'GO:0055013', 'GO:0007281', 'GO:1990253', 'GO:0010592', 'GO:0006974', 'GO:1905671', 'GO:0097700', 'GO:0031295', 'GO:0030838', 'GO:1900034', 'GO:0003007', 'GO:1900181', 'GO:0062027', 'GO:0034198', 'GO:0048709', 'GO:0030030', 'GO:0060048', 'GO:0071470', 'GO:0001558', 'GO:0030307', 'GO:0071233', 'GO:0043276', 'GO:0045948', 'GO:1901796', 'GO:0019228', 'GO:0050882', 'GO:0009267', 'GO:2000060', 'GO:2000785', 'GO:0016236', 'GO:0010507', 'GO:0051496', 'GO:0010718', 'GO:0070885', 'GO:0045945', 'GO:0051897', 'GO:1903691', 'GO:0071230', 'GO:0031669', 'GO:0009615', 'GO:0050821', 'GO:0031641', 'GO:0043066', 'GO:0002296', 'GO:0031648', 'GO:0007010', 'GO:0006954', 'GO:1905672', 'GO:1904690', 'GO:0051549', 'GO:1904059', 'GO:0003179', 'GO:1900029', 'GO:0048266', 'GO:0009791', 'GO:0009408', 'GO:1905857', 'GO:0038202', 'GO:0043200', 'GO:0006207', 'GO:0016241', 'GO:0042752', 'GO:0010831', 'GO:0090559', 'GO:1901838', 'GO:0061431', 'GO:0006112', 'GO:0045792', 'GO:0038203', 'GO:0033173', 'GO:0032869', 'GO:0045821', 'GO:0016242', 'GO:0046889', 'GO:0031667', 'GO:0046627']","['GO:0005765', 'GO:0012505', 'GO:0005635', 'GO:0005789', 'GO:0005886', 'GO:0031931', 'GO:0005634', 'GO:0030425', 'GO:0016605', 'GO:0005764', 'GO:0000139', 'GO:0016020', 'GO:0045335', 'GO:0005783', 'GO:0005829', 'GO:0031932', 'GO:0005737', 'GO:0005741', 'GO:0005654']","['GO:0001002', 'GO:0004672', 'GO:0001006', 'GO:0000822', 'GO:0043022', 'GO:0004674', 'GO:0004713', 'GO:0106310', 'GO:0005524', 'GO:0044325', 'GO:0004715', 'GO:0001156', 'GO:0051219', 'GO:0042802', 'GO:0001003']"
MTTP,"['GO:0051592', 'GO:0009306', 'GO:0042953', 'GO:0042632', 'GO:0034377', 'GO:0034197', 'GO:0034378', 'GO:0007623', 'GO:0051649', 'GO:0042157', 'GO:0034374', 'GO:0006629', 'GO:0015914', 'GO:0034379', 'GO:0006641']","['GO:0031982', 'GO:0005829', 'GO:0031528', 'GO:0016323', 'GO:0043235', 'GO:0005794', 'GO:0031526', 'GO:0005788', 'GO:0005783']","['GO:0046982', 'GO:1902388', 'GO:0005319', 'GO:0140344', 'GO:0044877', 'GO:0120020', 'GO:0120019', 'GO:1904121', 'GO:0034185', 'GO:0120014', 'GO:0008289']"
MTUS1,['GO:0010758'],"['GO:0005813', 'GO:0005634', 'GO:0005739', 'GO:0005794', 'GO:0005819', 'GO:0005886', 'GO:0015630', 'GO:0005730', 'GO:0005874']",['GO:0008017']
MTUS2,[],"['GO:0045171', 'GO:0015630', 'GO:0005634', 'GO:0005874']","['GO:0042803', 'GO:0008017']"
MVD,"['GO:0008299', 'GO:0006695', 'GO:0019287', 'GO:0008284']","['GO:0005737', 'GO:0005829']","['GO:0004163', 'GO:0042803', 'GO:0005524', 'GO:0030544']"
MVK,"['GO:0008299', 'GO:0006695', 'GO:0019287', 'GO:0050728']","['GO:0005829', 'GO:0005777']","['GO:0042802', 'GO:0000287', 'GO:0005524', 'GO:0004496']"
MYLIP,"['GO:0016567', 'GO:0042632', 'GO:0010977', 'GO:0007399', 'GO:0045732', 'GO:0006511', 'GO:0010989', 'GO:0032803', 'GO:0031648']","['GO:0005829', 'GO:0005886']","['GO:0061630', 'GO:0008092', 'GO:0008270', 'GO:0004842']"
NAMPT,"['GO:0034355', 'GO:0070374', 'GO:0006741', 'GO:0008284', 'GO:0032922', 'GO:0043123', 'GO:0006954', 'GO:0007165', 'GO:0045944', 'GO:1901847', 'GO:0007267', 'GO:0009435', 'GO:0010628', 'GO:0006769']","['GO:0005759', 'GO:0005829', 'GO:0070062', 'GO:0030054', 'GO:0016607']","['GO:0047280', 'GO:0005125', 'GO:0042802']"
NCOA1,"['GO:1904179', 'GO:0021549', 'GO:0021766', 'GO:0032870', 'GO:0042789', 'GO:0032570', 'GO:0060179', 'GO:0035357', 'GO:1904017', 'GO:0044849', 'GO:0008584', 'GO:0043065', 'GO:1900076', 'GO:0021854', 'GO:0032355', 'GO:0045944', 'GO:0000435', 'GO:0045925', 'GO:0021987', 'GO:0002155', 'GO:0030520', 'GO:0045666', 'GO:0032526', 'GO:0045893', 'GO:0050847', 'GO:0007595']","['GO:0032991', 'GO:0090575', 'GO:0005829', 'GO:0005667', 'GO:0000785', 'GO:0005634', 'GO:0005886', 'GO:0005654']","['GO:0046983', 'GO:0044877', 'GO:0003682', 'GO:0016922', 'GO:0030331', 'GO:0003713', 'GO:0000977', 'GO:0061733', 'GO:0046965']"
NCOA2,"['GO:1904179', 'GO:0032870', 'GO:0042789', 'GO:0032570', 'GO:0045879', 'GO:0006355', 'GO:0035357', 'GO:1904017', 'GO:0032922', 'GO:1900076', 'GO:0045944', 'GO:0000122', 'GO:0045475', 'GO:0010906', 'GO:0019216']","['GO:0032991', 'GO:0090575', 'GO:0005667', 'GO:0000785', 'GO:0005737', 'GO:0005634', 'GO:0005654', 'GO:0016604']","['GO:0046983', 'GO:0003682', 'GO:0016922', 'GO:0019904', 'GO:0140416', 'GO:0003713', 'GO:0001162', 'GO:0000978', 'GO:0017162']"
NCOA4,"['GO:0071391', 'GO:0006879', 'GO:0009725', 'GO:0071394', 'GO:0006622', 'GO:0030520', 'GO:0008584']","['GO:0005654', 'GO:0005776', 'GO:0005694', 'GO:0044754', 'GO:0031410', 'GO:0005634']",['GO:0003713']
NCOA6,"['GO:0007507', 'GO:0006974', 'GO:0007420', 'GO:0030099', 'GO:0009725', 'GO:0045944', 'GO:0006352', 'GO:0045893']","['GO:0005829', 'GO:0005667', 'GO:0044666', 'GO:0005634', 'GO:0005654', 'GO:0035097']","['GO:0046966', 'GO:0003682', 'GO:0030331', 'GO:0019899', 'GO:0003713', 'GO:0046965']"
NDUFAF6,['GO:0032981'],"['GO:0005739', 'GO:0005743', 'GO:0005737', 'GO:0005634']",[]
NFKB1,"['GO:0010744', 'GO:0060261', 'GO:0098586', 'GO:1904385', 'GO:0097398', 'GO:0071260', 'GO:0090263', 'GO:2000630', 'GO:0043066', 'GO:0032695', 'GO:0033209', 'GO:0010884', 'GO:0010629', 'GO:1900127', 'GO:0050853', 'GO:0050728', 'GO:0035994', 'GO:0007249', 'GO:0071316', 'GO:0006357', 'GO:0071354', 'GO:0006954', 'GO:0038061', 'GO:0006366', 'GO:0060056', 'GO:0010957', 'GO:1900016', 'GO:0010875', 'GO:0007254', 'GO:0045944', 'GO:0071359', 'GO:0000122', 'GO:0006915', 'GO:0045893', 'GO:0140367', 'GO:0071222']","['GO:0035580', 'GO:0035525', 'GO:0005576', 'GO:0033256', 'GO:0005829', 'GO:0005667', 'GO:0000785', 'GO:0005737', 'GO:0034774', 'GO:0005634', 'GO:0005739', 'GO:0005654']","['GO:0042805', 'GO:0000976', 'GO:0003682', 'GO:0001228', 'GO:0000981', 'GO:0000977', 'GO:0042802', 'GO:0000978', 'GO:0001227', 'GO:0003712', 'GO:0003700']"
NFYA,"['GO:0006357', 'GO:0006355', 'GO:0006366', 'GO:0048511', 'GO:0045944', 'GO:0045893']","['GO:0005654', 'GO:0016602', 'GO:0090575', 'GO:0000785', 'GO:0032993', 'GO:0005634']","['GO:0003677', 'GO:0000978', 'GO:0000981', 'GO:0003700']"
NFYB,"['GO:0006357', 'GO:0006355', 'GO:0045944', 'GO:1990830']","['GO:0005654', 'GO:0016602', 'GO:0090575', 'GO:0000785', 'GO:0032993', 'GO:0005634']","['GO:0003677', 'GO:0140297', 'GO:0000978', 'GO:0046982', 'GO:0000981', 'GO:0003700', 'GO:0001228']"
NFYC,"['GO:0006357', 'GO:0006355', 'GO:0045944', 'GO:0006457']","['GO:0005654', 'GO:0016602', 'GO:0090575', 'GO:0000785', 'GO:0032993', 'GO:0005634']","['GO:0003677', 'GO:0000978', 'GO:0046982', 'GO:0000981', 'GO:0003700', 'GO:0001228']"
NOS3,"['GO:0019430', 'GO:0006816', 'GO:0001542', 'GO:0007281', 'GO:0009725', 'GO:0097746', 'GO:0045766', 'GO:0006809', 'GO:0010628', 'GO:2001234', 'GO:0060412', 'GO:0007283', 'GO:0007263', 'GO:0048477', 'GO:0042311', 'GO:1902042', 'GO:0017148', 'GO:0001525', 'GO:0051926', 'GO:0006417', 'GO:0034405', 'GO:0032496', 'GO:0014806', 'GO:0043536', 'GO:0001974', 'GO:0031644', 'GO:0001701', 'GO:0031663', 'GO:0010467', 'GO:0046209', 'GO:0070168', 'GO:0003180', 'GO:0061157', 'GO:0030324', 'GO:0006527', 'GO:0006606', 'GO:0051726', 'GO:0002028', 'GO:0045776', 'GO:0009408', 'GO:0003184', 'GO:0046146', 'GO:0048873', 'GO:0010544', 'GO:0048662', 'GO:0008217', 'GO:0043267', 'GO:0003203', 'GO:0097190', 'GO:0006813', 'GO:0007005', 'GO:0014740', 'GO:0045454', 'GO:0008285', 'GO:0043542', 'GO:0003100', 'GO:0045747']","['GO:0005901', 'GO:0005886', 'GO:0010494', 'GO:0000932', 'GO:0005634', 'GO:0005794', 'GO:0000139', 'GO:0005856', 'GO:0005829', 'GO:0030666', 'GO:0005737', 'GO:0048471', 'GO:0005654']","['GO:0003729', 'GO:0003723', 'GO:0034618', 'GO:0008270', 'GO:0016175', 'GO:0004517', 'GO:0097110', 'GO:0005516', 'GO:0020037', 'GO:0050661', 'GO:0034617', 'GO:0008047', 'GO:0010181', 'GO:0046870', 'GO:0003785', 'GO:0050660']"
NPC1,"['GO:0030299', 'GO:0046686', 'GO:0042632', 'GO:0015918', 'GO:0046718', 'GO:0009101', 'GO:0033344', 'GO:0009410', 'GO:0010467', 'GO:0032365', 'GO:0031579', 'GO:0012501', 'GO:1904262', 'GO:0090150', 'GO:0071383', 'GO:0006897', 'GO:0008206', 'GO:0007041', 'GO:0022008', 'GO:0016242', 'GO:0001889', 'GO:0008203', 'GO:1904036', 'GO:0007628', 'GO:0006914', 'GO:0010878', 'GO:0071404', 'GO:0016236', 'GO:0032367', 'GO:0030301']","['GO:0005765', 'GO:0045121', 'GO:0005576', 'GO:0031902', 'GO:0070062', 'GO:0005764', 'GO:0005635', 'GO:0005794', 'GO:0005886', 'GO:0016020', 'GO:0048471', 'GO:0005783']","['GO:0038023', 'GO:0120020', 'GO:0004888', 'GO:0015485', 'GO:0001618']"
NPC1L1,"['GO:0042157', 'GO:0051180', 'GO:0030299', 'GO:0042360', 'GO:0006695', 'GO:0042632', 'GO:0015918', 'GO:0030301', 'GO:0071501']","['GO:0030659', 'GO:0016324', 'GO:0005886']","['GO:0031267', 'GO:0042803', 'GO:0008431', 'GO:0031489', 'GO:0015485']"
NPC2,"['GO:0042632', 'GO:0009615', 'GO:0033344', 'GO:0019747', 'GO:0010467', 'GO:0046836', 'GO:0032366', 'GO:0008203', 'GO:0010878', 'GO:0015914', 'GO:0032367', 'GO:0030301']","['GO:0005576', 'GO:0070062', 'GO:0005764', 'GO:0043202', 'GO:0035578', 'GO:0005770', 'GO:0005783']","['GO:0120020', 'GO:0019899', 'GO:0015485']"
NPRL3,"['GO:0048738', 'GO:0035909', 'GO:0034198', 'GO:0010508', 'GO:0003281', 'GO:1904262', 'GO:0060021']","['GO:0005765', 'GO:1990130']",['GO:0005096']
NR0B2,"['GO:0045892', 'GO:0009749', 'GO:0045471', 'GO:0010629', 'GO:0032922', 'GO:0007219', 'GO:0007623', 'GO:0000122', 'GO:0008203', 'GO:0031100', 'GO:0010628', 'GO:0045893', 'GO:0032024']","['GO:0032991', 'GO:0000785', 'GO:0005737', 'GO:0005634', 'GO:0005654']","['GO:0046966', 'GO:0044877', 'GO:0042803', 'GO:0016922', 'GO:0019904', 'GO:0003714', 'GO:0140416', 'GO:0042975', 'GO:0046965']"
NR1H3,"['GO:0070328', 'GO:0010883', 'GO:0042752', 'GO:0042632', 'GO:0055092', 'GO:0042789', 'GO:0032376', 'GO:0032570', 'GO:0030154', 'GO:0010867', 'GO:0090188', 'GO:1903573', 'GO:0030522', 'GO:0090341', 'GO:0034145', 'GO:0050728', 'GO:0043277', 'GO:0055088', 'GO:0045861', 'GO:0120163', 'GO:0060336', 'GO:0043031', 'GO:0010875', 'GO:0045944', 'GO:0000122', 'GO:0009755', 'GO:0010745', 'GO:0032369', 'GO:0048550', 'GO:0036151', 'GO:0045723', 'GO:0046889', 'GO:0010887', 'GO:0045893', 'GO:0071222']","['GO:0090575', 'GO:0005829', 'GO:0000785', 'GO:0005737', 'GO:0005634', 'GO:0043235', 'GO:0005654']","['GO:0008270', 'GO:0000976', 'GO:0004879', 'GO:0001228', 'GO:0003677', 'GO:0031490', 'GO:0000981', 'GO:0015485', 'GO:0000978', 'GO:0032810']"
NR1H4,"['GO:0032703', 'GO:1904179', 'GO:0061178', 'GO:0042632', 'GO:0055089', 'GO:0035356', 'GO:0071222', 'GO:0030154', 'GO:0045087', 'GO:0043066', 'GO:0070857', 'GO:0006355', 'GO:0010988', 'GO:0071638', 'GO:0032720', 'GO:0090181', 'GO:0042742', 'GO:0030522', 'GO:0043124', 'GO:0034162', 'GO:1903413', 'GO:0050728', 'GO:0032715', 'GO:0007219', 'GO:0046628', 'GO:2001250', 'GO:0006357', 'GO:0071398', 'GO:0006954', 'GO:0001678', 'GO:0032740', 'GO:0010804', 'GO:0008206', 'GO:0032689', 'GO:0015721', 'GO:0035774', 'GO:0006366', 'GO:0007043', 'GO:1905695', 'GO:0045944', 'GO:0000122', 'GO:0038185', 'GO:0010903', 'GO:0032692', 'GO:0045893']","['GO:0090575', 'GO:0005829', 'GO:0097542', 'GO:0000785', 'GO:0005634', 'GO:0043235', 'GO:0016607', 'GO:0005654', 'GO:0000791']","['GO:0008270', 'GO:1902122', 'GO:0000976', 'GO:0038186', 'GO:0004879', 'GO:0016922', 'GO:0001228', 'GO:0032052', 'GO:0000981', 'GO:0000977', 'GO:0043565', 'GO:0000978', 'GO:0046965', 'GO:0003700', 'GO:0001221']"
NSDHL,"['GO:0060716', 'GO:0006695', 'GO:0001942', 'GO:0033490', 'GO:0007224', 'GO:0008203']","['GO:0005811', 'GO:0005789', 'GO:0005783']","['GO:0000252', 'GO:0016616', 'GO:0102175', 'GO:0003854']"
NT5C1A,"['GO:0006204', 'GO:0046085', 'GO:0046059', 'GO:0000255', 'GO:0046055', 'GO:0009116', 'GO:0006196']","['GO:0005737', 'GO:0005829']","['GO:0002953', 'GO:0000287', 'GO:0000166', 'GO:0008253']"
NUS1,"['GO:0001525', 'GO:0043048', 'GO:0038084', 'GO:0006489', 'GO:0042632', 'GO:1903589', 'GO:0032383', 'GO:0030154', 'GO:0090050']","['GO:0005789', 'GO:1904423']","['GO:0045547', 'GO:0046872']"
OCIAD1,"['GO:0046427', 'GO:0006897', 'GO:0061484', 'GO:2000736']","['GO:0005768', 'GO:0005739', 'GO:0005794', 'GO:0005764', 'GO:0016020']",[]
OLR1,"['GO:0042157', 'GO:0006954', 'GO:0007159', 'GO:0008015', 'GO:0002376', 'GO:0006508']","['GO:0045121', 'GO:0005654', 'GO:0005576', 'GO:0043235', 'GO:0035579', 'GO:0005886', 'GO:0016020', 'GO:0070821']","['GO:0042802', 'GO:0030246', 'GO:0005041']"
OR13J1,['GO:0050911'],['GO:0005886'],"['GO:0004984', 'GO:0004930']"
P2RY2,"['GO:0071318', 'GO:0007186', 'GO:0070257', 'GO:0007200', 'GO:0006873', 'GO:0097746', 'GO:0035589']",['GO:0005886'],"['GO:0031686', 'GO:0045030', 'GO:0038023', 'GO:0045028']"
P2RY8,"['GO:0160221', 'GO:0007186']",['GO:0005886'],"['GO:0045028', 'GO:0004930']"
PCDHB3,"['GO:0007155', 'GO:0007268', 'GO:0007399', 'GO:0007156', 'GO:0007416', 'GO:0016339']","['GO:0016020', 'GO:0045202', 'GO:0005886']","['GO:0005509', 'GO:0050839']"
PCDHGC4,"['GO:0007155', 'GO:0007399', 'GO:0007156', 'GO:0050808', 'GO:0043524']",['GO:0005886'],"['GO:0005509', 'GO:0050839']"
PCSK9,"['GO:0032802', 'GO:0042632', 'GO:0001920', 'GO:0010989', 'GO:0032805', 'GO:0002092', 'GO:0002091', 'GO:1905601', 'GO:1903783', 'GO:0030182', 'GO:0032869', 'GO:0007041', 'GO:0022008', 'GO:0042157', 'GO:0001889', 'GO:0008203', 'GO:0001822', 'GO:0009267', 'GO:0043523', 'GO:0016540', 'GO:0006644', 'GO:0006641', 'GO:0006915', 'GO:0043525']","['GO:0005765', 'GO:0005576', 'GO:0009986', 'GO:0036020', 'GO:1990667', 'GO:0030134', 'GO:0005737', 'GO:0005764', 'GO:1990666', 'GO:0031232', 'GO:0005794', 'GO:0005886', 'GO:0005788', 'GO:0048471', 'GO:0005769', 'GO:0005770', 'GO:0005783']","['GO:0004175', 'GO:0019871', 'GO:0034189', 'GO:0030547', 'GO:0141110', 'GO:0003723', 'GO:0034185', 'GO:0034190', 'GO:0030169', 'GO:0050750', 'GO:0070326', 'GO:0004252']"
PDSS1,"['GO:0008299', 'GO:0006744']","['GO:0005739', 'GO:0005759', 'GO:0032478', 'GO:0032476']","['GO:0046872', 'GO:0004659', 'GO:0046982', 'GO:0052923', 'GO:0097269']"
PDSS2,"['GO:0008299', 'GO:0021549', 'GO:0006744', 'GO:0050878']","['GO:0005739', 'GO:0005759', 'GO:0032478', 'GO:0032476', 'GO:0005829']","['GO:0004659', 'GO:0046982', 'GO:0052923', 'GO:0097269']"
PEX5,"['GO:0021795', 'GO:0048468', 'GO:0001764', 'GO:0044721', 'GO:0040018', 'GO:0051262', 'GO:0007006', 'GO:0021895', 'GO:0050905', 'GO:0016562', 'GO:0016558', 'GO:0045046', 'GO:0006625', 'GO:0031333', 'GO:0034614', 'GO:0016561', 'GO:0000038', 'GO:0007029', 'GO:0006635', 'GO:0016560', 'GO:0000425']","['GO:0032991', 'GO:0005829', 'GO:0005737', 'GO:0005739', 'GO:0005778', 'GO:0005794', 'GO:0005777', 'GO:0016020', 'GO:0005782']","['GO:0140597', 'GO:0000268', 'GO:0033328', 'GO:0005052', 'GO:0019899', 'GO:0031267']"
PFKFB1,"['GO:0006096', 'GO:1904539', 'GO:0006000', 'GO:0006094', 'GO:0006003']","['GO:0043540', 'GO:0005829']","['GO:0042802', 'GO:0005524', 'GO:0004331', 'GO:0003873']"
PFKFB3,"['GO:0006096', 'GO:0006000', 'GO:0010001', 'GO:0006915', 'GO:0006094', 'GO:0061744', 'GO:0006003']","['GO:0005654', 'GO:0043540', 'GO:0005829']","['GO:0005524', 'GO:0004331', 'GO:0003873']"
PGGT1B,['GO:0018344'],['GO:0005953'],"['GO:0008270', 'GO:0004662', 'GO:0004661']"
PIGH,['GO:0006506'],"['GO:0000506', 'GO:0005789', 'GO:0005783']",[]
PIK3C2A,"['GO:0048268', 'GO:0061024', 'GO:0006887', 'GO:0010508', 'GO:0014829', 'GO:0006661', 'GO:0007173', 'GO:0006897', 'GO:0048015', 'GO:0043491', 'GO:0016477', 'GO:0090050', 'GO:0008286', 'GO:0048008', 'GO:0036092']","['GO:0031982', 'GO:0005829', 'GO:0070062', 'GO:0005737', 'GO:0030136', 'GO:0005886', 'GO:0016020', 'GO:0005654', 'GO:0005802']","['GO:0030276', 'GO:0005524', 'GO:0035091', 'GO:0016303', 'GO:0035005', 'GO:0046934']"
PKLR,"['GO:0009749', 'GO:0007584', 'GO:0006096', 'GO:0032869', 'GO:0071872', 'GO:0001666', 'GO:0010038', 'GO:0042866', 'GO:0033198', 'GO:0051591']","['GO:0005829', 'GO:0070062', 'GO:0005737']","['GO:0030955', 'GO:0005524', 'GO:0048029', 'GO:0016301', 'GO:0004743', 'GO:0000287']"
PLA2G4C,"['GO:0019369', 'GO:0035556', 'GO:0036152', 'GO:0046475', 'GO:0140042', 'GO:0006663', 'GO:0006954', 'GO:0007567', 'GO:0036151', 'GO:0006644']","['GO:0005829', 'GO:0005635', 'GO:0005789', 'GO:0005886', 'GO:0016020', 'GO:0005654', 'GO:0005811', 'GO:0031966', 'GO:0005938']","['GO:0004622', 'GO:0008374', 'GO:0005509', 'GO:0005544', 'GO:0008970', 'GO:0005543']"
PLIN2,"['GO:0009410', 'GO:1905691', 'GO:0010890', 'GO:0015909', 'GO:0042149', 'GO:0019915']","['GO:0005811', 'GO:0005576', 'GO:0005829', 'GO:0005886', 'GO:0005634', 'GO:0005783']",[]
PLTP,"['GO:0034375', 'GO:0035627', 'GO:0046836', 'GO:0010875', 'GO:0030317', 'GO:0006869', 'GO:0006629', 'GO:0015914']","['GO:0005576', 'GO:0034364', 'GO:0005634']","['GO:0140340', 'GO:0120017', 'GO:1901611', 'GO:0034189', 'GO:0140338', 'GO:0120020', 'GO:0008526', 'GO:0120019', 'GO:1904121', 'GO:0097001', 'GO:0008035', 'GO:0140339', 'GO:0140337', 'GO:0120014', 'GO:0019992', 'GO:1990050', 'GO:0030169', 'GO:0031210', 'GO:0070300', 'GO:0008429']"
PMVK,"['GO:0070723', 'GO:0006695', 'GO:0016126', 'GO:0019287']","['GO:0016020', 'GO:0005829', 'GO:0005777', 'GO:0070062']","['GO:0004631', 'GO:0005524']"
PNLIP,"['GO:0061365', 'GO:0030299', 'GO:0006629', 'GO:0042632', 'GO:0034375', 'GO:0019433', 'GO:0006633']",['GO:0005576'],"['GO:0016298', 'GO:0047376', 'GO:0046872', 'GO:0008970', 'GO:0004465', 'GO:0004806']"
PNPLA2,"['GO:0010898', 'GO:0035356', 'GO:0019433', 'GO:0010891', 'GO:1905691', 'GO:0036155', 'GO:0019915', 'GO:0007603', 'GO:0160077', 'GO:0006651', 'GO:0055088']","['GO:0005829', 'GO:0005737', 'GO:0005789', 'GO:0005886', 'GO:0016020', 'GO:0005788', 'GO:0005654', 'GO:0005811']","['GO:0004465', 'GO:0004806', 'GO:0051265', 'GO:0051264', 'GO:0016411', 'GO:0004623', 'GO:0050253']"
POC5,"['GO:0061511', 'GO:0042462', 'GO:1903723']","['GO:0032391', 'GO:0005813', 'GO:0005814']",[]
POLR2F,"['GO:0006366', 'GO:0042797', 'GO:0006360']","['GO:0005654', 'GO:0001650', 'GO:0005665', 'GO:0005736', 'GO:0005829', 'GO:0005666', 'GO:0005634']","['GO:0003677', 'GO:0003899']"
PON1,"['GO:0046395', 'GO:0010875', 'GO:0009636', 'GO:0046470', 'GO:0008203', 'GO:0046434', 'GO:1901335']","['GO:0005576', 'GO:0070062', 'GO:0034364', 'GO:0072562', 'GO:0005789', 'GO:0034366']","['GO:0042803', 'GO:0005509', 'GO:0004064', 'GO:0102007', 'GO:0004063', 'GO:0005543']"
POR,"['GO:0043602', 'GO:0009812', 'GO:0007584', 'GO:0070988', 'GO:0009410', 'GO:0071548', 'GO:0019395', 'GO:0043066', 'GO:0140647', 'GO:0071375', 'GO:0090031', 'GO:0009725', 'GO:0022900', 'GO:0046210', 'GO:0090346', 'GO:0009437', 'GO:0032332', 'GO:0006809', 'GO:0071372', 'GO:0045880', 'GO:0061913']","['GO:0005829', 'GO:0043231', 'GO:0005789', 'GO:0016020']","['GO:0003958', 'GO:0004128', 'GO:0047726', 'GO:0019899', 'GO:0016787', 'GO:0050661', 'GO:0050660', 'GO:0008047', 'GO:0009055', 'GO:0010181', 'GO:0008941']"
PPARA,"['GO:0051898', 'GO:2000191', 'GO:0042752', 'GO:1903944', 'GO:0007584', 'GO:0006094', 'GO:0070166', 'GO:0008544', 'GO:0030154', 'GO:0006631', 'GO:0032000', 'GO:0045923', 'GO:1903038', 'GO:0045471', 'GO:0010467', 'GO:0035357', 'GO:0030522', 'GO:0035095', 'GO:0051607', 'GO:0046209', 'GO:0071332', 'GO:0032922', 'GO:0007507', 'GO:0050728', 'GO:1903427', 'GO:0030512', 'GO:0019217', 'GO:0042060', 'GO:0016567', 'GO:0032099', 'GO:0001666', 'GO:1900016', 'GO:0046321', 'GO:0042157', 'GO:0045944', 'GO:0000122', 'GO:0009755', 'GO:0010745', 'GO:0061052', 'GO:0032868', 'GO:0009267', 'GO:1902894', 'GO:2001171', 'GO:0010565', 'GO:0045820', 'GO:0046889', 'GO:0010887', 'GO:0045722', 'GO:0045776', 'GO:0045893', 'GO:0007595']","['GO:0090575', 'GO:0000785', 'GO:0005634', 'GO:0005654']","['GO:0001223', 'GO:0097371', 'GO:0019902', 'GO:0008270', 'GO:0031435', 'GO:0044877', 'GO:0004879', 'GO:0019904', 'GO:0001228', 'GO:0051525', 'GO:0003707', 'GO:0061629', 'GO:0003677', 'GO:0000981', 'GO:0043565', 'GO:0000978', 'GO:0001227', 'GO:0031624', 'GO:0008289', 'GO:0001216', 'GO:0003700']"
PPARD,"['GO:0050680', 'GO:0071456', 'GO:0045600', 'GO:0006631', 'GO:0014912', 'GO:0007507', 'GO:0051546', 'GO:0006357', 'GO:1904659', 'GO:0043491', 'GO:0000122', 'GO:0009755', 'GO:0060612', 'GO:0010628', 'GO:0006915', 'GO:0071222', 'GO:0009749', 'GO:0032966', 'GO:0042311', 'GO:0046697', 'GO:0045923', 'GO:0006029', 'GO:0006091', 'GO:0033189', 'GO:0008203', 'GO:0008654', 'GO:0010887', 'GO:0015908', 'GO:0043616', 'GO:0051897', 'GO:0008283', 'GO:0031669', 'GO:0008366', 'GO:0043066', 'GO:0007566', 'GO:0014823', 'GO:0030522', 'GO:0014842', 'GO:0042060', 'GO:0043415', 'GO:2000288', 'GO:0046321', 'GO:0006629', 'GO:0045662', 'GO:0045893', 'GO:0097009', 'GO:0045892', 'GO:0045684', 'GO:0048662', 'GO:0030154', 'GO:0009062', 'GO:0097190', 'GO:0006006', 'GO:0031589', 'GO:0050728', 'GO:0070346', 'GO:0035774', 'GO:0030308', 'GO:0045944', 'GO:1902894', 'GO:0006635']","['GO:0090575', 'GO:0000785', 'GO:0005634', 'GO:0005654']","['GO:0001223', 'GO:0008270', 'GO:0070539', 'GO:0051059', 'GO:0004879', 'GO:0000981', 'GO:1990837', 'GO:0003707', 'GO:0003677', 'GO:0003700', 'GO:0000978', 'GO:0001227', 'GO:0008289']"
PPARG,"['GO:0050872', 'GO:0071456', 'GO:0042789', 'GO:0045600', 'GO:0006631', 'GO:1903845', 'GO:0006357', 'GO:0048469', 'GO:1901202', 'GO:0045165', 'GO:1900076', 'GO:0010875', 'GO:0000122', 'GO:0009755', 'GO:1905461', 'GO:1904893', 'GO:0030855', 'GO:0010628', 'GO:1902895', 'GO:1904706', 'GO:0007584', 'GO:0045923', 'GO:0010888', 'GO:0010629', 'GO:0050873', 'GO:0016525', 'GO:0060392', 'GO:0030512', 'GO:0042593', 'GO:0060336', 'GO:0070165', 'GO:0160274', 'GO:0010887', 'GO:1905563', 'GO:0055088', 'GO:0140077', 'GO:0048511', 'GO:0045087', 'GO:0033993', 'GO:0035357', 'GO:0030522', 'GO:0045444', 'GO:0030509', 'GO:0015909', 'GO:0048384', 'GO:0071404', 'GO:1904597', 'GO:0030514', 'GO:0045893', 'GO:0001890', 'GO:1904179', 'GO:0045892', 'GO:0042752', 'GO:0048662', 'GO:0008217', 'GO:1903243', 'GO:0032376', 'GO:0045834', 'GO:0030154', 'GO:0043537', 'GO:0050728', 'GO:0032869', 'GO:0043409', 'GO:0030224', 'GO:2001235', 'GO:0045944', 'GO:0010745', 'GO:1902894', 'GO:0045668', 'GO:0090258']","['GO:0090575', 'GO:0000785', 'GO:0005634', 'GO:0005829', 'GO:0043235', 'GO:0005654']","['GO:0019899', 'GO:0043565', 'GO:0050692', 'GO:0046965', 'GO:0008270', 'GO:0097677', 'GO:0051393', 'GO:0004879', 'GO:0000981', 'GO:0050693', 'GO:0070412', 'GO:0003682', 'GO:0001228', 'GO:0042277', 'GO:0003677', 'GO:0140297', 'GO:0042802', 'GO:0003700', 'GO:0003690', 'GO:0000976', 'GO:0050699', 'GO:0004955', 'GO:0003676', 'GO:0070888', 'GO:0050544', 'GO:0000978', 'GO:0001227', 'GO:0001221']"
PPARGC1A,"['GO:0097009', 'GO:0002021', 'GO:0042752', 'GO:0065003', 'GO:0048662', 'GO:0042594', 'GO:0006094', 'GO:0050821', 'GO:0043524', 'GO:0008380', 'GO:0019395', 'GO:0006355', 'GO:0006397', 'GO:0001659', 'GO:0050873', 'GO:0032922', 'GO:0007005', 'GO:0007586', 'GO:0001678', 'GO:0046321', 'GO:0022904', 'GO:0006367', 'GO:0045944', 'GO:0034599', 'GO:0014850', 'GO:0060612', 'GO:0045333', 'GO:0051402', 'GO:0120162', 'GO:0010628', 'GO:0045722', 'GO:0045893']","['GO:0005829', 'GO:0016605', 'GO:0000785', 'GO:0005634', 'GO:0005654']","['GO:0031625', 'GO:0016922', 'GO:0061629', 'GO:0003723', 'GO:0003677', 'GO:0140297', 'GO:0106222', 'GO:0031490', 'GO:0003713', 'GO:0043565', 'GO:0003712']"
PPIG,"['GO:0006457', 'GO:0008380']","['GO:0005654', 'GO:0016363', 'GO:0005737', 'GO:0016607', 'GO:0005829', 'GO:0005634']","['GO:0016018', 'GO:0003755', 'GO:0003723']"
PRKAA1,"['GO:0110076', 'GO:0006695', 'GO:0071456', 'GO:0010508', 'GO:0072657', 'GO:0032007', 'GO:0007165', 'GO:0001666', 'GO:0010628', 'GO:1903109', 'GO:1903829', 'GO:0055089', 'GO:1903944', 'GO:0010332', 'GO:0019395', 'GO:0070050', 'GO:1905691', 'GO:0060627', 'GO:0010629', 'GO:0072659', 'GO:0042593', 'GO:0009411', 'GO:0009267', 'GO:0006914', 'GO:0043114', 'GO:0048511', 'GO:0031669', 'GO:0008610', 'GO:0071333', 'GO:0043066', 'GO:0014823', 'GO:0002842', 'GO:0071361', 'GO:0071466', 'GO:0061744', 'GO:1904262', 'GO:0048643', 'GO:0070301', 'GO:0062028', 'GO:1990044', 'GO:0071380', 'GO:0006633', 'GO:1904428', 'GO:0016055', 'GO:0061762', 'GO:0042149', 'GO:0071277', 'GO:0070507', 'GO:0045893', 'GO:0050870', 'GO:0097009', 'GO:1904179', 'GO:0033554', 'GO:0042752', 'GO:0043627', 'GO:0050995', 'GO:0006006', 'GO:0008284', 'GO:0031000', 'GO:0045821', 'GO:0034599', 'GO:0046318', 'GO:0045542', 'GO:0046627', 'GO:0009631']","['GO:0030424', 'GO:0036064', 'GO:0000785', 'GO:0005634', 'GO:0031588', 'GO:0016607', 'GO:0030425', 'GO:0016324', 'GO:0043025', 'GO:0005929', 'GO:0005829', 'GO:0005737', 'GO:0005654']","['GO:0004672', 'GO:0048156', 'GO:0004679', 'GO:0004674', 'GO:0140823', 'GO:0106310', 'GO:0005524', 'GO:0047322', 'GO:0046872', 'GO:0003682', 'GO:0004691', 'GO:0044877', 'GO:0050321']"
PRKAA2,"['GO:1903829', 'GO:0097009', 'GO:0016241', 'GO:0006695', 'GO:0042752', 'GO:0055089', 'GO:1903944', 'GO:0048511', 'GO:0031669', 'GO:0008610', 'GO:0010508', 'GO:0071333', 'GO:0043066', 'GO:1905691', 'GO:0010629', 'GO:0071466', 'GO:0032007', 'GO:1904262', 'GO:0042593', 'GO:0007165', 'GO:0045821', 'GO:0016239', 'GO:0062028', 'GO:1990044', 'GO:0071380', 'GO:0006633', 'GO:0034599', 'GO:1904428', 'GO:0014850', 'GO:0006914', 'GO:0016055', 'GO:0042149', 'GO:0071277', 'GO:0070507']","['GO:0030424', 'GO:0005829', 'GO:0005737', 'GO:0005634', 'GO:0036064', 'GO:0031588', 'GO:0005794', 'GO:0016607', 'GO:0030425', 'GO:0010494', 'GO:0005654', 'GO:0043025']","['GO:0140823', 'GO:0004672', 'GO:0106310', 'GO:0005524', 'GO:0047322', 'GO:0003682', 'GO:0004679', 'GO:0046872', 'GO:0004674', 'GO:0004712']"
PRKAB1,"['GO:0007165', 'GO:0120162', 'GO:0035878', 'GO:0031669', 'GO:0006633']","['GO:0005654', 'GO:0031588', 'GO:0005737', 'GO:0005829', 'GO:0005634']",['GO:0019901']
PRKAB2,"['GO:0007165', 'GO:0120162', 'GO:0031669', 'GO:0006633']","['GO:0005654', 'GO:0031588', 'GO:0005737', 'GO:0005829', 'GO:0005634']",['GO:0019901']
PRKAG1,"['GO:0007283', 'GO:0031669', 'GO:0051170', 'GO:0007165', 'GO:0006633', 'GO:0006468', 'GO:0006110', 'GO:0042149', 'GO:0051726', 'GO:0045722']","['GO:0005829', 'GO:0005737', 'GO:0005634', 'GO:0031588', 'GO:0016020', 'GO:0005654']","['GO:0004691', 'GO:0008603', 'GO:0005524', 'GO:0016208', 'GO:0044877', 'GO:0019901', 'GO:0019887', 'GO:0043531', 'GO:0004679']"
PRKAG2,"['GO:0031669', 'GO:0005977', 'GO:0035556', 'GO:0016126', 'GO:0046324', 'GO:0019217', 'GO:0006754', 'GO:0046320', 'GO:0006633', 'GO:0006110', 'GO:0042149', 'GO:0051726', 'GO:0045722']","['GO:0005829', 'GO:0005737', 'GO:0005634', 'GO:0031588', 'GO:0005654']","['GO:0008603', 'GO:0005524', 'GO:0016208', 'GO:0030295', 'GO:0019901', 'GO:0019887', 'GO:0043531', 'GO:0004679', 'GO:0008607', 'GO:0004862']"
PRKAG3,"['GO:0031669', 'GO:0035556', 'GO:0014873', 'GO:0045719', 'GO:0006633', 'GO:0006110', 'GO:0042149', 'GO:0051726', 'GO:0045722']","['GO:0005829', 'GO:0005737', 'GO:0005634', 'GO:0031588', 'GO:0005654']","['GO:0005524', 'GO:0016208', 'GO:0019901', 'GO:0019887', 'GO:0004679']"
PSEN1,"['GO:0007611', 'GO:0001764', 'GO:0042987', 'GO:0003407', 'GO:1905908', 'GO:0032469', 'GO:0055074', 'GO:1904646', 'GO:0006974', 'GO:1990535', 'GO:0048143', 'GO:0007220', 'GO:0010975', 'GO:0001947', 'GO:0000122', 'GO:0040011', 'GO:0015871', 'GO:0010628', 'GO:2001234', 'GO:0015031', 'GO:0001921', 'GO:0016485', 'GO:0070050', 'GO:0035556', 'GO:0010629', 'GO:0016080', 'GO:0098712', 'GO:0001568', 'GO:0006509', 'GO:0006839', 'GO:0050852', 'GO:0010468', 'GO:0002265', 'GO:0048854', 'GO:0050673', 'GO:0099175', 'GO:0048167', 'GO:0048666', 'GO:0140249', 'GO:0098693', 'GO:0032760', 'GO:0043524', 'GO:0043066', 'GO:0051966', 'GO:0002286', 'GO:0030326', 'GO:0007219', 'GO:0050820', 'GO:2000059', 'GO:0043065', 'GO:0032436', 'GO:0006979', 'GO:0042982', 'GO:0060999', 'GO:0098609', 'GO:0001756', 'GO:0002038', 'GO:0043011', 'GO:0043589', 'GO:0051563', 'GO:0009791', 'GO:0050808', 'GO:0045893', 'GO:0034205', 'GO:0021795', 'GO:0021549', 'GO:0048538', 'GO:0097190', 'GO:0060828', 'GO:0007613', 'GO:0002244', 'GO:0001708', 'GO:0042059', 'GO:0045821', 'GO:0048705', 'GO:0050771', 'GO:0060075', 'GO:0051402', 'GO:0000045']","['GO:0005813', 'GO:0005789', 'GO:0031901', 'GO:0005886', 'GO:0005938', 'GO:0008021', 'GO:0005790', 'GO:0031965', 'GO:0030054', 'GO:0005634', 'GO:0070765', 'GO:0030425', 'GO:0032991', 'GO:0035253', 'GO:0005794', 'GO:0000139', 'GO:0016020', 'GO:0042734', 'GO:0005640', 'GO:0031594', 'GO:0005743', 'GO:0035577', 'GO:0043025', 'GO:0098978', 'GO:0043198', 'GO:0030426', 'GO:0045121', 'GO:0005783', 'GO:0009986', 'GO:0016235', 'GO:0000776', 'GO:0005791', 'GO:0005739', 'GO:0098794', 'GO:0005654', 'GO:0042383', 'GO:0043005']","['GO:0045296', 'GO:0051117', 'GO:0008013', 'GO:0004175', 'GO:0060090', 'GO:0004190', 'GO:0030165', 'GO:0042500', 'GO:0005262', 'GO:0070851']"
PSMA4,['GO:0043161'],"['GO:0005654', 'GO:0005839', 'GO:0019773', 'GO:0097225', 'GO:0000932', 'GO:0005737', 'GO:0000502', 'GO:0005829', 'GO:0120212', 'GO:0005814', 'GO:0005634', 'GO:0070062']",[]
PSMD3,"['GO:0043161', 'GO:0042176', 'GO:0006511']","['GO:0005654', 'GO:0005576', 'GO:0008541', 'GO:1904813', 'GO:0000502', 'GO:0005829', 'GO:0022624', 'GO:0034774', 'GO:0005634', 'GO:0016020', 'GO:0070062']",['GO:0030234']
PSRC1,"['GO:0051301', 'GO:0001578', 'GO:0030308', 'GO:0007080', 'GO:0060236', 'GO:0031116', 'GO:0045893']","['GO:0005654', 'GO:0030496', 'GO:0005819', 'GO:0005737', 'GO:0005829', 'GO:0015630', 'GO:0000922']",['GO:0008017']
PTCHD3,[],"['GO:0016020', 'GO:0005789', 'GO:0097225', 'GO:0005783']",[]
PTGIR,"['GO:0006954', 'GO:0007187', 'GO:0010642', 'GO:0007204', 'GO:0007267', 'GO:0048662', 'GO:0007189', 'GO:0032496']","['GO:0005886', 'GO:0005829']","['GO:0016501', 'GO:0005085']"
PTGIS,"['GO:0001516', 'GO:0071456', 'GO:0035360', 'GO:0045019', 'GO:0006690', 'GO:0046697', 'GO:0007566', 'GO:0097190', 'GO:0071347', 'GO:0050728', 'GO:0071354', 'GO:0019371', 'GO:0045766', 'GO:1900119', 'GO:0046457']","['GO:0005634', 'GO:0005789', 'GO:0005901', 'GO:0005788', 'GO:0005783']","['GO:0005506', 'GO:0004497', 'GO:0106256', 'GO:0016705', 'GO:0008116', 'GO:0020037']"
PTGS2,"['GO:0001516', 'GO:0071456', 'GO:0071498', 'GO:0042127', 'GO:0008217', 'GO:0150077', 'GO:0010575', 'GO:0010269', 'GO:0046697', 'GO:0007566', 'GO:0050727', 'GO:0032310', 'GO:0031622', 'GO:0050873', 'GO:0090362', 'GO:1902219', 'GO:0019372', 'GO:0071636', 'GO:0006979', 'GO:0019371', 'GO:0042759', 'GO:0090050', 'GO:0090271', 'GO:0009624', 'GO:0031394', 'GO:0090336', 'GO:0071471', 'GO:0045429']","['GO:0005637', 'GO:0005829', 'GO:0005737', 'GO:0005789', 'GO:0005788', 'GO:0005640', 'GO:0043005', 'GO:0005783']","['GO:0016702', 'GO:0042803', 'GO:0004601', 'GO:0020037', 'GO:0019899', 'GO:0046872', 'GO:0016701', 'GO:0004666']"
PXDN,"['GO:0007155', 'GO:0042744', 'GO:0071711', 'GO:0001525', 'GO:0006979', 'GO:0006955', 'GO:0051260', 'GO:0001654', 'GO:0070207', 'GO:0070831', 'GO:0030199', 'GO:0030198']","['GO:0005576', 'GO:0009986', 'GO:0070062', 'GO:0031012', 'GO:0005604', 'GO:0005783']","['GO:0005152', 'GO:0004601', 'GO:0020037', 'GO:0043237', 'GO:0016684', 'GO:0046872', 'GO:0005201']"
PXDNL,"['GO:0048731', 'GO:0006979', 'GO:0070831', 'GO:0042744']","['GO:0005886', 'GO:0031012', 'GO:0005783']","['GO:0046872', 'GO:0016787', 'GO:0004519', 'GO:0020037', 'GO:0004601']"
RAB1A,"['GO:0030252', 'GO:0042742', 'GO:0032757', 'GO:0006888', 'GO:0090110', 'GO:0019068', 'GO:1903020', 'GO:0006897', 'GO:0016192', 'GO:0016477', 'GO:0032402', 'GO:0007030', 'GO:0006886', 'GO:0006914', 'GO:0034446', 'GO:0047496', 'GO:0000045']","['GO:0030658', 'GO:0005829', 'GO:0070062', 'GO:0012505', 'GO:0005783', 'GO:0005794', 'GO:0042470', 'GO:0000139', 'GO:0005769']","['GO:0045296', 'GO:0003925', 'GO:0003924', 'GO:0046872', 'GO:0005525']"
RAB1B,"['GO:0006888', 'GO:0019068', 'GO:1903020', 'GO:0007030', 'GO:2000785', 'GO:0006886', 'GO:0000045']","['GO:0005829', 'GO:0070062', 'GO:0012505', 'GO:0030133', 'GO:0033116', 'GO:0005789', 'GO:0005794', 'GO:0000139', 'GO:0048471', 'GO:0034045']","['GO:0003925', 'GO:0003924', 'GO:0005525']"
RABGEF1,"['GO:0006612', 'GO:0043305', 'GO:0006898', 'GO:0048261', 'GO:0060368', 'GO:0050728', 'GO:0032715', 'GO:0098935', 'GO:0007265', 'GO:1900235', 'GO:0046580', 'GO:0038109', 'GO:0002686', 'GO:0016197', 'GO:0043303', 'GO:0015031', 'GO:0033004']","['GO:0098830', 'GO:0005829', 'GO:0031901', 'GO:0030139', 'GO:0005730', 'GO:0030425', 'GO:0005769', 'GO:0055037']","['GO:0008270', 'GO:0061630', 'GO:0005085', 'GO:0003677', 'GO:0031267']"
REN,"['GO:0007405', 'GO:0008217', 'GO:0045879', 'GO:0002003', 'GO:0030182', 'GO:0071466', 'GO:0070305', 'GO:0008584', 'GO:0048469', 'GO:0050435', 'GO:0016567', 'GO:0014016', 'GO:0051260', 'GO:0042756', 'GO:0007224', 'GO:0009755', 'GO:0001822', 'GO:0035902', 'GO:0043408', 'GO:0001823', 'GO:0007406', 'GO:0002018', 'GO:0051591', 'GO:0045666', 'GO:0072051', 'GO:0032496', 'GO:0006508']","['GO:0005576', 'GO:0005737', 'GO:0005886', 'GO:0045177']","['GO:0016740', 'GO:0005102', 'GO:0005159', 'GO:0004190', 'GO:0042802', 'GO:0008233']"
RHOA,"['GO:0033688', 'GO:0032956', 'GO:0042476', 'GO:2000406', 'GO:0001764', 'GO:0050919', 'GO:0006357', 'GO:0010975', 'GO:0016477', 'GO:0090051', 'GO:0021762', 'GO:0071803', 'GO:0010812', 'GO:0045666', 'GO:0071222', 'GO:0034329', 'GO:0003189', 'GO:0036089', 'GO:0043931', 'GO:0043297', 'GO:1990869', 'GO:1903427', 'GO:0038027', 'GO:0061430', 'GO:2000177', 'GO:0001822', 'GO:1903673', 'GO:0051496', 'GO:0043366', 'GO:0000902', 'GO:0046638', 'GO:1904695', 'GO:1905274', 'GO:0021861', 'GO:0060193', 'GO:0043123', 'GO:0097049', 'GO:0033144', 'GO:0090324', 'GO:0007160', 'GO:0070507', 'GO:0034446', 'GO:0021795', 'GO:0060071', 'GO:0007266', 'GO:0031122', 'GO:1904996', 'GO:2000672', 'GO:0035385', 'GO:0090307', 'GO:0002363', 'GO:0097498', 'GO:0030521', 'GO:0045792', 'GO:0032467', 'GO:0071902', 'GO:0045198', 'GO:0007519', 'GO:0030036', 'GO:0051893', 'GO:0030334', 'GO:0071526', 'GO:0044319', 'GO:1902766', 'GO:0043149', 'GO:0043542', 'GO:0003100', 'GO:1901224', 'GO:0099159', 'GO:0071345']","['GO:0032587', 'GO:0005789', 'GO:0005886', 'GO:0005938', 'GO:0005768', 'GO:0032154', 'GO:0070062', 'GO:0030054', 'GO:0043296', 'GO:0005634', 'GO:0043197', 'GO:0005925', 'GO:0030027', 'GO:0031982', 'GO:0101003', 'GO:0005856', 'GO:0071944', 'GO:0098978', 'GO:0030667', 'GO:0005829', 'GO:0030496', 'GO:0009898', 'GO:0098794']","['GO:0017022', 'GO:0019901', 'GO:0005525', 'GO:0003925', 'GO:0003924']"
RIC3,"['GO:0007204', 'GO:0065003', 'GO:0007271', 'GO:2000010', 'GO:0034394']","['GO:0043005', 'GO:0005789', 'GO:0000139', 'GO:0043025', 'GO:0045202']","['GO:0044183', 'GO:0033130']"
RICTOR,"['GO:0032956', 'GO:0051897', 'GO:0031669', 'GO:0008610', 'GO:2000114', 'GO:0030307', 'GO:0051896', 'GO:0043066', 'GO:0032008', 'GO:0050727', 'GO:0038203', 'GO:0030036', 'GO:0007010', 'GO:0030335', 'GO:0030838', 'GO:0010468', 'GO:0001938', 'GO:0009792']","['GO:0005765', 'GO:0005829', 'GO:0031932', 'GO:0005764', 'GO:0005789', 'GO:0005794', 'GO:0005886', 'GO:0005783']","['GO:0140767', 'GO:0008270', 'GO:0005524', 'GO:0043022', 'GO:0019901', 'GO:0060090', 'GO:0043539']"
RNF139,"['GO:0070613', 'GO:0060628', 'GO:0043161', 'GO:0031648', 'GO:0017148', 'GO:0016567', 'GO:0036503', 'GO:0008285', 'GO:1904380', 'GO:2000060']","['GO:0044322', 'GO:0012505', 'GO:0005789', 'GO:0016020', 'GO:0036513', 'GO:0005783']","['GO:0019787', 'GO:0008270', 'GO:0038023', 'GO:0061630', 'GO:0002020', 'GO:0004842']"
RNF145,"['GO:0043161', 'GO:0036503']","['GO:0012505', 'GO:0005789']","['GO:0061630', 'GO:0008270']"
RNF148,['GO:0006511'],"['GO:0005770', 'GO:0005794', 'GO:0005737', 'GO:0016020', 'GO:0005783']","['GO:0061630', 'GO:0008270']"
RPN1,['GO:0006487'],"['GO:0005791', 'GO:0005789', 'GO:0008250', 'GO:0042470', 'GO:0160227', 'GO:0160226', 'GO:0005829', 'GO:0016020', 'GO:0005783']",['GO:0003723']
RPN2,"['GO:0006487', 'GO:0036211']","['GO:0008250', 'GO:0005789', 'GO:0016604', 'GO:0160227', 'GO:0160226', 'GO:0016020', 'GO:0005783']",[]
RUSC1,['GO:0000209'],"['GO:0014069', 'GO:0005634', 'GO:0005794', 'GO:0005769', 'GO:0005829', 'GO:0031410', 'GO:0015630', 'GO:0005874']",['GO:0003779']
RXRA,"['GO:0140077', 'GO:0030501', 'GO:0042789', 'GO:0045834', 'GO:0030154', 'GO:0035357', 'GO:0048469', 'GO:0030224', 'GO:0070564', 'GO:0010875', 'GO:0045944', 'GO:0048384', 'GO:0000122', 'GO:0009755', 'GO:0002157', 'GO:0071404', 'GO:0007399', 'GO:0032526', 'GO:0045893']","['GO:0090575', 'GO:0005829', 'GO:0005667', 'GO:0000785', 'GO:0005634', 'GO:0005739', 'GO:0043235', 'GO:0005654']","['GO:0008270', 'GO:0000976', 'GO:0001972', 'GO:1990837', 'GO:0004879', 'GO:0042277', 'GO:0003707', 'GO:0019899', 'GO:0044323', 'GO:0000981', 'GO:0000977', 'GO:0042809', 'GO:0042802', 'GO:0050693', 'GO:0043565', 'GO:0050692', 'GO:0000978', 'GO:0003700', 'GO:0003690', 'GO:0001221']"
SC5D,"['GO:0110076', 'GO:0033489', 'GO:0006695', 'GO:0033490']","['GO:0005789', 'GO:0016020']","['GO:0005506', 'GO:0000248', 'GO:0050046']"
SCAP,"['GO:0033552', 'GO:0030154', 'GO:0042304', 'GO:0045541', 'GO:0042098', 'GO:0090110', 'GO:0001525', 'GO:0007165', 'GO:0006955', 'GO:0001666', 'GO:0008203', 'GO:0032868', 'GO:0032933', 'GO:0045542', 'GO:0045540']","['GO:0005829', 'GO:0012507', 'GO:0005737', 'GO:0005789', 'GO:0005794', 'GO:0032936', 'GO:0000139', 'GO:0016020', 'GO:0005783']","['GO:0017124', 'GO:0051082', 'GO:0044877', 'GO:0032934']"
SCARB1,"['GO:0032497', 'GO:0010750', 'GO:0035461', 'GO:0070328', 'GO:0043691', 'GO:0042632', 'GO:0043654', 'GO:0034375', 'GO:0034381', 'GO:0070508', 'GO:0033344', 'GO:0042311', 'GO:0034384', 'GO:0010867', 'GO:0055097', 'GO:0006707', 'GO:0034383', 'GO:0015920', 'GO:0042060', 'GO:0044406', 'GO:0010886', 'GO:1902070', 'GO:0010899', 'GO:0098856', 'GO:0043534', 'GO:0001935', 'GO:0015914', 'GO:0010595', 'GO:0050764']","['GO:0005765', 'GO:0009986', 'GO:0070062', 'GO:0030666', 'GO:0005764', 'GO:0005901', 'GO:0005886']","['GO:0005545', 'GO:0070506', 'GO:0034186', 'GO:0008035', 'GO:0034185', 'GO:0001786', 'GO:0005044', 'GO:0001530', 'GO:0001618', 'GO:0030169', 'GO:0001540', 'GO:0001875', 'GO:0008289']"
SCARB2,"['GO:0007605', 'GO:1904978', 'GO:0006622', 'GO:0099638', 'GO:1905671', 'GO:0015917', 'GO:0043470', 'GO:0006914', 'GO:2000752', 'GO:0010976', 'GO:0006898']","['GO:0005765', 'GO:0031902', 'GO:0070062', 'GO:0030666', 'GO:0010008', 'GO:0030669', 'GO:0043202', 'GO:0005789', 'GO:0000139', 'GO:0005886', 'GO:0016020', 'GO:0005925']","['GO:0042803', 'GO:0038024', 'GO:0019899', 'GO:0001786', 'GO:0005044', 'GO:0004888', 'GO:0015485', 'GO:0001618', 'GO:0031210', 'GO:0051087']"
SCD,"['GO:0006636', 'GO:0070542', 'GO:1903966', 'GO:0120162']","['GO:0005789', 'GO:0005730', 'GO:0016020', 'GO:0005783']","['GO:0032896', 'GO:0005506', 'GO:0004768', 'GO:0016491']"
SCD5,['GO:0006636'],['GO:0005789'],"['GO:0032896', 'GO:0005506', 'GO:0004768', 'GO:0016491']"
SCP2,"['GO:0006636', 'GO:0032385', 'GO:0032959', 'GO:1901373', 'GO:0033540', 'GO:0051301', 'GO:0043066', 'GO:0051093', 'GO:0006694', 'GO:0006701', 'GO:0036109', 'GO:0072659', 'GO:0045940', 'GO:0006470', 'GO:0008206', 'GO:0007130', 'GO:0042759', 'GO:0071071', 'GO:0032367', 'GO:0006699', 'GO:0007143', 'GO:0009566', 'GO:0006635', 'GO:2000134', 'GO:0015914', 'GO:0019216', 'GO:0006915', 'GO:0007140']","['GO:0032991', 'GO:0005829', 'GO:0000779', 'GO:0005737', 'GO:0005634', 'GO:0005739', 'GO:0000800', 'GO:0016020', 'GO:0005777', 'GO:0005654', 'GO:0000795', 'GO:0005782', 'GO:0005783']","['GO:0050632', 'GO:0036042', 'GO:0120020', 'GO:0008526', 'GO:0120019', 'GO:0003988', 'GO:0005102', 'GO:0033814', 'GO:0000062', 'GO:0008420', 'GO:0003677', 'GO:0015485', 'GO:0046872', 'GO:0050633', 'GO:0070538']"
SEC23B,"['GO:0006886', 'GO:0090110']","['GO:0070971', 'GO:0012505', 'GO:0005789', 'GO:0005829', 'GO:0030127', 'GO:0048471', 'GO:0005783']","['GO:0008270', 'GO:0005096']"
SEC61A1,"['GO:0031204', 'GO:0034341', 'GO:0007029', 'GO:0006620', 'GO:0039019', 'GO:0045047', 'GO:0006616', 'GO:0045048', 'GO:0006613', 'GO:0006614']","['GO:0016020', 'GO:0005789', 'GO:0005784']","['GO:0005048', 'GO:0005262', 'GO:0043022', 'GO:0008320']"
SEC61B,"['GO:0031204', 'GO:0036503', 'GO:0030970', 'GO:0006616']","['GO:0016020', 'GO:0005789', 'GO:0044322', 'GO:0005829', 'GO:0005784', 'GO:0031205', 'GO:0005783']","['GO:0005085', 'GO:0043022', 'GO:0048408', 'GO:0003723']"
SEC62,"['GO:0031204', 'GO:0006620', 'GO:0061709', 'GO:0006613']","['GO:0005791', 'GO:0005789', 'GO:0016020', 'GO:0005783']",['GO:0038023']
SEL1L,"['GO:0009306', 'GO:0036503', 'GO:0030970', 'GO:0006641', 'GO:0007219', 'GO:0050821']","['GO:0000836', 'GO:0000839', 'GO:0005789', 'GO:0036513', 'GO:0005783']",[]
SERPINA3,"['GO:0006954', 'GO:0034097', 'GO:0030277', 'GO:0019216', 'GO:0006953']","['GO:0005576', 'GO:0072562', 'GO:0034774', 'GO:0031012', 'GO:0005634', 'GO:0070062', 'GO:0031093', 'GO:0035578']","['GO:0003677', 'GO:0004867']"
SI,"['GO:0044245', 'GO:0005987']","['GO:0016324', 'GO:0005903', 'GO:0005794', 'GO:0005886', 'GO:0070062']","['GO:0004575', 'GO:0030246', 'GO:0004574', 'GO:0004558']"
SIAH1,"['GO:0007411', 'GO:1990000', 'GO:0007283', 'GO:0009653', 'GO:0043161', 'GO:0030163', 'GO:2001244', 'GO:0031648', 'GO:0043065', 'GO:0016567', 'GO:0006511', 'GO:0007399', 'GO:0051402', 'GO:0006915', 'GO:0060070']","['GO:0005829', 'GO:0005737', 'GO:0005634', 'GO:0005769', 'GO:0030877']","['GO:0008270', 'GO:0061630', 'GO:0042802', 'GO:0031624', 'GO:0004842']"
SIGMAR1,"['GO:0150052', 'GO:0097305', 'GO:0070207', 'GO:0043523', 'GO:0006869', 'GO:0007399']","['GO:0014069', 'GO:0005637', 'GO:0005829', 'GO:0031410', 'GO:0005635', 'GO:0005789', 'GO:0098839', 'GO:0016020', 'GO:0005640', 'GO:0005811', 'GO:0098978', 'GO:0070161', 'GO:0030426', 'GO:0005783']","['GO:0004985', 'GO:0042802']"
SIRT1,"['GO:0010868', 'GO:0051898', 'GO:2000774', 'GO:0010883', 'GO:0071456', 'GO:0050872', 'GO:1901984', 'GO:0042127', 'GO:0043161', 'GO:0001542', 'GO:0046015', 'GO:0042542', 'GO:0006476', 'GO:0033210', 'GO:0046628', 'GO:0032007', 'GO:0006974', 'GO:0016239', 'GO:0010875', 'GO:0035358', 'GO:2000481', 'GO:0002821', 'GO:0000122', 'GO:0045766', 'GO:0045348', 'GO:0006346', 'GO:0090335', 'GO:1900034', 'GO:0035331', 'GO:0001938', 'GO:2000655', 'GO:0060907', 'GO:1902237', 'GO:0007283', 'GO:0010824', 'GO:0055089', 'GO:0007179', 'GO:0106230', 'GO:0001934', 'GO:0010629', 'GO:0043124', 'GO:0032922', 'GO:1990830', 'GO:0006325', 'GO:0001525', 'GO:0030512', 'GO:0007517', 'GO:0007346', 'GO:0009267', 'GO:0010906', 'GO:0031507', 'GO:0051152', 'GO:0030225', 'GO:1901797', 'GO:0042771', 'GO:0043536', 'GO:0051897', 'GO:0042632', 'GO:0035356', 'GO:0043524', 'GO:0043066', 'GO:0045786', 'GO:0071356', 'GO:0030968', 'GO:0031648', 'GO:0070301', 'GO:2000757', 'GO:0043065', 'GO:0032436', 'GO:0006979', 'GO:0016567', 'GO:0051658', 'GO:0070914', 'GO:0140861', 'GO:1902424', 'GO:0042326', 'GO:0032868', 'GO:0071479', 'GO:0006642', 'GO:0042149', 'GO:0042981', 'GO:0044321', 'GO:0045722', 'GO:1902166', 'GO:2000111', 'GO:0045739', 'GO:0032071', 'GO:0097009', 'GO:1904179', 'GO:0045892', 'GO:0000720', 'GO:0060766', 'GO:0070857', 'GO:2000781', 'GO:2000773', 'GO:0008284', 'GO:0001678', 'GO:0031509', 'GO:1902176', 'GO:0090400', 'GO:0045599', 'GO:0000012', 'GO:0045944', 'GO:0000183', 'GO:0043518', 'GO:0042595', 'GO:0031393', 'GO:0000731', 'GO:0034391', 'GO:0018394']","['GO:0005637', 'GO:0000792', 'GO:0005635', 'GO:0005677', 'GO:0000785', 'GO:0005634', 'GO:0061773', 'GO:0016605', 'GO:0000791', 'GO:0005829', 'GO:0000781', 'GO:0033553', 'GO:0005737', 'GO:0005739', 'GO:0001650', 'GO:0005730', 'GO:0005654']","['GO:0004857', 'GO:0046969', 'GO:0019899', 'GO:0106231', 'GO:0160012', 'GO:0032041', 'GO:0034979', 'GO:0046970', 'GO:1990254', 'GO:0016922', 'GO:0141208', 'GO:0043425', 'GO:0043398', 'GO:0046872', 'GO:0004407', 'GO:0042393', 'GO:0033558', 'GO:0140297', 'GO:0140416', 'GO:0003713', 'GO:0019213', 'GO:0042802', 'GO:0070403', 'GO:0051019', 'GO:0008047', 'GO:1990841', 'GO:0140937', 'GO:0003714', 'GO:0017136', 'GO:0141050', 'GO:0000978', 'GO:0002039']"
SLC10A1,"['GO:0045471', 'GO:0015721', 'GO:0031667', 'GO:0071466', 'GO:0043627']","['GO:0016323', 'GO:0005886']","['GO:0008508', 'GO:0015125', 'GO:0001618']"
SLC10A2,"['GO:0009617', 'GO:0015721']","['GO:0016324', 'GO:0005886', 'GO:0005902']",['GO:0008508']
SLC15A3,"['GO:0015835', 'GO:0140206', 'GO:0070434', 'GO:0006811', 'GO:0015031', 'GO:0045087']","['GO:0005765', 'GO:0010008']","['GO:0071916', 'GO:0015333', 'GO:0015647']"
SLC16A3,"['GO:1901475', 'GO:0035873', 'GO:0015718', 'GO:0035879', 'GO:0042867']","['GO:0016324', 'GO:0016323', 'GO:0016328', 'GO:0005886', 'GO:0016020', 'GO:0031965']","['GO:0050833', 'GO:0015650', 'GO:0008028', 'GO:0003723']"
SLC16A8,['GO:0015727'],"['GO:0016324', 'GO:0016323', 'GO:0005886', 'GO:0016020']","['GO:0015129', 'GO:0008028', 'GO:0015293']"
SLC19A2,"['GO:0031923', 'GO:0007283', 'GO:0071934', 'GO:0015888', 'GO:0042723', 'GO:0009229']","['GO:0005886', 'GO:0016020']","['GO:0008517', 'GO:0015234']"
SLC1A6,"['GO:0006836', 'GO:0015813', 'GO:0006811', 'GO:0098712', 'GO:0140009', 'GO:0015810', 'GO:0001504', 'GO:0007268', 'GO:0051649', 'GO:0042391']","['GO:0045111', 'GO:0005794', 'GO:0005886', 'GO:0016020', 'GO:0042734', 'GO:0098796', 'GO:0098978']","['GO:0015183', 'GO:0015175', 'GO:0015501', 'GO:0005314', 'GO:0046872', 'GO:0005313']"
SLC22A4,"['GO:0042908', 'GO:0097421', 'GO:0089718', 'GO:0033280', 'GO:0015879', 'GO:0009437', 'GO:0051630', 'GO:0000101', 'GO:0043330', 'GO:0032496', 'GO:0015697', 'GO:0006641', 'GO:0006814', 'GO:0007595']","['GO:0009925', 'GO:0016324', 'GO:0005739', 'GO:0005886', 'GO:0031966', 'GO:0043025']","['GO:0030165', 'GO:0015226', 'GO:0015293', 'GO:0005524', 'GO:0015651', 'GO:0015199', 'GO:0015171', 'GO:0005277']"
SLC22A9,"['GO:0009914', 'GO:0015711', 'GO:0015913', 'GO:0043252']",['GO:0016323'],['GO:0015636']
SLC24A3,"['GO:0150104', 'GO:0030282', 'GO:0035725', 'GO:0070588', 'GO:0010629', 'GO:0010628', 'GO:0006811', 'GO:0071805', 'GO:0006874']","['GO:0071944', 'GO:0005886']","['GO:0005262', 'GO:0015293', 'GO:0008273']"
SLC2A4,"['GO:0150104', 'GO:0007611', 'GO:0071470', 'GO:0071456', 'GO:0070343', 'GO:0007614', 'GO:0071356', 'GO:0045471', 'GO:0070837', 'GO:0050873', 'GO:0031550', 'GO:0032869', 'GO:0042593', 'GO:0044381', 'GO:1904659', 'GO:0098694', 'GO:0007616', 'GO:0005975']","['GO:0045121', 'GO:0005829', 'GO:0070062', 'GO:0012505', 'GO:0012506', 'GO:0030315', 'GO:0016529', 'GO:0030136', 'GO:0030140', 'GO:0005905', 'GO:0030659', 'GO:0005886', 'GO:0098793', 'GO:0016020', 'GO:0048471', 'GO:0042383', 'GO:0005771', 'GO:0005802', 'GO:0009897', 'GO:0032593']","['GO:0055056', 'GO:0015304']"
SLC2A7,"['GO:0015755', 'GO:0070837', 'GO:1904659', 'GO:0008645']","['GO:0016324', 'GO:0005886']","['GO:0051119', 'GO:0055056', 'GO:0005353']"
SLC30A7,"['GO:0006882', 'GO:1904257']","['GO:1990674', 'GO:0005739', 'GO:0005794', 'GO:0031982', 'GO:0000139', 'GO:0005737', 'GO:0031410', 'GO:0033017', 'GO:0048471']","['GO:0042802', 'GO:0005385']"
SLC35A4,"['GO:1901857', 'GO:0006493', 'GO:0032056', 'GO:0055085']","['GO:0005739', 'GO:0005794', 'GO:0005743', 'GO:0000139']","['GO:0022857', 'GO:0015218', 'GO:0015165']"
SLC35F1,[],['GO:0030672'],['GO:0022857']
SLC35F2,"['GO:0160254', 'GO:0160255']",['GO:0005886'],['GO:0022857']
SLC35F3,['GO:0015888'],['GO:0016020'],[]
SLC35G1,"['GO:1990034', 'GO:0051480']","['GO:0005789', 'GO:0005886']",[]
SLC39A3,"['GO:0048701', 'GO:0000902', 'GO:0001701', 'GO:0060173', 'GO:0043029', 'GO:0071577']","['GO:0016324', 'GO:0005886', 'GO:0098686']",['GO:0005385']
SLC39A7,"['GO:0006882', 'GO:0098773', 'GO:0030183', 'GO:0110075', 'GO:0071577']","['GO:0005654', 'GO:0005789', 'GO:0005794', 'GO:0016020', 'GO:0005783']",['GO:0005385']
SLC4A7,"['GO:0006164', 'GO:0060117', 'GO:0015701', 'GO:0051453', 'GO:0071363', 'GO:0090383', 'GO:0055085', 'GO:0006221']","['GO:0016324', 'GO:0016323', 'GO:0032420', 'GO:0005886', 'GO:0016020']","['GO:0005452', 'GO:0008509', 'GO:0008510']"
SLC4A9,"['GO:0046541', 'GO:0015701', 'GO:0035725', 'GO:0051453', 'GO:0055085']","['GO:0016323', 'GO:0045177', 'GO:0005886']","['GO:0140892', 'GO:0140900', 'GO:0008510']"
SLC6A12,"['GO:0031460', 'GO:0015812', 'GO:0035725', 'GO:0015718', 'GO:0051936', 'GO:0006865']","['GO:0016323', 'GO:0042995', 'GO:0098793', 'GO:0005886', 'GO:0016020']","['GO:0015171', 'GO:0008028', 'GO:0005332']"
SLC7A8,"['GO:0150104', 'GO:0015820', 'GO:1903801', 'GO:0015804', 'GO:0015827', 'GO:0089718', 'GO:0070327', 'GO:0035524', 'GO:0003333', 'GO:1904273', 'GO:0015816', 'GO:0015829', 'GO:0006865']","['GO:0031528', 'GO:0009925', 'GO:0016324', 'GO:0016323', 'GO:0005886']","['GO:0046982', 'GO:0015187', 'GO:0015175', 'GO:0015179', 'GO:0015190', 'GO:0015171', 'GO:0015297', 'GO:0015180', 'GO:0019534', 'GO:0015349', 'GO:0042605']"
SLCO1A2,"['GO:0015711', 'GO:0006805', 'GO:0015721', 'GO:0006811', 'GO:0043252']","['GO:0016324', 'GO:0016323', 'GO:0009925', 'GO:0005886']","['GO:0022857', 'GO:0015125']"
SLCO1B1,"['GO:0042167', 'GO:0015711', 'GO:0006805', 'GO:0015721', 'GO:0006811', 'GO:0043252']","['GO:0016323', 'GO:0009925', 'GO:0005886', 'GO:0016020']","['GO:0015132', 'GO:0015125', 'GO:0015349']"
SLCO2B1,"['GO:0150104', 'GO:0042167', 'GO:0015711', 'GO:0006805', 'GO:0015721', 'GO:0006811', 'GO:0055085', 'GO:0043252']","['GO:0016324', 'GO:0016323', 'GO:0009925', 'GO:0005886']","['GO:0022857', 'GO:0015132', 'GO:0015125']"
SMARCD3,"['GO:2000045', 'GO:0045663', 'GO:0045582', 'GO:0070316', 'GO:0003407', 'GO:0030071', 'GO:2000781', 'GO:0003139', 'GO:0045597', 'GO:0003219', 'GO:0006357', 'GO:0042692', 'GO:0010971', 'GO:0006338', 'GO:2000819', 'GO:0006337', 'GO:0002052', 'GO:0007399', 'GO:0051152', 'GO:0045893']","['GO:0000785', 'GO:0005737', 'GO:0016514', 'GO:0005634', 'GO:0035060', 'GO:0071564', 'GO:0005654', 'GO:0071565']","['GO:0003682', 'GO:0016922', 'GO:0005102', 'GO:0140297', 'GO:0003713', 'GO:0003712', 'GO:0001221']"
SMPD2,"['GO:0035556', 'GO:0046513', 'GO:0009612', 'GO:0030149', 'GO:0006685', 'GO:0006684']","['GO:0071944', 'GO:0005901', 'GO:0005886', 'GO:0005783']","['GO:0046872', 'GO:0008081', 'GO:0004767']"
SOAT1,"['GO:0010878', 'GO:0033344', 'GO:0042632', 'GO:0034379', 'GO:0034383', 'GO:0042986', 'GO:0008203', 'GO:0010742']","['GO:0005789', 'GO:0016020', 'GO:0005783']","['GO:0042802', 'GO:0034736', 'GO:0004772', 'GO:0015485', 'GO:0000062']"
SOAT2,"['GO:0045797', 'GO:0030299', 'GO:0010878', 'GO:0033344', 'GO:0042632', 'GO:0034379', 'GO:0034383', 'GO:0008203', 'GO:0010742']","['GO:0005903', 'GO:0005789', 'GO:0005783']","['GO:0034736', 'GO:0016746', 'GO:0004772', 'GO:0015485', 'GO:0000062']"
SORCS2,"['GO:0006886', 'GO:0007218', 'GO:0060292']","['GO:0043197', 'GO:0043204', 'GO:0055038', 'GO:0031901', 'GO:0005829', 'GO:0098839', 'GO:0016020']",['GO:0008188']
SPINT2,"['GO:0022408', 'GO:0001843', 'GO:2000178', 'GO:0071773', 'GO:0007163', 'GO:2000146', 'GO:0071711']","['GO:0005576', 'GO:0005794', 'GO:0005737', 'GO:0005886', 'GO:0016020']","['GO:0004867', 'GO:0004866']"
SPTLC1,"['GO:1904504', 'GO:0006686', 'GO:0006665', 'GO:0030148', 'GO:0046512', 'GO:0046513', 'GO:1904649']","['GO:0005789', 'GO:0017059', 'GO:0005783']","['GO:0030170', 'GO:0004758']"
SPTLC2,"['GO:0006686', 'GO:0030148', 'GO:0046512', 'GO:0060612', 'GO:0046513', 'GO:1904504']","['GO:0005789', 'GO:0017059']","['GO:0030170', 'GO:0004758']"
SPTLC3,"['GO:0046520', 'GO:0030148', 'GO:0046513', 'GO:0046512']","['GO:0005789', 'GO:0017059']","['GO:0030170', 'GO:0004758']"
SQLE,"['GO:0006695', 'GO:1904614', 'GO:0016126', 'GO:0042127', 'GO:0140042']","['GO:0043231', 'GO:0005789', 'GO:0016020', 'GO:0005783']","['GO:0004506', 'GO:0071949']"
SREBF1,"['GO:1901524', 'GO:0009749', 'GO:0033762', 'GO:0006695', 'GO:0003062', 'GO:0007584', 'GO:0042789', 'GO:0008610', 'GO:0032570', 'GO:0046676', 'GO:0032094', 'GO:0009410', 'GO:0010867', 'GO:0045471', 'GO:0009750', 'GO:0030073', 'GO:0090209', 'GO:0006357', 'GO:0019217', 'GO:0071398', 'GO:0045444', 'GO:0007623', 'GO:0030324', 'GO:0045944', 'GO:0000122', 'GO:0009267', 'GO:0032933', 'GO:0008286', 'GO:0006629', 'GO:0045542', 'GO:1902895', 'GO:0031647', 'GO:0051591', 'GO:0032526']","['GO:0032991', 'GO:0005829', 'GO:0012507', 'GO:0000785', 'GO:0005737', 'GO:0005634', 'GO:0005635', 'GO:0005789', 'GO:0000139', 'GO:0005654', 'GO:0005783']","['GO:0046983', 'GO:0044877', 'GO:0019901', 'GO:0003682', 'GO:0004879', 'GO:1990837', 'GO:0001228', 'GO:0003677', 'GO:0000981', 'GO:0000977', 'GO:0000978', 'GO:0032810', 'GO:0003700', 'GO:0001221']"
SREBF2,"['GO:1901524', 'GO:0042632', 'GO:0071499', 'GO:0090370', 'GO:1900222', 'GO:0010886', 'GO:0045944', 'GO:0008203', 'GO:0000122', 'GO:0009267', 'GO:0032933', 'GO:0008593', 'GO:0006629', 'GO:0071404', 'GO:0045542', 'GO:1902895']","['GO:0005829', 'GO:0012507', 'GO:0000785', 'GO:0005737', 'GO:0005634', 'GO:0032937', 'GO:0005789', 'GO:0000139', 'GO:0005654', 'GO:0005783']","['GO:0046983', 'GO:1990837', 'GO:0000981', 'GO:0070888', 'GO:0000978', 'GO:0001227']"
SRPRB,"['GO:0045047', 'GO:0006617']","['GO:0005785', 'GO:0005789', 'GO:0005737', 'GO:0016020', 'GO:0005881']",['GO:0005525']
STAR,"['GO:0006704', 'GO:0042127', 'GO:0007168', 'GO:0006694', 'GO:0035556', 'GO:0050810', 'GO:0070859', 'GO:0009636', 'GO:0008203', 'GO:0006182', 'GO:0032367']","['GO:0005759', 'GO:0005758', 'GO:0005739', 'GO:0005789', 'GO:0005741', 'GO:0005886']","['GO:0004672', 'GO:0005524', 'GO:0015643', 'GO:0120020', 'GO:0015485', 'GO:0001653', 'GO:0004383', 'GO:0005525']"
STARD13,"['GO:0043542', 'GO:0030036', 'GO:0090051', 'GO:0007165', 'GO:0097498', 'GO:0035023', 'GO:0051056', 'GO:1903671']","['GO:0005811', 'GO:0031966', 'GO:0005829']","['GO:0008289', 'GO:0005096']"
STARD4,"['GO:0010879', 'GO:0070859', 'GO:0090205', 'GO:0070508', 'GO:0032367']","['GO:0005737', 'GO:0005829', 'GO:0031410', 'GO:0005783']","['GO:0120020', 'GO:0015485']"
STAT3,"['GO:0032733', 'GO:0032870', 'GO:0042127', 'GO:0042789', 'GO:0045471', 'GO:0050804', 'GO:0033210', 'GO:0060396', 'GO:0045648', 'GO:1900037', 'GO:0006357', 'GO:0046902', 'GO:0007165', 'GO:0043434', 'GO:0060221', 'GO:0001666', 'GO:0010730', 'GO:0043491', 'GO:0045766', 'GO:0000122', 'GO:2001171', 'GO:0045820', 'GO:0010628', 'GO:1902895', 'GO:0072540', 'GO:0002931', 'GO:0106015', 'GO:0140105', 'GO:1905564', 'GO:0035723', 'GO:0097696', 'GO:0038113', 'GO:0007179', 'GO:0038110', 'GO:0097398', 'GO:0010575', 'GO:0072538', 'GO:0040014', 'GO:2000635', 'GO:0010629', 'GO:0044320', 'GO:0043124', 'GO:0001659', 'GO:0032757', 'GO:0038154', 'GO:0048708', 'GO:2000737', 'GO:0042593', 'GO:0006952', 'GO:1900016', 'GO:0030335', 'GO:0090091', 'GO:0007399', 'GO:0010507', 'GO:1900017', 'GO:0008283', 'GO:0070102', 'GO:0019221', 'GO:0032760', 'GO:0006355', 'GO:0038155', 'GO:1902728', 'GO:0030522', 'GO:0060397', 'GO:0006953', 'GO:0042755', 'GO:0043123', 'GO:0006954', 'GO:0060259', 'GO:0032355', 'GO:0006606', 'GO:0035019', 'GO:0007259', 'GO:0051726', 'GO:0044321', 'GO:0045893', 'GO:0097009', 'GO:0099527', 'GO:0050729', 'GO:0030154', 'GO:0050766', 'GO:2001223', 'GO:0001754', 'GO:0032755', 'GO:0032731', 'GO:0008285', 'GO:0045944', 'GO:0060019', 'GO:0045747']","['GO:0005667', 'GO:0005886', 'GO:0090575', 'GO:0000785', 'GO:0005634', 'GO:0014069', 'GO:0005743', 'GO:0098978', 'GO:0005829', 'GO:0005737', 'GO:0005654', 'GO:0098685']","['GO:0003723', 'GO:0005102', 'GO:0042803', 'GO:0019901', 'GO:0004879', 'GO:0035259', 'GO:0061629', 'GO:0106222', 'GO:0000981', 'GO:0046983', 'GO:0140610', 'GO:0035591', 'GO:0001228', 'GO:0003677', 'GO:0140297', 'GO:0070878', 'GO:0042802', 'GO:0003700', 'GO:0019903', 'GO:0140311', 'GO:0031730', 'GO:0000976', 'GO:0031490', 'GO:0000978']"
STC1,"['GO:0003421', 'GO:0010596', 'GO:0001886', 'GO:0090280', 'GO:0071456', 'GO:0060348', 'GO:0046697', 'GO:0007566', 'GO:0030336', 'GO:0033280', 'GO:0006874', 'GO:0051926', 'GO:0086004', 'GO:0001503', 'GO:0071385', 'GO:0035988', 'GO:0044070', 'GO:1903403', 'GO:0071320']","['GO:0005737', 'GO:0005634', 'GO:0016324']","['GO:0042802', 'GO:0005179']"
STIP1,['GO:0098761'],"['GO:0032991', 'GO:0101031', 'GO:0120293', 'GO:0005794', 'GO:0005829', 'GO:0005634']","['GO:0051879', 'GO:0003723']"
STK11,"['GO:0007283', 'GO:0010212', 'GO:1901610', 'GO:0001894', 'GO:0001558', 'GO:0097484', 'GO:0010508', 'GO:0072332', 'GO:0051896', 'GO:0045059', 'GO:0090090', 'GO:0007409', 'GO:0070314', 'GO:0043276', 'GO:0030010', 'GO:1904262', 'GO:0050772', 'GO:0006974', 'GO:1901796', 'GO:0120163', 'GO:0018107', 'GO:0048814', 'GO:0042593', 'GO:0007165', 'GO:0006470', 'GO:0032147', 'GO:0008285', 'GO:0051645', 'GO:0030308', 'GO:1900182', 'GO:0046777', 'GO:0030511', 'GO:0006468', 'GO:0050852', 'GO:0006914', 'GO:0071493', 'GO:0060770', 'GO:0051726', 'GO:0030111', 'GO:0034504', 'GO:0001944']","['GO:0005813', 'GO:0005929', 'GO:1902554', 'GO:0005829', 'GO:0070062', 'GO:0005737', 'GO:0140535', 'GO:0005634', 'GO:0005739', 'GO:0016020', 'GO:0005654']","['GO:0106310', 'GO:0005524', 'GO:0030275', 'GO:0030295', 'GO:0004674', 'GO:0000287', 'GO:0002039']"
STS,"['GO:0007565', 'GO:0006706', 'GO:0008544']","['GO:0005768', 'GO:0005789', 'GO:0005794', 'GO:0043231', 'GO:0005886', 'GO:0005764', 'GO:0016020', 'GO:0005788', 'GO:0005783']","['GO:0046872', 'GO:0008484', 'GO:0004773', 'GO:0004065']"
SYVN1,"['GO:0050821', 'GO:0043161', 'GO:0030970', 'GO:1902236', 'GO:0070936', 'GO:0016567', 'GO:0036503', 'GO:0006511', 'GO:1904380', 'GO:0002327']","['GO:0000839', 'GO:0044322', 'GO:0005790', 'GO:0012505', 'GO:0005789', 'GO:0016020', 'GO:0000836', 'GO:0005654', 'GO:0036513', 'GO:0005783']","['GO:0008270', 'GO:0051082', 'GO:0061630', 'GO:0140297', 'GO:1990381', 'GO:0051117', 'GO:0051087']"
TBL1X,"['GO:0043161', 'GO:0006357', 'GO:0007605', 'GO:0045944', 'GO:0090263', 'GO:0000122', 'GO:0050821', 'GO:0006508', 'GO:0045893']","['GO:0005654', 'GO:0000118', 'GO:0017053', 'GO:0005634', 'GO:0072686']","['GO:0042802', 'GO:0042393', 'GO:0003714', 'GO:0000976']"
TBL1XR1,"['GO:0002021', 'GO:0035264', 'GO:0050872', 'GO:0060613', 'GO:0090263', 'GO:0043161', 'GO:0016042', 'GO:0006325', 'GO:0006357', 'GO:0045944', 'GO:0000122', 'GO:0090207', 'GO:0045893']","['GO:0072686', 'GO:0017053', 'GO:0005634', 'GO:0005654', 'GO:0000118']","['GO:0042393', 'GO:0000976', 'GO:0003714', 'GO:0008013']"
TBP,"['GO:0060261', 'GO:0007283', 'GO:0042789', 'GO:0006366', 'GO:0006367', 'GO:0051123', 'GO:0006352', 'GO:0006383']","['GO:0032991', 'GO:0001673', 'GO:0001939', 'GO:0005829', 'GO:0005668', 'GO:0000785', 'GO:0005634', 'GO:0001940', 'GO:0005672', 'GO:0005654', 'GO:0000791', 'GO:0005669']","['GO:0000976', 'GO:0001046', 'GO:0001091', 'GO:0000995', 'GO:0019899', 'GO:0140297', 'GO:0000979', 'GO:0001093', 'GO:0016251', 'GO:0001164', 'GO:0000978', 'GO:0017162']"
TCEB2,"['GO:0032436', 'GO:0006368', 'GO:0016567', 'GO:0140627', 'GO:0065003', 'GO:0140958', 'GO:0006367']","['GO:0005654', 'GO:0070449', 'GO:0031466', 'GO:0031462', 'GO:0030891', 'GO:0005829']","['GO:0031625', 'GO:0001222']"
TCF3,"['GO:2000045', 'GO:0030890', 'GO:0006355', 'GO:0030183', 'GO:0006325', 'GO:0006357', 'GO:0033152', 'GO:0002326', 'GO:0045944', 'GO:0000122', 'GO:0045787', 'GO:0007399', 'GO:0030111', 'GO:0045666', 'GO:0060070', 'GO:0045893']","['GO:0032991', 'GO:0090575', 'GO:0005829', 'GO:0005667', 'GO:0000785', 'GO:0005737', 'GO:0005634', 'GO:0005654', 'GO:1990907', 'GO:0000791']","['GO:0046982', 'GO:0070644', 'GO:0031435', 'GO:0042803', 'GO:1990837', 'GO:0000987', 'GO:0001228', 'GO:0061629', 'GO:0043425', 'GO:0003677', 'GO:0140297', 'GO:0000981', 'GO:0070888', 'GO:0000978', 'GO:0001227', 'GO:0003700']"
TCTN3,"['GO:0043065', 'GO:0060271', 'GO:0006915', 'GO:0007224']","['GO:0005634', 'GO:0060170']",[]
TERT,"['GO:0001172', 'GO:1904751', 'GO:0046686', 'GO:0071456', 'GO:0006278', 'GO:0042635', 'GO:0043524', 'GO:0000722', 'GO:0071897', 'GO:0022616', 'GO:2000648', 'GO:2000773', 'GO:0007507', 'GO:0007005', 'GO:1900087', 'GO:0140745', 'GO:1903620', 'GO:0000723', 'GO:2001240', 'GO:0045766', 'GO:0006606', 'GO:2000352', 'GO:1904754', 'GO:0030422', 'GO:0046326', 'GO:0007004', 'GO:0070200', 'GO:1904707', 'GO:1902895', 'GO:0090399', 'GO:0030177', 'GO:0031647']","['GO:0000333', 'GO:0000783', 'GO:0005829', 'GO:0000781', 'GO:0016605', 'GO:0031379', 'GO:0005634', 'GO:0042645', 'GO:0016607', 'GO:0005886', 'GO:0005730', 'GO:0005697', 'GO:0005654', 'GO:1990572']","['GO:0001223', 'GO:0000049', 'GO:0098680', 'GO:0042162', 'GO:0042803', 'GO:0003720', 'GO:0003723', 'GO:0003677', 'GO:0003968', 'GO:0003964', 'GO:0042802', 'GO:0046872', 'GO:0070034', 'GO:0051087']"
TGOLN2,[],"['GO:0005654', 'GO:0005768', 'GO:0005802', 'GO:0005794', 'GO:0030669', 'GO:0030133', 'GO:0005886', 'GO:0005788', 'GO:0030140']",[]
TGS1,"['GO:0000387', 'GO:0022613', 'GO:0036261']","['GO:0005654', 'GO:0015030', 'GO:0005737', 'GO:0030532', 'GO:0005829', 'GO:0005634', 'GO:0005730']","['GO:0008173', 'GO:0071164']"
THRSP,"['GO:0006629', 'GO:0009617', 'GO:0046890', 'GO:0010866']","['GO:0005654', 'GO:0005829']","['GO:0042802', 'GO:0140678', 'GO:0042803']"
TM7SF2,"['GO:0006695', 'GO:0033490']","['GO:0005637', 'GO:0043235', 'GO:0005789', 'GO:0005886', 'GO:0005783']","['GO:0050613', 'GO:0050661']"
TMEM173,"['GO:0002221', 'GO:0045087', 'GO:0032728', 'GO:0050727', 'GO:0051607', 'GO:0140374', 'GO:0070972', 'GO:0071360', 'GO:0032481', 'GO:0140896', 'GO:0016239', 'GO:0060340', 'GO:0045944', 'GO:0061709', 'GO:0002218', 'GO:0002230', 'GO:0035458', 'GO:0002753', 'GO:0051259', 'GO:0000045']","['GO:0005768', 'GO:0005929', 'GO:0000421', 'GO:0030667', 'GO:1902554', 'GO:0005829', 'GO:0036064', 'GO:0030659', 'GO:0005789', 'GO:0033116', 'GO:0005741', 'GO:0000139', 'GO:0005886', 'GO:0005777', 'GO:0048471', 'GO:0005654', 'GO:0005776']","['GO:0031625', 'GO:0035438', 'GO:0042803', 'GO:0035591', 'GO:0019901', 'GO:0061629', 'GO:0015252', 'GO:0061507', 'GO:0003713', 'GO:0120283', 'GO:0042802']"
TMEM180,[],['GO:0005886'],[]
TMEM241,"['GO:1990570', 'GO:1990569']",['GO:0005794'],"['GO:0005458', 'GO:0015297', 'GO:0005462']"
TMEM30A,"['GO:0036010', 'GO:0006855', 'GO:0070863', 'GO:0061092', 'GO:0045332', 'GO:0015917', 'GO:0010976']","['GO:0030658', 'GO:0031902', 'GO:1990531', 'GO:0035579', 'GO:0016324', 'GO:0005794', 'GO:0031901', 'GO:0005886', 'GO:0016020', 'GO:0035577', 'GO:0005783']","['GO:0005198', 'GO:0015247']"
TMPRSS11B,['GO:0006508'],"['GO:0005886', 'GO:0070062']","['GO:0008236', 'GO:0004252']"
TMUB1,['GO:0036503'],"['GO:0005813', 'GO:0045211', 'GO:0055037', 'GO:0005730']",[]
TNF,"['GO:1904999', 'GO:0010744', 'GO:0010459', 'GO:0097527', 'GO:1902065', 'GO:0048661', 'GO:0002037', 'GO:0043406', 'GO:0045471', 'GO:0060664', 'GO:0097191', 'GO:0043068', 'GO:0051044', 'GO:0032715', 'GO:1904646', 'GO:0043242', 'GO:0072577', 'GO:0048143', 'GO:0001666', 'GO:0060693', 'GO:0007254', 'GO:0043491', 'GO:0000122', 'GO:0050966', 'GO:0031642', 'GO:0061048', 'GO:0071803', 'GO:1904707', 'GO:0010628', 'GO:1902895', 'GO:0150078', 'GO:2001234', 'GO:0030198', 'GO:0071300', 'GO:0071222', 'GO:0045760', 'GO:0045785', 'GO:1990268', 'GO:2000343', 'GO:0071346', 'GO:0030316', 'GO:0097421', 'GO:0070374', 'GO:0042311', 'GO:0009410', 'GO:0003009', 'GO:0090594', 'GO:0071677', 'GO:0010888', 'GO:0051798', 'GO:0001934', 'GO:0001819', 'GO:0150129', 'GO:0010629', 'GO:0031622', 'GO:0043124', 'GO:0032757', 'GO:0072659', 'GO:0009750', 'GO:0071316', 'GO:0045840', 'GO:0001937', 'GO:1903078', 'GO:0046330', 'GO:1900222', 'GO:0003085', 'GO:0036005', 'GO:0150103', 'GO:0031334', 'GO:1903140', 'GO:0032729', 'GO:2000334', 'GO:0051222', 'GO:0045598', 'GO:0008630', 'GO:0045429', 'GO:0001975', 'GO:0043243', 'GO:1900017', 'GO:0045071', 'GO:0051897', 'GO:0046677', 'GO:2000573', 'GO:0002639', 'GO:0071230', 'GO:0009615', 'GO:0006959', 'GO:0046325', 'GO:0050807', 'GO:0051966', 'GO:0014823', 'GO:0008625', 'GO:0035900', 'GO:0002281', 'GO:0009651', 'GO:2000347', 'GO:0097237', 'GO:0034116', 'GO:0050806', 'GO:2000377', 'GO:1904638', 'GO:0043123', 'GO:1904880', 'GO:0010573', 'GO:0043065', 'GO:0006954', 'GO:0006955', 'GO:0001774', 'GO:0007623', 'GO:0045732', 'GO:0050890', 'GO:2001238', 'GO:0050768', 'GO:0071479', 'GO:0045672', 'GO:2000351', 'GO:0090324', 'GO:0007259', 'GO:1901647', 'GO:0050796', 'GO:1903347', 'GO:1905235', 'GO:0060252', 'GO:0045662', 'GO:2000010', 'GO:0043410', 'GO:0045893', 'GO:0051384', 'GO:0000209', 'GO:0043525', 'GO:0061044', 'GO:0045892', 'GO:1904996', 'GO:0002439', 'GO:0140460', 'GO:0050729', 'GO:0043537', 'GO:0050901', 'GO:0002719', 'GO:0033209', 'GO:1902565', 'GO:0050995', 'GO:0034138', 'GO:0006006', 'GO:0140374', 'GO:0032755', 'GO:0048566', 'GO:0007249', 'GO:0032724', 'GO:0032731', 'GO:0070886', 'GO:0050830', 'GO:2001240', 'GO:0032722', 'GO:0060557', 'GO:0045930', 'GO:0045599', 'GO:1905242', 'GO:0120190', 'GO:0043122', 'GO:0043507', 'GO:0045944', 'GO:0048255', 'GO:0019722', 'GO:1902894', 'GO:0032741', 'GO:1902004', 'GO:0045668', 'GO:0051402', 'GO:0031667', 'GO:1901224']","['GO:0005886', 'GO:0055037', 'GO:0001891', 'GO:0009897', 'GO:0043025', 'GO:0045121', 'GO:0005576', 'GO:0009986']","['GO:0038177', 'GO:0005164', 'GO:0005125', 'GO:0002020', 'GO:0042802', 'GO:0048018', 'GO:0000976', 'GO:0140072']"
TOP2A,"['GO:0042752', 'GO:0048511', 'GO:0045870', 'GO:0030263', 'GO:0040016', 'GO:0000819', 'GO:0006325', 'GO:0002244', 'GO:0006974', 'GO:0043065', 'GO:0045944', 'GO:0006265', 'GO:0007059', 'GO:0007143', 'GO:0000712']","['GO:0032991', 'GO:0009330', 'GO:0001673', 'GO:1990904', 'GO:0000775', 'GO:0005737', 'GO:0005634', 'GO:0000793', 'GO:0005730', 'GO:0005654']","['GO:0046982', 'GO:0043130', 'GO:0005524', 'GO:0042803', 'GO:0003682', 'GO:0005080', 'GO:0003723', 'GO:0003918', 'GO:0008094', 'GO:0003677', 'GO:0000287', 'GO:0008301']"
TOP2B,"['GO:0090398', 'GO:0001764', 'GO:0045870', 'GO:0007409', 'GO:0030183', 'GO:0000819', 'GO:0030900', 'GO:0070301', 'GO:2001034', 'GO:0006265', 'GO:0071318', 'GO:0000712']","['GO:1990904', 'GO:0005829', 'GO:0005634', 'GO:0005730', 'GO:0005654']","['GO:0005524', 'GO:0003682', 'GO:0003918', 'GO:0003677', 'GO:0043021', 'GO:0046872']"
TP53,"['GO:2000774', 'GO:0035264', 'GO:0060218', 'GO:0071456', 'GO:1905856', 'GO:0060411', 'GO:0009303', 'GO:0016032', 'GO:0006983', 'GO:0006974', 'GO:0006357', 'GO:0030330', 'GO:0009299', 'GO:0045815', 'GO:0007369', 'GO:0060253', 'GO:2000378', 'GO:0000122', 'GO:1902108', 'GO:0071494', 'GO:0043504', 'GO:0006289', 'GO:0010628', 'GO:1902895', 'GO:0090399', 'GO:0002931', 'GO:0008104', 'GO:0035794', 'GO:0007405', 'GO:0065003', 'GO:0007179', 'GO:0048512', 'GO:0010332', 'GO:0070245', 'GO:0010659', 'GO:0002309', 'GO:2001244', 'GO:0043153', 'GO:0045861', 'GO:0030512', 'GO:1903451', 'GO:0007265', 'GO:0071480', 'GO:0000423', 'GO:0034644', 'GO:0006914', 'GO:0007406', 'GO:0048539', 'GO:0043516', 'GO:0072593', 'GO:0014009', 'GO:0042771', 'GO:0010165', 'GO:0090398', 'GO:0001701', 'GO:0060333', 'GO:0046677', 'GO:0050821', 'GO:0002360', 'GO:0051262', 'GO:0043066', 'GO:0006355', 'GO:0009651', 'GO:0071466', 'GO:0008156', 'GO:2000647', 'GO:0090403', 'GO:0043065', 'GO:1990144', 'GO:0048147', 'GO:0097193', 'GO:0062100', 'GO:0002326', 'GO:0070242', 'GO:2000269', 'GO:0090200', 'GO:0001756', 'GO:0006606', 'GO:0048568', 'GO:0071479', 'GO:0070266', 'GO:0008340', 'GO:0010666', 'GO:0051276', 'GO:0048144', 'GO:0072717', 'GO:0072331', 'GO:0042981', 'GO:0042149', 'GO:0051726', 'GO:0051097', 'GO:0045893', 'GO:0072089', 'GO:0043525', 'GO:0045892', 'GO:0021549', 'GO:0072332', 'GO:2000379', 'GO:0034103', 'GO:0045899', 'GO:0033209', 'GO:0001836', 'GO:0097252', 'GO:0006302', 'GO:0002244', 'GO:0033077', 'GO:1902749', 'GO:1903799', 'GO:0008285', 'GO:0030308', 'GO:0045944', 'GO:0031571', 'GO:1901525', 'GO:0032211', 'GO:0051402', 'GO:0070059', 'GO:1900119']","['GO:0005813', 'GO:0005667', 'GO:0035861', 'GO:0000785', 'GO:0005634', 'GO:0032991', 'GO:0016605', 'GO:0005657', 'GO:0005783', 'GO:0005759', 'GO:0005829', 'GO:0005737', 'GO:0017053', 'GO:0005739', 'GO:0005730', 'GO:0005654', 'GO:0016363']","['GO:0046982', 'GO:0019899', 'GO:0071889', 'GO:0036310', 'GO:0097718', 'GO:0051721', 'GO:0001223', 'GO:0030971', 'GO:0008270', 'GO:0001046', 'GO:0042826', 'GO:0061629', 'GO:0000981', 'GO:0051087', 'GO:0002020', 'GO:0003682', 'GO:0001228', 'GO:0003677', 'GO:0001094', 'GO:0042802', 'GO:0005507', 'GO:0003700', 'GO:0097371', 'GO:0031625', 'GO:0140677', 'GO:0000976', 'GO:0000987', 'GO:0140693', 'GO:1990841', 'GO:0035033', 'GO:0000978', 'GO:0001227', 'GO:0140296', 'GO:0002039', 'GO:0003730']"
TPI1,"['GO:0019242', 'GO:0046166', 'GO:0019563', 'GO:0061621', 'GO:0006094', 'GO:0006096']","['GO:0005829', 'GO:0005634', 'GO:0070062']","['GO:0004807', 'GO:0031625', 'GO:0042803', 'GO:0008929']"
TRAPPC12,"['GO:0048208', 'GO:0007030', 'GO:1905342', 'GO:0090234', 'GO:0006888', 'GO:0099022', 'GO:0051310']","['GO:0000776', 'GO:0005654', 'GO:0005793', 'GO:0005794', 'GO:0005737', 'GO:1990072', 'GO:0005829', 'GO:0030008', 'GO:0005634']",[]
TRAPPC13,"['GO:0006901', 'GO:0099022', 'GO:0006888']","['GO:1990071', 'GO:1990072', 'GO:0005737', 'GO:0005829']",[]
TRAPPC5,"['GO:0048208', 'GO:0006901', 'GO:0099022', 'GO:0006888']","['GO:1990071', 'GO:1990070', 'GO:0005737', 'GO:1990072', 'GO:0005829', 'GO:0030008', 'GO:0005783']",[]
TRIB1,"['GO:0048662', 'GO:0046329', 'GO:0014912', 'GO:0045659', 'GO:0032436', 'GO:0043409', 'GO:0045651', 'GO:0000122', 'GO:0031665', 'GO:0045645', 'GO:0043405', 'GO:0032496']","['GO:0005829', 'GO:0005737', 'GO:0005634']","['GO:0031625', 'GO:0031434', 'GO:0019901', 'GO:0061629', 'GO:0004860', 'GO:0140416', 'GO:0055106']"
TRIM2,"['GO:0043161', 'GO:0043523', 'GO:1990830', 'GO:0000209']",['GO:0005737'],"['GO:0061630', 'GO:0008270', 'GO:0004842']"
TRIM33,"['GO:0045892', 'GO:0016567', 'GO:0030514', 'GO:0017015', 'GO:0000122']","['GO:0005654', 'GO:0000785', 'GO:0005634']","['GO:0003677', 'GO:0061630', 'GO:0070412', 'GO:0070410', 'GO:0008270', 'GO:0004842']"
TRIM67,"['GO:2000060', 'GO:0046580', 'GO:0032880', 'GO:0010976']","['GO:0005856', 'GO:0005737']",['GO:0008270']
TRIT1,"['GO:0006400', 'GO:0070900']","['GO:0005739', 'GO:0005759']","['GO:0052381', 'GO:0008270', 'GO:0005524', 'GO:0003676']"
TST,"['GO:0051029', 'GO:0030855', 'GO:0035928', 'GO:0000098', 'GO:0009440']","['GO:0005739', 'GO:0005759']","['GO:0008097', 'GO:0016784', 'GO:0004792']"
UBC,"['GO:0016567', 'GO:0019941']","['GO:0005654', 'GO:0030666', 'GO:0005789', 'GO:0010008', 'GO:0005741', 'GO:0005737', 'GO:0031982', 'GO:0005829', 'GO:0005886', 'GO:0005634', 'GO:0070062']","['GO:0031386', 'GO:0031625', 'GO:0003723']"
UBE2G2,"['GO:0070936', 'GO:0036503', 'GO:1904153', 'GO:0035458', 'GO:0006511', 'GO:0000209']","['GO:0005811', 'GO:0005829', 'GO:0005783']","['GO:0042802', 'GO:0004842', 'GO:0005524', 'GO:0061631']"
UBIAD1,"['GO:0042371', 'GO:0009234', 'GO:0006744', 'GO:0042373']","['GO:0031966', 'GO:0005789', 'GO:0000139', 'GO:0005737', 'GO:0005634', 'GO:0016020', 'GO:0005783']","['GO:0008412', 'GO:0016209', 'GO:0004659', 'GO:0120566']"
UCP1,"['GO:1903426', 'GO:0032870', 'GO:0009409', 'GO:1903495', 'GO:0050873', 'GO:1902600', 'GO:0006357', 'GO:0071398', 'GO:0034614', 'GO:0002024', 'GO:0070417', 'GO:0009266', 'GO:0120162', 'GO:1990542', 'GO:0031667', 'GO:1990845']","['GO:0005739', 'GO:0005743']","['GO:0022857', 'GO:0017077', 'GO:0019003', 'GO:0032555', 'GO:1901612', 'GO:0036041', 'GO:0015078', 'GO:0005525']"
UCP2,"['GO:0071284', 'GO:0110099', 'GO:0009409', 'GO:0097421', 'GO:0000303', 'GO:0061179', 'GO:0043524', 'GO:0006096', 'GO:0071333', 'GO:0071548', 'GO:0070542', 'GO:0006541', 'GO:1902600', 'GO:0032869', 'GO:0051881', 'GO:0001666', 'GO:0015909', 'GO:0000266', 'GO:0120162', 'GO:1990542', 'GO:0015740', 'GO:0034198', 'GO:0030225', 'GO:1990845', 'GO:0072593']","['GO:0005739', 'GO:0005743']","['GO:0017077', 'GO:0015183', 'GO:0015131', 'GO:0008271', 'GO:0042803', 'GO:0015108', 'GO:0019003', 'GO:0015140', 'GO:0015297', 'GO:0015078', 'GO:0140787']"
UFD1,"['GO:0043161', 'GO:0001501', 'GO:0036503', 'GO:0030970', 'GO:0071218', 'GO:0039536', 'GO:0006511', 'GO:0032480']","['GO:0005654', 'GO:0036501', 'GO:0034098', 'GO:0005829', 'GO:0005634']","['GO:0031593', 'GO:0036435', 'GO:0004843']"
UGCG,"['GO:1903575', 'GO:0006688', 'GO:0048666', 'GO:0009966', 'GO:0061436', 'GO:0030216', 'GO:0006497', 'GO:0098856', 'GO:0033210', 'GO:0008544', 'GO:0030154', 'GO:0006679']","['GO:0000139', 'GO:0016020']",['GO:0008120']
UNC93B1,"['GO:0002224', 'GO:0000902', 'GO:0019886', 'GO:0002457', 'GO:0045087', 'GO:0034138', 'GO:0051607', 'GO:0034154', 'GO:0032755', 'GO:0034162', 'GO:0032735', 'GO:0006886']","['GO:0005768', 'GO:0005764', 'GO:0005789', 'GO:0000139', 'GO:0032009', 'GO:0005783']",['GO:0035325']
UNK,"['GO:2000766', 'GO:0001701', 'GO:0001764', 'GO:0048667']",['GO:0005737'],"['GO:1990715', 'GO:0008270', 'GO:0043022', 'GO:0003723']"
USP20,"['GO:0016579', 'GO:0010508', 'GO:0043124', 'GO:0140374', 'GO:0006897', 'GO:0008277', 'GO:0070536', 'GO:0007399', 'GO:0071108', 'GO:0006508']","['GO:0005813', 'GO:0005829', 'GO:0005737', 'GO:0048471', 'GO:0005783']","['GO:0008270', 'GO:0004843', 'GO:0001664', 'GO:0004197']"
VCAM1,"['GO:0035924', 'GO:0009308', 'GO:0010212', 'GO:0034113', 'GO:0060945', 'GO:0007584', 'GO:0007155', 'GO:0071356', 'GO:0060326', 'GO:0030183', 'GO:0050901', 'GO:0045471', 'GO:0002544', 'GO:1904646', 'GO:0060384', 'GO:0033631', 'GO:0006954', 'GO:0007159', 'GO:0010043', 'GO:0007157', 'GO:0001666', 'GO:0042102', 'GO:0022614', 'GO:0035094', 'GO:0007160', 'GO:0032496']","['GO:0071065', 'GO:0009986', 'GO:0070062', 'GO:0005783', 'GO:0030175', 'GO:0005794', 'GO:0005886', 'GO:0042383', 'GO:0045177', 'GO:0005769', 'GO:0002102', 'GO:0009897', 'GO:0005902']","['GO:0005178', 'GO:0098631', 'GO:0050839', 'GO:0008131']"
VCP,"['GO:0036297', 'GO:0045879', 'GO:0043161', 'GO:0030970', 'GO:0120186', 'GO:0070842', 'GO:0006888', 'GO:0006974', 'GO:0036503', 'GO:0019674', 'GO:0072389', 'GO:2001171', 'GO:0035331', 'GO:1903715', 'GO:0035617', 'GO:1903006', 'GO:0006281', 'GO:0019079', 'GO:0045184', 'GO:0061857', 'GO:0006511', 'GO:0031334', 'GO:1903862', 'GO:0006914', 'GO:0016236', 'GO:0090263', 'GO:0050807', 'GO:0010498', 'GO:0106300', 'GO:0030968', 'GO:0097352', 'GO:0032436', 'GO:0034605', 'GO:0016567', 'GO:0045732', 'GO:0010918', 'GO:0046034', 'GO:0042981', 'GO:0032510', 'GO:0006302', 'GO:0019985', 'GO:0051228', 'GO:1905634', 'GO:1903843', 'GO:1901224', 'GO:0071218', 'GO:0140455']","['GO:0097542', 'GO:0043231', 'GO:0036064', 'GO:0005789', 'GO:0034098', 'GO:0035578', 'GO:0010494', 'GO:0035861', 'GO:1904813', 'GO:0070062', 'GO:0005634', 'GO:0000153', 'GO:1990730', 'GO:0036513', 'GO:0032991', 'GO:1904949', 'GO:0098978', 'GO:0005783', 'GO:0005576', 'GO:0000502', 'GO:0005829', 'GO:0035869', 'GO:0005737', 'GO:0034774', 'GO:0048471', 'GO:0005654', 'GO:0005811']","['GO:0003723', 'GO:0044389', 'GO:0005524', 'GO:0043531', 'GO:0016887', 'GO:1990381', 'GO:0036435', 'GO:0019904', 'GO:1904288', 'GO:0042802', 'GO:0019903', 'GO:0031625', 'GO:0031593', 'GO:0140036', 'GO:0035800', 'GO:0042288', 'GO:0008289']"
VIPR1,"['GO:0007189', 'GO:0007188', 'GO:0007186', 'GO:0007187', 'GO:0007166', 'GO:0008284']","['GO:0043235', 'GO:0005886']","['GO:0008528', 'GO:0017046', 'GO:0004999', 'GO:0001634']"
VIPR2,"['GO:0007189', 'GO:0007188', 'GO:0007165', 'GO:0007267', 'GO:0007166']",['GO:0005886'],"['GO:0008528', 'GO:0017046', 'GO:0004999', 'GO:0004930', 'GO:0001634']"
VLDLR,"['GO:1900006', 'GO:0038026', 'GO:0051963', 'GO:0034447', 'GO:0034436', 'GO:0007613', 'GO:0021517', 'GO:0007165', 'GO:0008203', 'GO:0006869', 'GO:0007399', 'GO:0048813', 'GO:0006898']","['GO:0005765', 'GO:0005905', 'GO:0043235', 'GO:0005886', 'GO:0016020', 'GO:0034361', 'GO:0098978']","['GO:0034189', 'GO:0005041', 'GO:0048306', 'GO:0038024', 'GO:0005509', 'GO:0034185', 'GO:0038025', 'GO:0030229']"
VPS51,"['GO:0007030', 'GO:0006605', 'GO:0090119', 'GO:0006914', 'GO:0007041', 'GO:0048854', 'GO:0032456', 'GO:0048193', 'GO:0015031', 'GO:0042147']","['GO:1990745', 'GO:0032588', 'GO:0005794', 'GO:0000938', 'GO:0005829', 'GO:0005730', 'GO:0055037', 'GO:0016020']",[]
WDR97,[],[],[]
XPR1,"['GO:0035435', 'GO:0030643', 'GO:0016036', 'GO:0009615', 'GO:0006817']",['GO:0005886'],"['GO:0000822', 'GO:0015562', 'GO:0005315', 'GO:0001618']"
ZMPSTE24,"['GO:0006508', 'GO:2000772', 'GO:0006998', 'GO:0044029', 'GO:0050688', 'GO:0010506', 'GO:0043007', 'GO:0035264', 'GO:0030500', 'GO:0048538', 'GO:0061337', 'GO:0071586', 'GO:0008360', 'GO:0055013', 'GO:0003229', 'GO:0030282', 'GO:0040014', 'GO:0050905', 'GO:0003417', 'GO:0048145', 'GO:0003231', 'GO:0001942', 'GO:0072423', 'GO:0006281', 'GO:0071480', 'GO:0006925', 'GO:1903799', 'GO:0001889', 'GO:0060307', 'GO:0030327', 'GO:0051604', 'GO:0007628', 'GO:0008340', 'GO:0032006', 'GO:0060993', 'GO:0006629', 'GO:0003007', 'GO:0061762', 'GO:0010906', 'GO:0043516', 'GO:0019216', 'GO:0032350', 'GO:1990036']","['GO:0032991', 'GO:0005637', 'GO:0031902', 'GO:0070062', 'GO:0005789', 'GO:0031901', 'GO:0016020']","['GO:0004175', 'GO:0004222', 'GO:0008235', 'GO:0046872', 'GO:0003690']"
ZNRF4,"['GO:0043161', 'GO:0045786', 'GO:0070433', 'GO:0016567', 'GO:0006511']","['GO:0005789', 'GO:0005737', 'GO:0005783']","['GO:0061630', 'GO:0008270']"
